#taxa	21B.R1.48H	21B.R2.48H	21B.S1.48H	21B.S2.48H	21B.NC.48H	21A.R1.48H	21A.R2.48H	21A.S1.48H	21A.S2.48H	21A.NC.48H	41B.R1.48H	41B.R2.48H	41B.S1.48H	41B.S2.48H	41B.NC.48H	50B.R1.48H	50B.R2.48H	50B.S1.48H	50B.S2.48H	50B.NC.48H	161A.R1.48H	161A.R2.48H	161A.S1.48H	161A.S2.48H	161A.NC.48H	123A.R1.48H	123A.R2.48H	123A.S1.48H	123A.S2.48H	123A.NC.48H	58B.R1.48H	58B.R2.48H	58B.S1.48H	58B.S2.48H	58B.NC.48H	239B.R1.48H	239B.R2.48H	239B.S1.48H	239B.S2.48H	239B.NC.48H	58A.R1.48H	58A.R2.48H	58A.S1.48H	58A.S2.48H	58A.NC.48H	41A.R1.48H	41A.R2.48H	41A.S1.48H	41A.S2.48H	41A.NC.48H	161B.R1.48H	161B.R2.48H	161B.S1.48H	161B.S2.48H	161B.NC.48H	50A.R1.48H	50A.R2.48H	50A.S1.48H	50A.S2.48H	50A.NC.48H	239A.R1.48H	239A.R2.48H	239A.S1.48H	239A.S2.48H	239A.NC.48H	161A.R1.0H	161A.R2.0H	161A.S1.0H	161A.S2.0H	161A.NC.0H	239A.R1.0H	239A.R2.0H	239A.S1.0H	239A.S2.0H	239A.NC.0H	58B.R1.0H	58B.R2.0H	58B.S1.0H	58B.S2.0H	58B.NC.0H	41A.R1.0H	41A.R2.0H	41A.S1.0H	41A.S2.0H	41A.NC.40H	50A.R1.0H	50A.R2.0H	50A.S1.0H	50A.S2.0H	50A.NC.0H	58A.R1.0H	58A.R2.0H	58A.S1.0H	58A.S2.0H	58A.NC.0H	41B.R1.0H	41B.R2.0H	41B.S1.0H	41B.S2.0H	41B.NC.0H	50B.R1.0H	50B.R2.0H	50B.S1.0H	50B.S2.0H	50B.NC.0H	161B.R2.0H	161B.R1.0H	161B.S1.0H	161B.S2.0H	161B.NC.0H	21A.R1.0H	21A.R2.0H	21A.S1.0H	21A.S2.0H	21A.NC.0H	123A.R1.0H	123A.R2.0H	123A.S1.0H	123A.S2.0H	123A.NC.0H	239B.R1.0H	239B.R2.0H	239B.S1.0H	239B.S2.0H	239B.NC.0H	21B.R1.0H	21B.R2.0H	21B.S1.0H	21B.S2.0H	21B.NC.0H
k__Archaea;p__Euryarchaeota;c__Methanobacteria;o__Methanobacteriales;f__Methanobacteriaceae;g__Methanobacterium	0	0	0	0	0	0	0	0	0	0	0	0	0	0	0	0	0	0	0	0	0	0	0	0	0	0	0	0	0	0	0	0	0	0	0	0	0	0	0	0	0	0	0	0	0	0	0	0	0	0	0	0	0	0	0	0	0	0	0	0	0	0	0	0	0	0	0	0	0	0	0	0	0	0	0	0	0	0	0	0	0	0	0	0	0	0	0	0	0	0	0	0	0	11	0	0	0	0	0	0	0	0	0	0	0	0	0	0	0	0	0	0	0	0	0	0	0	0	0	0	0	0	0	0	0	0	0	0	0	0
k__Archaea;p__Euryarchaeota;c__Methanobacteria;o__Methanobacteriales;f__Methanobacteriaceae;g__Methanobrevibacter	0	0	0	0	0	0	0	0	0	0	0	0	86	0	0	0	0	0	0	0	363	0	229	0	352	0	0	0	0	0	0	0	0	0	0	0	0	0	0	0	0	0	0	0	0	74	0	34	0	256	99	0	99	16	229	0	0	0	0	0	0	0	0	0	0	3831	3390	3425	3237	3459	0	0	0	0	0	0	0	0	0	0	0	0	0	0	0	0	0	0	0	0	0	0	0	0	0	0	0	0	0	0	0	0	0	0	0	0	0	0	0	11	0	0	0	122	0	27	43	28	28	29	0	0	0	0	0	0	0	0	0	0
k__Bacteria;p__Actinobacteria;c__Actinobacteria;o__Actinomycetales;f__Actinomycetaceae;g__Actinomyces	0	11	0	0	0	0	0	0	0	0	20	0	13	0	15	0	0	0	0	0	0	0	0	0	0	0	0	0	0	0	11	0	0	0	0	0	0	0	0	0	0	0	0	0	0	12	0	0	0	14	0	0	0	0	0	0	0	0	0	0	0	0	0	12	0	29	51	45	16	12	20	27	30	30	22	42	24	23	29	25	97	0	0	0	0	0	0	0	0	0	12	82	74	80	80	0	0	22	57	52	15	0	0	12	20	0	91	39	49	37	50	47	89	73	105	0	48	89	113	67	0	26	21	21	71	0	57	80	54	65
k__Bacteria;p__Actinobacteria;c__Actinobacteria;o__Actinomycetales;f__Actinomycetaceae;g__Mobiluncus	0	0	0	0	0	0	0	0	0	0	0	0	0	0	0	0	0	0	0	0	0	0	0	0	0	0	0	0	0	0	0	0	0	0	0	0	0	0	0	0	0	0	0	0	0	0	0	0	0	0	0	0	0	0	0	0	0	0	0	0	0	0	0	0	0	0	0	0	0	0	0	0	0	0	0	0	0	0	0	0	0	0	0	0	0	0	0	0	0	0	0	0	11	12	0	0	0	0	0	0	0	0	0	0	0	0	0	0	0	0	0	0	0	0	0	0	0	0	0	0	0	0	0	0	0	0	0	0	0	0
k__Bacteria;p__Actinobacteria;c__Actinobacteria;o__Actinomycetales;f__Actinomycetaceae;g__NA	0	0	0	0	0	0	0	0	0	0	0	0	0	0	0	0	0	0	0	0	0	0	0	0	0	0	0	0	0	0	0	0	0	0	0	0	0	0	0	0	0	0	0	0	0	0	0	0	0	0	0	0	0	0	0	0	0	0	0	0	0	0	0	0	0	0	0	0	0	0	0	0	0	0	0	0	0	0	0	0	0	0	0	0	0	0	0	0	0	0	0	0	0	0	0	0	0	0	0	0	0	0	0	0	0	0	0	0	0	0	0	0	0	0	0	0	0	0	0	16	0	0	0	0	0	0	0	0	0	0
k__Bacteria;p__Actinobacteria;c__Actinobacteria;o__Actinomycetales;f__Actinomycetaceae;g__Varibaculum	0	0	0	0	0	0	0	0	0	0	0	0	0	0	0	0	0	0	0	0	0	0	0	0	0	0	0	0	0	0	0	0	0	0	0	0	0	0	0	0	0	0	0	0	0	0	0	0	0	0	0	0	0	0	0	0	0	0	0	0	0	0	0	0	0	0	0	0	0	0	0	0	0	0	0	0	0	0	0	0	0	0	0	0	0	0	0	0	0	0	0	129	120	117	114	0	0	0	0	0	0	0	0	0	0	0	0	0	18	15	27	0	0	0	0	0	0	0	0	0	0	0	0	0	0	0	0	0	0	0
k__Bacteria;p__Actinobacteria;c__Actinobacteria;o__Bifidobacteriales;f__Bifidobacteriaceae;g__Bifidobacterium	1683	985	166	444	1856	3374	3763	2605	2858	1838	287	7841	5516	12126	121	3214	22624	10946	11787	3560	3855	13537	2570	22524	2403	142	56	712	1454	160	980	60624	1265	26101	562	4155	15881	7795	11544	5455	844	7139	875	2116	68	1017	6116	1805	4391	202	1168	11136	3074	7272	729	1863	6712	2790	5513	1582	18012	13110	7744	27513	10060	3820	4341	3943	3123	3337	12910	11899	12411	11136	13155	914	11104	10977	10564	8960	2110	5032	4264	4037	5215	4249	2867	3130	3226	3675	4077	14853	13093	13781	14890	6667	0	10886	11215	17733	3771	3671	1508	2480	4406	2759	2318	1914	1661	1404	1604	1751	2707	7495	2762	13010	23276	11031	12322	10211	0	6240	4106	4228	2686	406	1204	1149	1315	1449
k__Bacteria;p__Actinobacteria;c__Actinobacteria;o__Bifidobacteriales;f__Bifidobacteriaceae;g__Gardnerella	0	0	0	0	0	0	0	0	0	0	0	0	0	0	0	0	0	0	0	0	0	0	0	0	0	0	0	0	0	0	0	0	0	0	0	0	0	0	0	0	0	0	0	0	0	0	0	0	0	0	0	0	0	0	0	0	0	0	0	0	0	0	0	0	0	0	0	0	0	0	0	0	0	0	0	0	0	0	0	0	0	0	0	0	0	0	0	0	0	0	0	0	0	0	0	0	0	0	0	0	0	0	0	0	0	0	0	0	0	0	0	0	0	106	0	0	0	0	0	0	0	0	0	0	0	0	0	0	0	0
k__Bacteria;p__Actinobacteria;c__Actinobacteria;o__Corynebacteriales;f__Corynebacteriaceae;g__Corynebacterium	0	0	0	0	0	0	0	0	0	0	0	0	0	0	0	0	0	0	0	0	0	0	0	0	0	0	0	0	0	0	0	0	0	0	0	0	0	0	0	0	0	0	0	0	0	0	0	0	0	0	0	0	0	0	0	0	0	0	0	0	0	0	0	0	0	0	0	0	0	0	0	0	0	0	0	0	0	0	0	0	0	0	0	0	0	0	0	0	0	0	0	0	0	0	0	0	0	0	0	0	0	0	0	0	0	0	0	0	0	0	0	0	0	10725	0	0	0	0	0	0	0	0	0	0	0	0	0	0	0	0
k__Bacteria;p__Actinobacteria;c__Actinobacteria;o__Corynebacteriales;f__Corynebacteriaceae;g__NA	0	0	0	0	0	0	0	0	0	0	0	0	0	0	0	0	0	0	0	0	0	0	0	0	0	0	0	0	0	0	0	0	0	0	0	0	0	0	0	0	0	0	0	0	0	0	0	0	0	0	0	0	0	0	0	0	0	0	0	0	0	0	0	0	0	0	0	0	0	0	0	0	0	0	0	0	0	0	0	0	0	0	0	0	0	0	0	0	0	0	0	38	42	34	30	0	0	0	0	0	0	0	0	0	0	0	0	0	0	0	0	0	0	101	0	0	0	0	0	0	0	0	0	0	0	0	0	0	0	0
k__Bacteria;p__Actinobacteria;c__Actinobacteria;o__Corynebacteriales;f__Nocardiaceae;g__Rhodococcus	0	0	0	0	0	0	0	0	0	0	0	0	0	0	0	0	0	0	0	0	0	0	0	0	0	0	0	0	0	0	0	0	0	0	0	0	0	0	0	0	0	0	0	0	0	0	0	0	0	0	0	0	0	0	0	0	0	0	0	0	0	0	0	0	0	0	0	0	0	0	0	0	0	0	0	0	0	0	0	0	0	0	0	0	0	0	0	0	0	0	0	0	0	0	0	0	0	0	0	0	0	0	0	0	0	0	0	0	0	0	0	0	0	80	0	0	0	0	0	0	0	0	0	0	0	0	0	0	0	0
k__Bacteria;p__Actinobacteria;c__Actinobacteria;o__Micrococcales;f__Micrococcaceae;g__Kocuria	0	0	0	0	0	0	0	0	0	0	0	0	0	0	0	0	0	0	0	0	0	0	0	0	0	0	0	0	0	0	0	0	0	0	0	0	0	0	0	0	0	0	0	0	0	0	0	0	0	0	0	0	0	0	0	0	0	0	0	0	0	0	0	0	0	0	0	0	0	0	0	0	0	0	0	0	0	0	0	0	0	0	0	0	0	0	0	0	0	0	0	0	0	0	0	0	0	0	0	0	0	0	0	0	0	0	0	0	0	0	0	0	0	71	0	0	0	0	0	0	0	0	0	0	0	0	0	0	0	0
k__Bacteria;p__Actinobacteria;c__Actinobacteria;o__Micrococcales;f__Micrococcaceae;g__Micrococcus	0	0	0	0	0	0	0	0	0	0	0	0	0	0	0	0	0	0	0	0	0	0	0	0	0	0	0	0	0	0	0	0	0	0	0	0	0	0	0	0	0	0	0	0	0	0	0	0	0	0	0	0	0	0	0	0	0	0	0	0	0	0	0	0	0	0	0	0	0	0	0	0	0	0	0	0	0	0	0	0	0	0	0	0	0	0	0	0	0	0	0	0	0	0	0	0	0	0	0	0	0	0	0	0	0	0	0	0	0	0	0	0	0	82	0	0	0	0	0	0	0	0	0	0	0	0	0	0	0	0
k__Bacteria;p__Actinobacteria;c__Actinobacteria;o__Micrococcales;f__Micrococcaceae;g__Rothia	0	0	0	0	0	0	0	0	0	0	0	0	0	0	0	0	0	0	0	0	0	0	0	0	0	0	0	0	0	0	0	0	0	0	0	0	0	0	0	0	0	0	0	0	0	0	0	0	0	0	0	0	0	0	0	0	0	0	0	0	0	0	0	0	0	0	0	0	0	0	0	0	0	0	0	0	0	0	0	0	0	0	0	0	0	0	0	0	0	0	0	0	0	0	0	0	0	0	0	0	0	0	0	0	0	0	0	0	0	0	0	0	0	0	11	0	0	0	0	0	0	0	0	0	11	0	0	0	0	0
k__Bacteria;p__Actinobacteria;c__Actinobacteria;o__Propionibacteriales;f__Propionibacteriaceae;g__Propionibacterium	0	0	0	0	0	0	0	0	0	0	0	0	0	0	0	0	0	0	0	0	0	0	0	0	0	0	0	0	0	0	0	0	0	0	0	0	0	0	0	0	0	0	0	0	0	0	0	0	0	0	0	0	0	0	0	0	0	0	0	0	0	0	0	0	0	0	0	0	0	0	0	0	0	0	0	0	0	0	0	0	0	0	0	0	0	0	0	0	0	0	0	0	0	0	0	0	9191	0	0	0	0	0	0	0	0	0	0	0	0	0	0	0	0	843	0	0	0	0	0	0	26	0	0	0	0	0	0	0	0	0
k__Bacteria;p__Actinobacteria;c__Coriobacteriia;o__Coriobacteriales;f__Coriobacteriaceae;g__Adlercreutzia	0	0	0	0	0	0	0	0	0	0	0	0	0	0	0	0	0	0	0	0	0	0	0	0	0	0	0	0	0	0	0	0	0	0	0	0	0	0	0	0	0	0	0	0	0	0	0	0	0	0	0	0	0	0	0	0	0	0	0	0	0	0	0	0	0	0	0	0	0	0	0	0	33	41	0	0	0	0	0	49	0	14	12	11	16	0	0	0	0	0	0	0	0	0	0	14	0	0	86	0	0	0	0	0	0	0	82	57	0	0	0	93	144	0	105	0	0	0	0	0	0	0	0	0	160	0	0	0	0	0
k__Bacteria;p__Actinobacteria;c__Coriobacteriia;o__Coriobacteriales;f__Coriobacteriaceae;g__Adlercreutzia-Asaccharobacter	0	0	0	0	0	0	0	0	0	0	0	0	0	0	0	0	0	0	0	12	0	0	0	0	0	0	0	0	0	0	0	0	0	0	0	0	0	0	0	0	0	0	0	0	0	0	0	0	0	0	0	0	0	0	0	0	0	14	0	0	0	17	33	0	12	15	25	24	15	15	43	56	24	0	46	0	57	46	52	0	0	64	55	45	63	59	0	0	0	13	14	292	290	311	251	39	0	0	75	0	0	12	0	0	0	0	144	109	87	82	101	138	191	0	160	41	86	56	75	44	0	0	0	0	200	0	0	0	0	0
k__Bacteria;p__Actinobacteria;c__Coriobacteriia;o__Coriobacteriales;f__Coriobacteriaceae;g__Atopobium	0	0	0	0	0	0	0	0	0	0	0	0	0	0	0	0	0	0	0	0	0	0	0	0	0	0	0	0	0	0	0	0	0	0	0	0	0	0	0	0	0	0	0	0	0	0	0	0	0	0	0	0	0	0	0	0	0	0	0	0	0	0	0	0	0	0	0	0	0	0	0	0	0	0	0	0	0	0	0	0	0	0	0	0	0	0	0	0	0	0	0	55	37	59	59	0	0	0	0	0	0	0	0	0	0	0	0	0	0	0	0	0	0	0	0	0	0	0	0	0	0	0	0	0	0	0	0	0	0	0
k__Bacteria;p__Actinobacteria;c__Coriobacteriia;o__Coriobacteriales;f__Coriobacteriaceae;g__Collinsella	14745	6799	13249	3221	14262	12163	12752	10201	13630	150	7559	8335	7013	8892	10399	3131	147	1034	1634	4096	14181	20757	8835	16220	9738	1761	2078	1945	1638	2124	146	0	52	0	24	8814	14203	12587	13429	16694	121	1525	152	41	0	3742	7391	3751	4235	3907	19131	23024	14006	23301	16739	1188	213	1086	1036	1067	7551	7695	14080	8498	6392	8003	8724	9044	5470	6228	8833	9624	8503	7990	9773	374	6821	8254	7070	6053	886	1915	1571	1487	1871	1520	699	840	822	923	921	1343	1353	1324	1488	955	0	0	0	0	0	885	361	573	1303	717	1494	2436	5361	4709	5229	0	0	1694	1498	0	601	3302	3895	2862	0	0	0	0	0	48	418	375	458	621
k__Bacteria;p__Actinobacteria;c__Coriobacteriia;o__Coriobacteriales;f__Coriobacteriaceae;g__Collinsella-Olsenella	0	0	0	0	0	0	0	0	0	0	0	0	25	0	0	0	0	0	0	0	0	0	0	0	0	0	0	0	0	0	0	0	0	0	0	0	0	0	0	0	0	0	0	0	0	0	0	0	0	0	0	0	0	0	0	0	0	0	0	0	0	0	0	0	0	22	21	14	11	0	0	0	0	0	0	0	0	0	0	0	0	0	0	0	0	0	0	0	0	0	0	0	0	0	0	0	0	0	0	0	0	0	0	0	0	0	0	0	0	0	0	0	0	0	0	0	0	0	0	0	0	0	0	0	0	0	0	0	0	0
k__Bacteria;p__Actinobacteria;c__Coriobacteriia;o__Coriobacteriales;f__Coriobacteriaceae;g__Denitrobacterium	0	0	0	0	0	0	0	0	0	0	0	0	0	0	0	16	0	12	12	16	0	0	0	0	0	0	0	0	0	0	0	0	0	0	0	0	0	0	0	0	0	0	0	0	0	0	0	0	0	0	0	0	0	0	0	0	0	0	0	14	0	0	0	0	0	311	281	317	231	250	0	0	0	0	0	0	0	0	0	0	0	0	0	0	0	0	79	107	102	68	130	0	0	0	0	0	0	0	0	0	0	83	52	66	114	95	0	0	0	0	0	0	0	0	0	0	0	0	0	0	0	0	0	0	0	0	0	0	0	0
k__Bacteria;p__Actinobacteria;c__Coriobacteriia;o__Coriobacteriales;f__Coriobacteriaceae;g__Eggerthella	279	951	674	1164	196	1222	310	837	161	75	379	15	365	60	575	48	0	20	20	118	0	0	0	0	0	1453	77	682	0	1552	1427	519	1503	1420	1578	190	31	209	27	258	227	286	128	168	202	271	88	181	147	791	25	0	0	0	0	55	0	45	0	103	99	267	409	36	223	0	0	0	0	0	74	83	63	46	70	108	30	71	55	45	177	12	0	0	0	0	0	0	0	0	0	205	168	222	191	40	0	218	136	258	264	0	0	0	0	0	31	21	30	28	28	12	29	153	31	0	0	0	18	0	0	392	312	251	32	15	109	68	96	144
k__Bacteria;p__Actinobacteria;c__Coriobacteriia;o__Coriobacteriales;f__Coriobacteriaceae;g__Eggerthella-Gordonibacter	0	0	0	0	0	0	0	0	0	0	0	0	0	0	0	0	0	0	0	0	0	0	0	0	0	0	0	0	0	0	0	0	0	0	0	0	0	0	0	0	0	0	0	0	0	0	0	0	0	0	0	0	0	0	0	0	0	0	0	0	0	0	0	0	0	0	0	0	0	0	0	0	0	0	0	0	0	0	0	0	0	0	0	0	0	0	0	0	0	0	0	20	21	14	23	0	0	0	0	0	0	0	0	0	0	0	0	0	0	0	11	0	0	0	0	0	0	0	0	0	0	0	0	0	0	0	0	0	0	0
k__Bacteria;p__Actinobacteria;c__Coriobacteriia;o__Coriobacteriales;f__Coriobacteriaceae;g__Enterorhabdus	0	0	0	0	0	0	0	0	0	0	0	0	17	0	0	43	11	14	38	43	0	0	0	0	0	0	0	0	0	0	0	0	0	0	0	0	0	0	0	0	0	0	0	0	0	0	0	0	0	0	0	0	0	0	0	20	12	26	11	30	0	0	0	0	0	0	0	0	0	0	0	0	0	0	0	0	0	0	0	0	0	0	0	0	0	0	94	132	123	68	184	0	0	0	0	0	0	0	0	0	0	141	43	86	175	87	0	0	0	0	0	0	0	0	0	0	0	0	0	0	0	0	0	0	0	0	0	0	0	0
k__Bacteria;p__Actinobacteria;c__Coriobacteriia;o__Coriobacteriales;f__Coriobacteriaceae;g__Gordonibacter	0	14	0	14	0	0	0	11	0	0	37	0	28	20	85	0	0	0	0	0	0	0	0	0	0	0	0	0	0	0	0	0	0	0	0	0	0	14	0	25	0	0	0	0	0	17	14	23	13	42	0	0	0	0	0	0	0	0	0	0	0	0	0	0	0	0	0	0	0	0	0	0	0	0	0	18	0	0	0	0	24	21	0	14	19	0	0	0	0	0	0	21	33	36	44	0	0	0	15	0	0	0	0	0	0	0	15	27	35	31	25	23	22	0	27	18	14	0	0	0	0	0	0	0	38	0	21	19	28	43
k__Bacteria;p__Actinobacteria;c__Coriobacteriia;o__Coriobacteriales;f__Coriobacteriaceae;g__NA	0	0	0	0	0	0	0	0	0	30	0	0	230	0	0	0	0	0	0	0	184	194	155	305	211	0	0	0	0	239	0	0	0	0	0	0	0	0	0	0	0	0	0	0	0	0	0	0	0	0	107	241	121	111	128	0	0	0	0	0	0	0	0	0	0	977	863	946	567	614	11	17	15	16	21	18	17	0	11	0	28	13	17	0	17	17	0	0	0	0	0	0	0	0	0	14	0	16	0	19	0	0	0	0	0	0	0	0	0	0	0	0	0	172	0	17	30	12	12	0	0	0	0	0	21	0	15	0	17	18
k__Bacteria;p__Actinobacteria;c__Coriobacteriia;o__Coriobacteriales;f__Coriobacteriaceae;g__Olsenella	0	0	0	0	0	0	0	0	0	0	0	0	0	0	0	0	0	0	0	0	85	42	46	105	45	0	0	0	0	0	0	0	0	0	0	0	0	0	0	0	0	0	0	0	0	0	0	0	0	0	31	76	43	61	17	0	0	0	0	0	0	0	0	0	0	98	77	92	72	70	0	0	0	0	0	0	0	0	0	0	0	0	0	0	0	0	0	0	0	0	0	0	0	0	0	0	0	0	0	0	0	0	0	0	0	0	0	0	0	0	0	0	0	0	0	0	0	0	0	0	0	0	0	0	0	0	0	0	0	0
k__Bacteria;p__Actinobacteria;c__Coriobacteriia;o__Coriobacteriales;f__Coriobacteriaceae;g__Senegalimassilia	0	0	0	0	0	0	0	0	0	0	0	0	20	0	0	57	0	19	35	63	129	77	100	240	88	0	0	0	0	0	0	0	0	0	0	0	0	0	0	0	0	0	0	0	0	0	0	0	0	0	118	128	112	78	175	79	27	94	23	174	0	0	0	0	0	196	227	217	134	147	0	0	0	0	0	0	0	0	0	0	0	17	0	0	12	0	91	96	108	109	132	0	0	0	0	0	0	0	0	0	0	115	59	87	171	93	0	0	0	0	0	0	0	0	0	0	57	260	321	228	0	0	0	0	0	0	0	0	0	0
k__Bacteria;p__Actinobacteria;c__Coriobacteriia;o__Coriobacteriales;f__Coriobacteriaceae;g__Slackia	0	0	0	0	0	0	0	0	0	0	0	0	250	0	0	121	11	43	51	157	293	46	194	81	445	0	0	0	0	0	0	0	0	0	0	0	0	0	0	0	0	0	0	0	0	0	0	0	0	0	127	34	42	35	106	112	0	76	13	185	0	0	0	0	0	151	177	165	134	125	0	0	0	0	0	0	0	0	0	0	0	0	0	0	0	0	92	95	112	92	164	0	0	0	0	0	0	0	0	0	0	144	51	71	168	97	0	0	0	0	0	0	0	0	0	77	99	0	0	0	0	0	0	0	0	0	0	0	0	0
k__Bacteria;p__Bacteroidetes;c__Bacteroidia;o__Bacteroidales;f__Bacteroidaceae;g__Bacteroides	13512	12905	13185	9411	7196	9783	18718	4079	17555	9388	1752	1877	5804	3041	1680	2520	54	642	1116	2559	1232	0	840	0	587	22354	7177	12444	1162	19437	8495	0	0	0	0	5777	0	7902	1444	6723	5483	3118	3219	1602	2721	8154	3551	7373	2527	7145	2719	27	2300	1290	3017	8360	190	6528	1321	6284	1416	4137	4018	0	4075	0	0	0	0	0	0	0	0	0	0	0	0	0	0	0	0	228	241	152	225	189	27	27	16	80	25	32	27	25	21	140	0	0	0	0	0	16	0	0	20	14	0	0	0	0	0	0	0	1200	0	0	0	0	0	0	0	0	0	0	0	56	0	0	0	0
k__Bacteria;p__Bacteroidetes;c__Bacteroidia;o__Bacteroidales;f__NA;g__NA	0	0	0	0	0	0	0	0	0	0	0	0	0	0	0	0	0	0	0	0	0	0	0	0	0	0	0	0	0	0	0	0	0	0	0	0	0	0	0	0	0	0	0	0	0	0	0	0	0	0	0	0	0	0	0	20	0	23	0	0	0	0	0	0	0	0	0	0	0	0	0	0	0	0	0	0	0	0	0	0	0	0	0	0	0	0	0	0	0	0	0	0	0	0	0	0	0	0	0	0	0	0	0	0	0	0	0	0	0	0	0	0	0	0	0	0	0	0	0	0	0	0	0	0	0	0	0	0	0	0
k__Bacteria;p__Bacteroidetes;c__Bacteroidia;o__Bacteroidales;f__Porphyromonadaceae;g__Barnesiella	0	0	0	0	0	0	0	0	0	0	0	0	11	0	0	0	0	0	0	0	0	0	0	0	0	0	0	0	0	0	0	0	0	0	0	45	0	120	0	13	187	12	109	26	78	20	0	0	0	0	0	0	0	0	0	0	0	0	0	0	0	37	0	0	21	0	0	0	0	0	0	0	0	0	0	0	0	0	0	0	0	0	0	0	0	0	0	0	0	0	0	0	0	0	0	0	0	0	0	0	0	0	0	0	0	0	0	0	0	0	0	0	0	0	0	0	0	0	0	0	0	0	0	0	0	0	0	0	0	0
k__Bacteria;p__Bacteroidetes;c__Bacteroidia;o__Bacteroidales;f__Porphyromonadaceae;g__Butyricimonas	0	0	0	0	0	0	0	0	0	0	14	0	68	0	54	0	0	0	0	0	59	0	30	0	61	0	0	0	0	0	0	0	0	0	0	0	0	0	0	0	20	0	0	0	0	136	0	95	0	170	49	0	57	0	151	0	0	0	0	0	0	0	0	0	23	0	0	0	0	0	0	0	0	0	0	0	0	0	0	0	0	0	0	0	0	0	0	0	0	0	0	0	0	0	0	0	0	0	0	0	0	0	0	0	0	0	0	0	0	0	0	0	0	0	0	0	0	0	0	0	0	0	0	0	0	0	0	0	0	0
k__Bacteria;p__Bacteroidetes;c__Bacteroidia;o__Bacteroidales;f__Porphyromonadaceae;g__Odoribacter	0	0	0	0	0	44	0	38	0	0	0	0	0	0	0	25	0	0	0	27	11	0	11	0	11	0	0	0	0	0	147	0	0	0	0	0	0	0	0	0	82	0	49	0	67	14	0	14	0	0	11	0	0	0	0	102	0	97	0	105	0	0	0	0	0	0	0	0	0	0	0	0	0	0	0	0	0	0	0	0	0	0	0	0	0	0	0	0	0	0	0	0	0	0	0	0	0	0	0	0	0	0	0	0	0	0	0	0	0	0	0	0	0	40	0	0	0	0	0	0	0	0	0	0	0	0	0	0	0	0
k__Bacteria;p__Bacteroidetes;c__Bacteroidia;o__Bacteroidales;f__Porphyromonadaceae;g__Parabacteroides	321	3204	7608	2430	273	3505	304	4835	692	360	1980	534	1151	8895	1433	620	0	170	296	933	601	0	1173	0	597	0	0	7062	0	0	575	0	0	0	0	810	0	2918	481	1126	1701	1643	2863	1139	1141	2170	882	4001	4213	2158	749	0	1159	2574	1237	1157	19	3242	588	1281	263	744	697	0	1751	0	0	0	0	0	0	0	0	0	0	0	0	0	0	0	0	29	29	51	56	44	0	0	0	12	14	0	0	0	0	40	0	0	0	0	0	0	0	0	0	0	0	0	0	0	0	0	0	336	0	0	0	0	0	0	0	0	0	0	0	15	0	0	0	0
k__Bacteria;p__Bacteroidetes;c__Bacteroidia;o__Bacteroidales;f__Porphyromonadaceae;g__Porphyromonas	0	0	0	0	0	0	0	0	0	0	0	0	0	0	0	0	0	0	0	0	0	0	0	0	0	0	0	0	0	0	0	0	0	0	0	0	0	0	0	0	0	0	0	0	0	0	0	0	0	0	0	0	0	0	0	0	0	0	0	0	0	0	0	0	0	0	0	0	0	0	0	0	0	0	0	0	0	0	0	0	0	0	0	0	0	0	0	0	0	0	0	0	13	15	15	0	0	0	0	0	0	0	0	0	0	0	0	0	0	0	0	0	0	0	0	0	0	0	0	0	0	0	0	0	0	0	0	0	0	0
k__Bacteria;p__Bacteroidetes;c__Bacteroidia;o__Bacteroidales;f__Prevotellaceae;g__Alloprevotella	0	0	0	0	0	0	0	0	0	0	0	0	0	0	0	0	0	0	0	0	0	0	0	0	0	0	0	0	0	0	0	0	0	0	0	0	0	0	0	0	0	0	0	0	0	0	0	0	0	0	0	0	0	0	0	0	0	0	0	0	0	0	0	0	0	0	0	0	0	0	0	0	0	0	0	0	0	0	0	0	0	0	0	0	0	0	0	0	0	0	0	0	0	0	0	0	0	0	0	0	0	0	0	0	0	0	0	0	0	0	0	0	0	98	0	0	0	0	0	0	0	0	0	0	0	0	0	0	0	0
k__Bacteria;p__Bacteroidetes;c__Bacteroidia;o__Bacteroidales;f__Prevotellaceae;g__NA	0	0	0	0	0	0	0	0	0	0	0	0	0	0	0	38	0	20	31	34	0	0	0	11	0	0	0	0	0	0	0	0	0	0	0	0	0	0	0	20	0	0	11	62	0	0	12	0	26	14	0	0	0	27	0	65	0	38	1071	52	0	0	0	0	0	18	14	19	16	0	0	0	0	0	0	0	0	0	0	0	0	0	0	0	0	0	0	0	0	12	0	0	0	0	0	0	0	0	0	0	0	0	0	0	28	0	0	0	0	0	0	0	0	25	0	0	0	0	0	0	0	0	0	0	0	0	0	0	0	0
k__Bacteria;p__Bacteroidetes;c__Bacteroidia;o__Bacteroidales;f__Prevotellaceae;g__Paraprevotella	0	0	0	0	0	0	0	0	0	0	0	0	0	0	0	0	0	0	0	0	0	0	0	0	0	0	0	0	0	0	0	0	0	0	0	0	0	0	0	0	0	0	0	0	0	0	0	0	0	0	0	0	0	0	0	0	0	0	0	0	0	0	0	0	0	0	0	0	0	0	0	0	0	0	0	0	0	0	0	0	0	0	0	0	0	0	0	0	0	0	0	0	0	0	0	0	0	0	0	0	0	0	0	0	0	0	0	0	0	0	0	0	0	11	0	0	0	0	0	0	0	0	0	0	0	0	0	0	0	0
k__Bacteria;p__Bacteroidetes;c__Bacteroidia;o__Bacteroidales;f__Prevotellaceae;g__Prevotella	0	0	0	0	0	0	0	0	0	0	0	0	0	0	0	0	0	0	0	0	0	0	0	0	0	0	0	0	0	0	0	0	0	0	0	0	0	0	0	0	0	0	0	0	0	0	0	0	0	0	0	0	0	26	0	0	0	0	457	0	0	0	0	0	0	77	75	57	83	53	0	0	0	0	0	0	0	0	0	0	0	0	0	0	0	0	18	16	22	13	25	0	12	0	0	0	0	0	0	0	0	26	13	14	38	19	0	0	0	0	0	0	0	0	0	0	0	0	0	0	0	0	0	0	0	0	0	0	0	0
k__Bacteria;p__Bacteroidetes;c__Bacteroidia;o__Bacteroidales;f__Rikenellaceae;g__Alistipes	0	100	88	95	0	116	0	69	0	0	161	0	171	14	140	159	0	11	33	118	171	0	103	0	119	251	20	197	0	171	514	0	0	0	0	249	0	452	0	279	312	23	121	15	98	210	52	179	49	297	77	0	53	44	89	133	0	173	0	139	81	264	160	0	169	0	0	0	0	0	0	0	0	0	0	0	0	0	0	0	0	31	27	12	29	22	0	0	0	0	0	0	0	0	0	25	0	0	0	0	0	0	0	0	0	0	0	0	0	0	0	0	0	39	0	0	0	0	0	0	0	0	0	0	0	0	0	0	0	0
k__Bacteria;p__Bacteroidetes;c__Bacteroidia;o__Bacteroidales;f__Rikenellaceae;g__NA	0	0	0	0	0	0	0	0	0	0	0	0	0	0	0	0	0	0	0	0	0	0	0	0	0	0	0	0	0	0	0	0	0	0	0	0	0	0	0	0	18	33	22	12	13	0	0	0	0	0	0	0	0	0	0	0	0	0	0	0	0	0	0	0	0	0	0	0	0	0	0	0	0	0	0	0	0	0	0	0	0	0	0	0	0	0	0	0	0	0	0	0	0	0	0	0	0	0	0	0	0	0	0	0	0	0	0	0	0	0	0	0	0	0	0	0	0	0	0	0	0	0	0	0	0	0	0	0	0	0
k__Bacteria;p__Cyanobacteria;c__Cyanobacteria;o__NA;f__NA;g__NA	0	0	0	0	0	0	0	0	0	0	0	0	0	0	0	0	0	0	0	0	0	0	0	0	0	0	0	0	0	0	0	0	0	0	0	0	0	0	0	0	0	0	0	0	0	0	0	0	0	0	0	0	0	0	0	0	0	0	0	0	0	0	0	0	0	0	0	0	0	0	0	0	0	0	0	0	0	0	0	0	0	0	0	0	0	0	0	0	0	0	0	0	0	0	0	0	0	0	0	0	0	0	0	0	0	0	0	0	0	0	0	0	0	25	0	0	0	0	0	0	0	0	0	0	0	0	0	0	0	0
k__Bacteria;p__Deinococcus-Thermus;c__Deinococci;o__Thermales;f__Thermaceae;g__Thermus	0	0	0	0	0	0	0	0	0	0	0	0	0	0	0	0	0	0	0	0	0	0	0	0	0	0	0	0	0	0	0	0	0	0	0	0	0	0	0	0	0	0	0	0	0	0	0	0	0	0	0	0	0	0	0	0	0	0	0	0	0	0	0	0	0	0	0	0	0	0	0	0	0	0	0	0	0	0	0	0	0	0	0	0	0	0	0	0	0	0	0	0	0	0	0	0	0	0	0	0	0	0	0	0	0	0	0	0	0	0	0	0	0	23	0	0	0	0	0	0	0	0	0	0	0	0	0	0	0	0
k__Bacteria;p__Firmicutes;c__Bacilli;o__Bacillales;f__Bacillaceae;g__Bacillus	0	0	0	0	0	0	0	0	0	0	0	0	0	0	0	0	0	0	0	0	0	0	0	0	0	0	0	0	0	0	22	46	0	124	17	0	0	0	0	0	0	0	0	0	0	0	0	0	0	0	0	0	0	0	0	0	0	0	0	0	0	0	0	0	0	0	0	0	0	0	0	0	0	0	0	0	0	0	0	0	0	0	0	0	0	0	0	0	0	0	0	0	0	0	0	0	0	0	0	0	0	0	0	0	0	0	0	0	0	0	0	0	0	2062	0	0	0	0	0	0	0	0	0	0	0	0	0	0	0	0
k__Bacteria;p__Firmicutes;c__Bacilli;o__Bacillales;f__Family XI;g__Gemella	0	0	0	0	0	0	0	0	0	0	0	0	0	0	0	0	0	0	0	0	0	0	0	0	0	0	0	0	0	0	0	0	0	0	0	0	0	0	0	0	0	0	0	0	0	0	0	0	0	0	0	0	0	0	0	0	0	0	0	0	0	0	0	0	0	0	0	0	0	0	0	0	0	0	0	0	0	0	0	0	0	0	0	0	0	0	0	0	0	0	0	17	11	0	14	0	0	0	0	0	0	0	0	0	0	0	0	0	0	0	0	0	0	0	0	0	0	0	0	0	0	0	0	0	0	0	0	0	0	0
k__Bacteria;p__Firmicutes;c__Bacilli;o__Bacillales;f__Paenibacillaceae;g__Paenibacillus	18	51	0	55	17	0	0	0	0	32	33	19	23	31	39	26	48	27	32	55	0	0	0	0	0	0	0	0	0	0	0	0	0	0	0	0	0	14	0	15	0	0	0	0	0	0	0	0	0	0	17	42	41	26	19	0	0	0	0	0	0	0	0	0	0	13	23	0	18	0	164	224	145	145	257	266	63	71	56	199	33	118	124	78	103	48	202	156	199	260	149	391	269	288	242	83	0	13	0	22	14	20	0	0	44	12	0	22	11	0	16	0	15	0	15	120	342	816	928	604	0	537	410	320	795	0	260	84	127	274
k__Bacteria;p__Firmicutes;c__Bacilli;o__Bacillales;f__Staphylococcaceae;g__Staphylococcus	0	0	0	0	0	0	0	0	0	0	0	0	0	0	0	0	0	0	0	0	0	0	0	0	0	0	0	0	0	0	0	0	0	0	0	0	0	0	0	0	0	0	0	0	0	0	0	0	0	0	0	0	0	0	0	0	0	0	0	0	0	0	0	0	0	0	0	0	0	0	0	0	0	0	0	0	0	0	0	0	0	0	0	0	0	0	0	0	0	0	0	0	0	0	0	0	0	0	0	0	0	0	0	0	0	0	0	0	0	0	0	0	0	201	0	0	0	0	0	0	0	0	0	0	0	0	0	0	0	0
k__Bacteria;p__Firmicutes;c__Bacilli;o__Lactobacillales;f__Carnobacteriaceae;g__Carnobacterium	5063	8489	1200	9713	2085	0	0	0	0	6832	3425	592	3089	828	9840	2997	276	1784	3047	7265	0	0	0	0	0	0	0	0	0	0	0	0	0	0	0	341	190	817	113	3715	0	0	0	0	0	0	0	0	0	0	2975	1092	4000	460	7572	0	0	0	0	0	0	0	0	0	0	0	0	0	0	0	0	0	0	0	0	0	0	0	0	0	0	0	0	0	0	0	0	0	0	0	0	0	0	0	0	0	0	0	0	0	0	0	0	0	0	0	0	0	0	0	0	0	0	240	0	0	0	0	0	0	0	0	0	0	0	0	0	0	0	0
k__Bacteria;p__Firmicutes;c__Bacilli;o__Lactobacillales;f__Carnobacteriaceae;g__Granulicatella	0	0	0	0	0	0	0	0	0	0	0	0	0	0	0	0	0	0	0	0	0	0	0	0	0	0	0	0	0	0	0	0	0	0	0	0	0	0	0	0	0	0	0	0	0	0	0	0	0	0	0	0	0	0	0	0	0	0	0	0	0	0	0	0	0	0	0	0	0	0	0	0	0	0	0	0	0	0	0	0	19	0	0	0	0	0	0	0	0	0	0	0	0	0	0	0	0	0	0	0	0	0	0	0	0	0	0	0	0	0	0	0	0	0	0	0	0	0	0	0	0	0	0	0	0	0	0	0	0	0
k__Bacteria;p__Firmicutes;c__Bacilli;o__Lactobacillales;f__Enterococcaceae;g__Enterococcus	12	27	0	0	0	86	333	0	44	618	0	0	0	0	0	0	0	0	0	0	546	188	404	228	294	610	652	188	99	444	0	0	0	0	0	0	0	11	0	18	0	0	11	0	0	0	0	0	0	0	43	1424	327	380	15	0	0	0	0	0	0	0	0	0	0	0	0	0	0	0	0	0	0	0	0	0	0	0	0	0	0	0	0	0	0	0	0	0	0	0	0	0	0	0	0	0	0	0	0	0	0	0	0	0	0	0	0	0	0	0	0	0	0	225	0	0	0	0	0	0	0	0	0	0	0	0	0	0	0	0
k__Bacteria;p__Firmicutes;c__Bacilli;o__Lactobacillales;f__Lactobacillaceae;g__Lactobacillus	208	15	0	0	0	0	0	0	0	0	0	0	0	0	0	74	749	278	384	72	0	398	0	1833	0	0	0	0	0	0	0	0	0	0	0	0	149	0	0	0	0	0	0	0	0	0	0	0	0	0	0	1276	280	125	0	28	604	33	0	19	52	24	0	181	0	0	0	0	0	0	0	0	0	0	0	0	0	0	0	0	0	0	0	0	0	0	1138	1122	1289	966	1637	0	0	0	0	0	0	0	0	0	0	1174	503	816	1594	924	0	0	11	0	0	0	0	157	0	0	19	53	70	57	0	0	0	0	0	0	0	0	0	0
k__Bacteria;p__Firmicutes;c__Bacilli;o__Lactobacillales;f__Lactobacillaceae;g__Pediococcus	0	0	0	0	0	0	0	0	0	0	0	0	0	0	0	0	0	0	0	0	0	0	0	0	0	0	0	0	0	0	0	1309	0	74	0	0	0	0	0	0	0	0	0	0	0	0	0	0	0	0	0	0	0	0	0	0	0	0	0	0	0	0	0	0	0	0	0	0	0	0	0	0	0	0	0	0	0	0	0	0	0	0	0	0	0	0	0	0	0	0	0	0	0	0	0	0	0	0	0	0	0	0	0	0	0	0	0	0	0	0	0	0	0	0	0	0	0	0	0	0	0	0	0	0	0	0	0	0	0	0
k__Bacteria;p__Firmicutes;c__Bacilli;o__Lactobacillales;f__Leuconostocaceae;g__Leuconostoc	0	0	0	0	0	0	0	0	0	0	0	0	0	0	0	0	0	0	0	0	0	0	0	0	0	0	0	0	0	0	0	0	0	0	0	13	0	16	0	13	0	0	0	0	0	0	0	0	0	0	0	0	0	0	0	0	0	0	0	0	0	0	23	0	0	0	0	0	0	0	69	56	52	48	69	0	67	54	57	41	0	0	0	0	0	0	0	0	0	0	0	0	0	0	0	0	0	0	0	0	0	0	0	0	0	0	0	0	0	0	0	0	0	0	0	0	0	0	0	0	0	0	0	0	0	0	0	0	0	0
k__Bacteria;p__Firmicutes;c__Bacilli;o__Lactobacillales;f__Leuconostocaceae;g__Weissella	0	0	0	0	0	0	0	0	0	0	0	0	0	0	0	0	0	0	0	0	0	0	0	0	0	0	0	0	0	0	0	0	0	0	0	0	0	12	0	0	0	0	0	0	0	0	0	0	0	0	0	0	0	0	0	0	0	0	0	0	0	0	0	0	0	0	0	0	0	0	0	0	0	0	0	0	0	0	0	0	0	0	0	0	0	0	0	0	0	0	18	0	0	0	0	0	0	0	0	0	0	12	0	13	12	0	0	0	0	0	0	0	0	0	0	0	0	0	0	0	10748	0	0	0	0	0	0	0	0	0
k__Bacteria;p__Firmicutes;c__Bacilli;o__Lactobacillales;f__NA;g__NA	0	0	0	0	0	0	0	0	0	0	0	0	0	0	0	0	0	0	0	0	0	0	0	0	0	0	0	0	0	0	0	0	0	0	0	0	0	0	0	0	0	0	0	0	0	0	0	0	0	0	0	0	0	0	0	0	0	0	13	0	0	0	0	0	0	0	0	0	0	0	0	0	0	0	0	0	0	0	0	0	0	0	0	0	0	0	0	0	0	0	0	0	0	0	0	0	0	0	0	0	0	0	0	0	0	0	0	0	0	0	0	0	0	0	0	0	0	0	0	0	0	0	0	0	0	0	0	0	0	0
k__Bacteria;p__Firmicutes;c__Bacilli;o__Lactobacillales;f__Streptococcaceae;g__Lactococcus	0	15	0	18	0	25	11	18	11	0	0	0	14	0	15	0	0	0	0	0	0	0	0	0	0	0	0	0	0	0	16	33	0	29	14	16	0	16	0	18	0	0	0	0	0	0	0	0	0	0	0	0	0	0	0	0	0	0	0	0	0	19	15	26	0	0	0	0	0	0	53	51	60	41	71	42	36	52	48	30	58	0	0	0	0	0	18	18	0	0	19	25	39	38	40	11	0	0	11	12	32	0	0	0	15	12	0	13	34	25	32	0	0	0	14	16	65	258	298	234	0	50	33	37	0	0	45	43	45	46
k__Bacteria;p__Firmicutes;c__Bacilli;o__Lactobacillales;f__Streptococcaceae;g__Streptococcus	92	308	54	98	230	128	49	117	63	0	108	45	68	67	102	20286	38710	17979	18554	116	0	0	0	0	0	242	124	168	44	240	50	260	69	163	58	112	141	210	119	225	14	11	26	12	0	103	777	69	78	144	0	0	0	0	0	6754	23816	4775	30594	1785	130	184	293	263	120	23	46	26	39	26	910	846	901	875	996	667	803	706	954	695	1059	82	49	53	63	61	374	364	384	358	471	93	63	75	75	113	0	297	1249	553	414	414	172	252	547	308	1470	887	322	239	322	1457	2196	1575	1849	1209	1776	758	903	641	0	603	496	461	1812	0	762	627	784	958
k__Bacteria;p__Firmicutes;c__Clostridia;o__Clostridiales;f__Christensenellaceae;g__Catabacter	0	0	0	13	0	0	0	0	0	0	32	0	19	0	31	0	0	0	0	0	16	0	13	0	27	0	0	0	0	0	0	0	0	0	0	0	0	12	0	0	0	0	0	0	0	0	0	0	0	16	0	0	0	0	0	0	0	0	0	0	0	0	12	0	0	0	0	0	0	0	0	0	0	0	0	0	0	0	0	0	0	0	0	0	0	0	0	0	0	0	0	0	0	0	0	0	0	0	0	0	0	0	0	0	0	0	0	0	0	0	0	0	0	0	0	0	0	0	0	0	0	0	0	0	0	0	0	0	0	0
k__Bacteria;p__Firmicutes;c__Clostridia;o__Clostridiales;f__Christensenellaceae;g__Christensenella	0	0	0	0	0	0	0	0	0	0	0	0	0	0	0	0	0	0	0	0	0	0	0	0	0	0	0	0	0	0	0	0	0	0	0	0	0	0	0	0	0	0	0	0	0	0	0	0	0	0	0	0	0	0	0	0	0	0	0	0	0	0	0	0	0	0	0	0	0	0	0	0	0	0	0	0	0	0	0	0	0	0	0	0	0	0	0	0	0	0	0	0	0	0	0	0	0	0	0	0	0	0	0	0	0	0	0	0	0	0	0	0	0	55	0	0	0	0	0	0	0	0	0	0	0	0	0	0	0	0
k__Bacteria;p__Firmicutes;c__Clostridia;o__Clostridiales;f__Christensenellaceae;g__NA	14	20	0	22	0	11	0	0	0	0	139	0	136	0	139	581	60	285	488	1158	208	0	137	0	153	0	0	0	0	0	528	17	190	0	227	0	0	0	0	0	1524	203	804	89	1380	201	15	142	14	289	18	0	0	0	109	623	0	667	41	737	0	0	0	0	0	99	94	64	76	70	0	0	0	0	0	104	0	0	0	0	156	549	420	425	511	417	352	485	399	435	562	657	665	613	627	394	0	83	174	98	76	504	226	292	675	415	225	174	235	156	249	178	275	61	280	59	142	200	164	143	0	154	122	106	302	0	88	93	65	132
k__Bacteria;p__Firmicutes;c__Clostridia;o__Clostridiales;f__Clostridiaceae;g__Clostridium	0	3733	996	14321	0	160	34	316	0	13409	1743	6980	9689	1813	1857	168	122	385	514	1023	659	4712	624	4280	1849	5195	77441	17103	43903	14178	11796	17094	25361	23784	23955	1517	18	1351	17	371	7412	5249	4615	6275	8200	8761	3738	8315	6020	14306	1174	1889	2318	1346	1920	4045	265	3962	213	8161	395	1240	0	218	512	55	60	40	68	64	0	0	0	0	0	0	0	0	0	0	11	0	0	0	0	0	222	214	214	187	304	738	585	675	489	11	0	47	182	138	227	204	128	148	329	174	280	328	311	228	231	154	262	1509	304	193	531	1261	1598	1341	0	269	260	260	286	101	0	0	0	0
k__Bacteria;p__Firmicutes;c__Clostridia;o__Clostridiales;f__Clostridiaceae;g__Clostridium-Sarcina	0	0	0	0	0	0	0	0	0	0	0	0	0	0	0	0	0	0	0	0	0	0	0	0	0	0	0	0	19	0	0	0	0	0	0	0	0	0	0	0	0	0	0	0	0	0	0	0	0	0	0	0	0	0	0	0	0	0	0	0	0	0	0	0	0	0	0	0	0	0	0	0	0	0	0	0	0	0	0	0	0	0	0	0	0	0	0	0	0	0	0	0	0	0	0	0	0	0	0	0	0	0	0	0	0	0	0	0	0	0	0	0	0	0	0	0	0	0	0	0	0	0	0	0	0	0	0	0	0	0
k__Bacteria;p__Firmicutes;c__Clostridia;o__Clostridiales;f__Defluviitaleaceae;g__NA	0	0	0	0	0	0	0	0	0	0	0	0	0	0	0	0	0	0	0	0	0	0	0	0	0	0	0	0	0	0	0	0	0	0	0	0	0	0	0	0	0	0	0	0	0	20	0	19	0	40	0	0	0	0	0	0	0	0	0	0	0	0	0	0	0	0	0	0	0	0	0	0	0	0	0	0	0	0	0	0	0	21	20	21	17	16	0	0	0	0	0	0	0	13	11	17	0	0	0	0	0	0	0	0	0	0	0	0	0	0	0	0	0	0	0	0	0	0	0	0	0	0	0	0	0	0	0	0	0	0
k__Bacteria;p__Firmicutes;c__Clostridia;o__Clostridiales;f__Eubacteriaceae;g__Anaerofustis	0	0	0	0	0	0	0	14	0	0	0	0	0	0	0	0	0	0	0	0	0	0	0	0	0	0	0	0	0	0	0	0	0	0	0	0	0	0	0	0	0	0	0	0	0	0	0	0	0	0	0	0	0	0	0	0	0	0	0	0	0	0	0	0	0	0	0	0	0	0	0	0	0	0	0	0	0	0	0	0	0	0	0	0	0	0	0	0	0	0	0	0	0	0	0	0	0	0	0	0	0	0	0	0	0	0	0	0	0	0	0	0	0	0	0	0	0	0	0	0	0	0	0	0	0	0	0	0	0	0
k__Bacteria;p__Firmicutes;c__Clostridia;o__Clostridiales;f__Eubacteriaceae;g__Eubacterium	0	0	0	0	0	0	0	0	0	0	0	0	0	0	0	0	0	0	0	0	0	0	0	0	0	0	0	0	0	0	0	0	0	0	0	850	12	453	45	205	28	28	20	13	0	31	11	15	0	0	0	0	0	0	0	0	0	0	0	0	56	173	293	0	50	0	0	0	0	0	0	0	0	0	0	0	0	0	0	0	0	0	0	0	0	0	0	0	0	0	0	104	105	109	104	31	0	155	82	184	0	0	0	0	0	0	0	0	0	0	0	0	0	0	0	0	0	0	0	0	0	0	0	0	0	0	0	0	0	0
k__Bacteria;p__Firmicutes;c__Clostridia;o__Clostridiales;f__Family XI;g__Anaerococcus	0	199	34	166	0	79	0	36	0	0	33	0	0	0	16	0	0	0	0	0	160	0	110	0	287	12	0	0	0	17	0	0	0	0	0	43	0	40	0	52	13	0	0	0	15	34	0	42	0	21	145	0	159	0	401	0	0	0	0	0	0	11	38	0	11	0	0	0	0	0	0	0	0	0	0	0	0	0	0	0	0	0	0	0	0	0	0	0	0	0	0	99	111	85	109	0	0	0	0	0	0	0	0	0	0	0	0	0	0	0	0	0	0	0	0	0	0	0	0	0	0	0	0	0	0	0	0	0	0	0
k__Bacteria;p__Firmicutes;c__Clostridia;o__Clostridiales;f__Family XI;g__Ezakiella	0	0	0	0	0	0	0	0	0	0	0	0	0	0	0	0	0	0	0	0	0	0	0	0	0	0	0	0	0	0	0	0	0	0	0	0	0	0	0	0	0	0	0	0	0	0	0	0	0	0	0	0	0	0	0	0	0	0	0	0	0	0	0	0	0	0	0	0	0	0	0	0	0	0	0	0	0	0	0	0	0	0	0	0	0	0	0	0	0	0	0	11	0	14	14	0	0	0	0	0	0	0	0	0	0	0	0	0	0	0	0	0	0	0	0	0	0	0	0	0	0	0	0	0	0	0	0	0	0	0
k__Bacteria;p__Firmicutes;c__Clostridia;o__Clostridiales;f__Family XI;g__Finegoldia	0	129	0	313	0	78	0	19	0	0	0	0	0	0	0	0	0	0	0	0	36	0	25	0	37	0	0	0	0	21	0	0	0	0	14	205	18	288	25	622	19	0	0	0	12	0	0	0	0	0	44	0	86	22	198	0	0	0	0	0	125	377	423	58	487	0	0	11	0	0	0	0	0	0	11	0	0	0	0	0	0	0	0	0	0	0	0	0	0	0	0	0	0	0	0	0	0	0	0	0	0	0	0	0	0	0	0	0	0	0	0	0	0	0	0	0	0	0	0	0	0	0	0	0	0	0	0	0	0	0
k__Bacteria;p__Firmicutes;c__Clostridia;o__Clostridiales;f__Family XI;g__Gallicola	0	0	0	0	0	0	0	0	0	0	0	0	0	0	0	0	0	0	0	0	0	0	0	0	0	0	0	0	0	0	0	0	0	0	0	0	0	0	0	0	0	0	0	0	0	0	0	0	0	0	0	0	0	0	0	0	0	0	0	0	0	0	0	0	0	0	0	0	0	0	0	0	0	0	0	0	0	0	0	0	0	0	0	0	0	0	0	0	0	0	0	0	0	0	0	0	0	0	0	0	0	0	0	0	0	0	0	0	0	0	0	0	0	68	0	0	0	0	0	0	0	0	0	0	0	0	0	0	0	0
k__Bacteria;p__Firmicutes;c__Clostridia;o__Clostridiales;f__Family XI;g__Murdochiella	0	0	0	0	0	0	0	0	0	0	0	0	0	0	0	0	0	0	0	0	0	0	0	0	0	0	0	0	0	0	0	0	0	0	0	0	0	0	0	0	0	0	0	0	0	0	0	0	0	0	0	0	0	0	0	0	0	0	0	0	0	0	0	0	0	0	0	0	0	0	0	0	0	0	0	0	0	0	0	0	0	0	0	0	0	0	0	0	0	0	0	36	0	13	11	0	0	0	0	0	0	0	0	0	0	0	0	0	0	0	0	0	0	0	0	0	0	0	0	0	0	0	0	0	0	0	0	0	0	0
k__Bacteria;p__Firmicutes;c__Clostridia;o__Clostridiales;f__Family XI;g__Parvimonas	0	0	0	0	0	0	0	0	0	0	0	0	0	0	0	0	0	0	0	0	0	0	0	0	0	0	0	0	0	0	0	0	0	0	0	0	0	0	0	0	0	0	0	0	0	0	0	0	0	0	0	0	0	0	0	0	0	0	0	0	0	0	0	0	0	0	0	0	0	0	0	0	0	0	0	0	0	0	0	0	0	0	0	0	0	0	0	0	0	0	0	104	85	121	104	0	0	0	0	0	0	0	0	0	0	0	0	0	0	0	0	0	0	0	0	0	0	0	0	0	0	0	0	0	0	0	0	0	0	0
k__Bacteria;p__Firmicutes;c__Clostridia;o__Clostridiales;f__Family XI;g__Parvimonas-Tissierella	0	0	0	0	0	0	0	0	0	0	0	0	0	0	0	0	0	0	0	0	0	0	0	0	0	0	0	0	0	0	0	0	0	0	0	0	0	0	0	0	0	0	0	0	0	0	0	0	0	0	0	0	0	0	0	0	0	0	0	0	0	0	0	0	0	0	0	0	0	0	0	0	0	0	0	0	0	0	0	0	0	0	0	0	0	0	0	0	0	0	0	25	17	25	20	0	0	0	0	0	0	0	0	0	0	0	0	0	0	0	0	0	0	0	0	0	0	0	0	0	0	0	0	0	0	0	0	0	0	0
k__Bacteria;p__Firmicutes;c__Clostridia;o__Clostridiales;f__Family XI;g__Peptoniphilus	0	177	14	471	0	66	0	27	0	714	503	0	17	0	708	0	0	0	0	0	120	0	16	0	331	49	0	57	0	148	0	0	0	0	0	864	0	756	0	356	15	0	0	0	160	748	12	385	0	1911	289	0	43	53	374	12	0	0	0	0	291	950	1742	0	1035	0	0	0	0	0	0	0	0	0	0	0	0	0	0	0	0	0	0	0	0	0	0	0	0	0	0	113	61	66	78	0	0	0	0	0	0	0	0	0	0	0	0	0	0	0	0	0	0	49	0	0	0	0	0	0	0	0	0	0	0	0	0	0	0	0
k__Bacteria;p__Firmicutes;c__Clostridia;o__Clostridiales;f__Family XI;g__Tissierella	0	0	0	0	0	0	0	0	0	0	0	0	0	0	0	0	0	0	0	0	0	0	0	0	0	0	0	0	0	0	0	0	0	0	0	0	0	0	0	0	0	0	0	0	53	0	0	0	0	0	0	0	0	0	0	0	0	0	0	0	0	0	0	0	0	0	0	0	0	0	0	0	0	0	0	0	0	0	0	0	0	0	0	0	0	0	0	0	0	0	0	0	0	0	0	0	0	0	0	0	0	0	0	0	0	0	0	0	0	0	0	0	0	0	0	0	0	0	0	0	0	0	0	0	0	0	0	0	0	0
k__Bacteria;p__Firmicutes;c__Clostridia;o__Clostridiales;f__Family XIII;g__Mogibacterium	0	0	0	0	0	0	0	0	0	0	0	0	0	0	0	58	0	0	60	123	0	0	0	0	0	0	0	0	0	0	0	0	0	0	0	0	0	0	0	0	0	0	0	0	0	0	0	0	0	13	0	0	0	0	0	30	0	19	0	39	0	0	0	0	0	0	0	0	0	0	0	0	0	0	0	0	0	0	0	0	0	0	0	0	0	0	0	0	0	0	0	0	0	0	0	0	0	0	0	0	0	0	0	0	0	0	0	0	0	0	0	0	0	0	0	0	0	0	0	0	0	0	0	0	0	0	0	0	0	0
k__Bacteria;p__Firmicutes;c__Clostridia;o__Clostridiales;f__Family XIII;g__NA	0	19	0	0	0	0	0	0	0	0	47	0	179	0	26	0	0	0	0	14	96	15	68	15	21	0	0	0	0	0	0	0	0	0	0	0	0	0	0	0	0	0	0	0	0	153	0	198	0	131	17	0	0	0	18	11	0	0	0	0	0	27	64	0	11	778	797	876	516	589	78	82	71	62	64	146	75	69	60	50	180	126	90	77	117	89	93	129	100	107	168	336	302	348	383	107	0	24	69	21	0	142	70	95	168	110	97	100	138	84	90	81	110	92	156	50	100	110	120	84	0	0	0	0	103	0	107	132	136	164
k__Bacteria;p__Firmicutes;c__Clostridia;o__Clostridiales;f__Lachnospiraceae;g__Anaerostipes	0	34	44	64	0	17	0	0	0	0	110	88	114	256	200	20	20	14	11	47	0	0	0	0	21	153	16	106	0	168	338	81	538	4121	223	21	1450	25	589	25	909	3930	699	849	134	580	2735	338	137	42	0	0	0	0	0	83	0	133	428	131	0	0	15	0	0	49	80	69	62	67	1235	1298	1246	1196	1435	1123	1166	1151	1256	1045	1621	1008	907	738	1103	801	1241	1346	1377	1332	1689	1844	1547	1694	1661	1297	0	1427	1000	1617	1204	1251	800	1101	1717	1144	1636	2014	3133	2782	3033	569	661	1156	1609	2221	3197	252	367	284	0	1666	1334	1270	674	22	1127	1049	1088	1419
k__Bacteria;p__Firmicutes;c__Clostridia;o__Clostridiales;f__Lachnospiraceae;g__Blautia	5628	11141	8289	4978	22947	9519	5010	15191	8093	5956	2255	2338	3088	5789	2397	2809	4867	2399	3393	3983	2898	0	6842	557	3506	2230	1349	5769	3907	4193	9319	3584	8013	20273	3465	2001	629	4170	3394	3463	15232	10077	15231	15033	7965	4206	2227	8333	7510	4141	902	11	712	3676	746	5652	957	6919	2431	5869	817	2503	5650	0	4374	6859	7833	5977	6821	6977	6371	7264	8060	6700	7722	30240	5977	5890	6881	5818	32555	11548	10138	10159	12530	10032	20024	22624	19894	18930	28020	8461	7118	8045	7644	19558	0	20801	30511	26030	18932	20729	11806	15024	27388	19564	24891	20811	15769	13945	16585	20895	28192	10800	27539	9359	17037	16431	16454	16601	0	27809	21906	23183	37445	141	32287	29096	31725	37683
k__Bacteria;p__Firmicutes;c__Clostridia;o__Clostridiales;f__Lachnospiraceae;g__Blautia-Lachnoclostridium	0	0	0	0	0	0	0	106	0	0	341	57	185	169	175	25	0	0	11	56	37	0	39	0	35	0	0	0	0	0	0	0	0	0	0	0	0	0	0	0	0	13	0	0	0	312	154	171	137	232	26	0	52	103	18	70	0	49	17	66	0	0	0	0	0	217	228	193	191	236	11	16	12	16	0	52	13	11	14	13	64	71	38	64	89	45	92	73	123	96	115	134	112	111	132	95	0	0	0	0	0	99	53	61	151	78	24	20	52	49	37	0	0	108	13	42	59	53	33	62	0	0	0	0	17	0	82	53	57	63
k__Bacteria;p__Firmicutes;c__Clostridia;o__Clostridiales;f__Lachnospiraceae;g__Blautia-Marvinbryantia	0	0	0	0	0	0	0	0	0	0	0	0	0	0	0	0	0	0	0	0	0	0	0	0	0	0	0	0	0	0	61	0	0	0	0	0	0	0	0	0	0	0	0	0	0	0	0	0	0	0	0	0	0	0	0	0	0	0	0	0	0	0	0	0	0	0	0	0	0	0	0	0	0	0	0	180	0	0	0	0	167	0	0	0	0	0	119	0	0	0	0	0	0	0	0	111	0	0	184	0	0	0	97	0	0	0	0	0	0	25	0	0	0	0	0	0	0	0	0	0	0	0	13	0	0	0	196	149	0	215
k__Bacteria;p__Firmicutes;c__Clostridia;o__Clostridiales;f__Lachnospiraceae;g__Blautia-Roseburia	0	0	0	0	0	0	0	0	0	0	0	0	0	0	0	0	0	0	0	0	0	0	0	0	0	0	0	0	0	0	0	0	0	0	0	0	0	0	0	0	0	0	0	0	0	0	0	0	0	0	0	0	0	0	0	0	0	0	0	0	0	0	0	0	0	0	0	0	0	0	0	0	0	0	0	16	0	0	0	0	0	0	0	0	0	0	0	0	0	0	0	0	0	0	0	0	0	0	0	0	0	0	0	0	0	0	0	0	0	0	0	0	0	0	0	0	0	0	0	0	0	0	0	0	0	0	0	12	0	0
k__Bacteria;p__Firmicutes;c__Clostridia;o__Clostridiales;f__Lachnospiraceae;g__Cellulosilyticum	0	0	0	0	0	0	0	0	0	0	0	0	0	0	0	0	0	0	0	0	0	0	0	0	11	0	0	0	0	0	0	0	0	0	0	0	0	0	0	0	0	0	0	0	0	0	0	0	0	0	0	0	0	0	0	0	0	0	0	0	0	0	0	0	0	0	0	0	0	0	0	0	0	0	0	0	0	0	0	0	0	0	0	0	0	0	0	0	0	0	0	0	0	0	0	0	0	0	0	0	0	0	0	0	0	0	0	0	21	0	13	0	0	0	0	0	0	0	0	0	0	0	0	0	0	0	0	0	0	0
k__Bacteria;p__Firmicutes;c__Clostridia;o__Clostridiales;f__Lachnospiraceae;g__Coprococcus	18	142	56	20	0	0	0	340	0	0	410	333	322	353	538	292	33	113	213	334	580	0	453	86	358	128	0	42	0	140	0	0	0	0	0	369	52	287	276	143	34	146	26	25	0	245	668	312	243	412	347	16	294	527	412	582	0	388	422	553	59	170	148	59	65	427	522	395	456	454	666	801	861	748	808	532	719	827	801	654	580	1139	958	991	1256	955	285	327	266	453	404	64	49	49	46	1004	0	0	16	0	0	302	162	222	364	305	201	293	573	496	563	29	27	97	241	273	402	118	111	115	0	0	0	0	44	0	588	527	599	753
k__Bacteria;p__Firmicutes;c__Clostridia;o__Clostridiales;f__Lachnospiraceae;g__Dorea	0	44	0	11	0	0	0	0	0	0	917	1370	1272	1591	442	14	159	19	34	69	52	61	38	406	11	27	0	18	0	22	182	14	59	701	12	862	314	882	971	411	670	1142	507	380	572	197	1153	119	341	22	143	132	118	772	45	72	17	41	152	38	151	368	509	0	370	825	1004	758	802	756	1537	1724	1692	1415	1690	1112	1377	1545	1387	1132	1718	1030	816	797	972	815	2081	2448	2380	2025	3084	983	875	993	926	1471	0	2773	2286	3550	1082	2565	1344	2004	3221	2184	1019	1150	2058	1545	1898	528	525	1399	1098	1410	2728	2111	2393	1870	0	1930	1501	1599	570	0	1304	1572	1417	1586
k__Bacteria;p__Firmicutes;c__Clostridia;o__Clostridiales;f__Lachnospiraceae;g__Eisenbergiella	0	23	0	21	0	0	0	0	0	0	0	0	0	0	0	0	0	0	0	0	0	0	0	0	0	0	0	0	0	0	0	31	195	0	218	0	0	0	0	0	138	0	28	0	57	13	0	0	0	0	0	0	0	0	0	0	0	0	0	0	0	0	25	0	0	0	0	0	0	0	0	0	0	0	0	0	0	0	0	0	0	0	0	0	0	0	0	0	0	0	0	269	212	257	293	0	0	0	0	0	0	0	0	0	0	0	0	0	14	0	0	0	0	0	0	0	0	0	0	0	0	0	0	0	0	0	0	0	0	0
k__Bacteria;p__Firmicutes;c__Clostridia;o__Clostridiales;f__Lachnospiraceae;g__Epulopiscium	0	0	0	0	0	0	0	0	0	0	0	0	0	0	0	0	0	0	0	0	0	0	0	0	0	0	0	0	0	0	0	0	0	0	0	0	0	0	0	0	0	0	0	0	0	0	0	0	0	0	110	0	46	0	148	0	0	13	0	0	0	0	0	0	0	0	0	0	0	0	0	0	0	0	0	0	0	0	0	0	0	0	0	0	0	0	0	0	0	0	0	0	0	0	0	0	0	0	0	0	0	0	0	0	0	0	0	0	0	0	0	0	0	0	0	0	0	0	0	0	0	0	0	0	0	0	0	0	0	0
k__Bacteria;p__Firmicutes;c__Clostridia;o__Clostridiales;f__Lachnospiraceae;g__Eubacterium	407	1473	19	210	4066	713	4132	183	2468	0	195	2158	301	1401	46	159	33	62	88	168	58	0	78	15	55	0	0	0	0	0	14	52	23	0	12	18	0	85	285	50	65	658	81	59	0	367	576	259	353	98	152	0	72	468	62	150	0	206	360	192	26	81	114	0	120	219	234	196	208	215	4787	5449	5441	4987	5648	4041	4656	4993	5045	4221	4335	2906	2364	2337	3073	2292	3567	4098	3664	3515	5095	2771	2313	2492	2254	2212	0	0	688	0	2405	3686	1969	2736	5129	3548	2044	2448	4067	3595	4244	970	1352	1577	2289	2260	3889	2010	2162	2066	0	3564	2812	2970	2076	0	4094	3661	3809	4984
k__Bacteria;p__Firmicutes;c__Clostridia;o__Clostridiales;f__Lachnospiraceae;g__Fusicatenibacter	56	121	62	104	491	19	20	86	473	0	67	33	347	4527	59	185	94	67	82	249	24	0	91	0	0	71	330	46	549	72	272	903	5990	4814	135	41	27	351	0	46	53	374	812	5893	21	30	365	766	8622	84	0	0	0	148	0	352	23	2425	6987	499	74	59	16	36	0	15	24	14	16	22	838	862	945	806	979	2244	797	808	824	712	2833	3770	3229	3240	4015	3036	822	872	894	1387	1182	16	12	15	15	3332	0	331	1027	394	2454	868	430	601	983	744	1256	871	347	321	471	1210	1648	873	1426	1032	1539	422	469	424	0	5578	4369	4701	2940	46	2553	2269	2407	3050
k__Bacteria;p__Firmicutes;c__Clostridia;o__Clostridiales;f__Lachnospiraceae;g__Howardella	0	0	0	0	0	0	0	0	0	0	0	0	0	0	0	0	0	0	0	0	0	0	0	0	0	0	0	0	0	0	0	0	0	0	0	0	0	0	0	0	0	0	0	0	0	0	0	0	0	0	0	0	0	0	0	0	0	0	0	0	0	0	0	0	0	55	24	30	33	50	0	0	0	0	0	0	0	0	0	0	0	0	0	0	0	0	0	0	0	0	0	0	0	0	0	0	0	0	0	0	0	0	0	0	0	0	0	0	0	0	0	0	0	0	0	0	0	0	0	0	0	0	0	0	0	0	0	0	0	0
k__Bacteria;p__Firmicutes;c__Clostridia;o__Clostridiales;f__Lachnospiraceae;g__Hungatella	0	0	0	0	0	0	0	0	0	0	0	0	0	0	0	0	0	0	0	36	0	0	0	0	0	0	0	0	0	0	0	0	0	0	0	377	0	248	0	259	0	0	18	0	0	91	0	38	20	18	0	0	0	0	0	25	0	35	0	12	31	117	454	0	87	0	0	0	0	0	0	0	0	0	0	0	0	0	0	0	0	0	0	0	0	0	0	0	0	0	0	66	42	68	57	0	0	0	0	0	0	0	0	0	0	0	0	0	0	0	0	0	0	0	0	0	0	0	0	0	0	0	0	0	0	0	0	0	0	0
k__Bacteria;p__Firmicutes;c__Clostridia;o__Clostridiales;f__Lachnospiraceae;g__Lachnoclostridium	793	2864	1558	3191	501	1384	27	826	312	426	1545	407	1377	187	2502	2650	200	918	1515	2506	3881	0	2202	71	3029	3848	1393	690	89	638	2866	563	3693	39	3185	230	46	438	81	1141	3500	1655	2430	1426	3759	2540	1229	2860	307	2885	3139	81	2099	853	5406	5910	56	4015	395	8032	211	535	437	11	647	2135	2398	1938	1996	1951	5646	5822	5909	4993	6182	1804	5007	5284	4851	4049	2425	1177	917	1011	1190	968	1264	1486	1325	1253	1817	859	700	756	805	1162	0	507	530	557	90	1492	705	1061	1922	1274	917	1149	2002	1658	2056	243	366	1169	978	1587	2580	832	922	808	0	145	128	144	542	88	2153	2002	2302	2645
k__Bacteria;p__Firmicutes;c__Clostridia;o__Clostridiales;f__Lachnospiraceae;g__Lachnoclostridium-Roseburia	0	0	0	0	0	0	0	0	0	0	0	0	0	0	0	0	0	0	0	0	0	0	30	0	34	0	0	0	0	0	0	0	0	0	0	0	0	0	0	0	0	0	0	0	0	0	0	0	0	0	0	0	0	0	0	31	0	17	61	23	0	0	0	0	0	0	0	0	0	0	195	212	181	162	195	156	230	299	282	243	83	14	21	21	30	22	53	67	44	60	88	0	0	0	0	33	0	0	0	0	0	43	29	52	57	50	75	115	218	186	201	0	0	0	101	0	15	12	0	12	0	0	0	0	0	0	130	95	107	155
k__Bacteria;p__Firmicutes;c__Clostridia;o__Clostridiales;f__Lachnospiraceae;g__Lachnospira	0	0	0	0	0	0	0	0	0	48	0	0	0	0	0	0	0	0	0	0	0	0	0	0	0	84	0	88	28	132	28	0	35	26	21	0	0	0	0	0	38	73	16	32	18	0	0	0	0	0	11	0	0	12	0	0	0	0	0	0	0	0	0	0	0	0	0	0	0	0	0	0	0	0	0	0	0	0	0	0	0	0	0	0	0	0	23	23	15	16	26	0	0	0	0	0	0	0	0	0	0	18	16	0	32	33	0	0	0	0	0	0	0	0	0	0	0	0	0	0	0	0	0	0	0	0	0	0	0	0
k__Bacteria;p__Firmicutes;c__Clostridia;o__Clostridiales;f__Lachnospiraceae;g__Lactonifactor	0	15	13	26	0	0	0	0	0	0	13	0	0	0	13	0	0	0	0	0	18	0	0	0	0	0	0	318	0	0	0	0	0	0	0	0	0	0	0	0	0	0	0	0	0	0	0	0	0	19	0	0	0	0	0	0	0	0	0	0	0	0	0	0	0	0	0	0	0	0	0	0	0	0	0	0	0	0	0	0	0	0	0	0	0	0	0	0	0	0	0	0	0	0	0	0	0	0	0	0	0	0	0	0	0	0	0	0	0	0	0	0	0	0	0	0	0	0	0	0	0	0	0	0	0	0	0	0	0	0
k__Bacteria;p__Firmicutes;c__Clostridia;o__Clostridiales;f__Lachnospiraceae;g__Marvinbryantia	0	18	23	73	0	89	13	47	16	0	13	0	14	0	0	49	47	0	23	52	103	0	135	0	120	0	0	0	0	0	0	0	0	0	0	0	0	0	0	0	0	0	0	0	0	0	11	0	49	0	38	0	49	36	0	43	0	52	22	49	0	0	0	0	0	616	696	489	628	575	63	63	64	54	58	98	67	69	59	49	96	334	291	274	375	257	340	391	421	376	495	80	13	109	14	334	0	0	0	0	0	396	201	305	467	319	61	118	188	162	204	0	0	85	52	78	184	192	197	167	0	0	0	0	0	0	100	89	98	112
k__Bacteria;p__Firmicutes;c__Clostridia;o__Clostridiales;f__Lachnospiraceae;g__NA	86	1665	497	769	43	900	36	696	89	243	1158	616	1834	595	389	1167	148	145	311	569	1104	12	669	0	937	170	26	132	0	277	3549	1239	9113	13	8320	803	0	1132	1682	950	1156	1936	2515	2876	568	2091	1408	708	614	1803	475	26	536	668	522	2298	19	2246	1623	2307	101	385	1006	16	645	564	689	540	576	527	1791	1995	1951	1740	2098	1489	1647	1699	1785	1512	1863	1004	797	856	1146	785	1710	1794	1762	1560	2367	2393	2235	2390	2450	1062	0	1119	2702	1135	1352	1989	934	1229	2391	1736	2599	1783	768	623	770	2744	3722	1164	3122	854	1545	1414	1516	1220	0	2320	1930	1940	5061	69	1542	1214	1505	1842
k__Bacteria;p__Firmicutes;c__Clostridia;o__Clostridiales;f__Lachnospiraceae;g__Oribacterium	0	0	0	0	0	0	0	0	0	0	0	0	0	0	0	0	0	0	0	0	0	0	0	0	0	0	0	0	0	0	0	0	0	0	0	0	0	0	0	0	0	0	0	0	0	0	0	0	0	0	0	0	0	0	0	0	0	0	0	0	0	0	0	0	0	14	0	0	0	0	0	0	0	0	0	0	0	0	0	0	0	0	0	0	0	0	0	0	0	0	0	0	12	0	0	0	0	0	0	0	0	0	0	0	0	0	0	0	0	0	0	0	0	0	0	0	0	0	0	0	0	0	0	0	0	0	0	0	0	0
k__Bacteria;p__Firmicutes;c__Clostridia;o__Clostridiales;f__Lachnospiraceae;g__Robinsoniella	0	0	0	0	0	0	0	0	0	0	0	0	0	0	0	0	0	0	0	0	0	0	0	0	0	0	0	0	0	0	0	0	0	0	0	0	0	0	0	0	1032	225	1461	108	1542	307	0	379	21	206	0	0	0	0	0	93	15	104	0	126	0	0	0	0	0	0	0	0	0	0	0	0	0	0	0	0	0	0	0	0	0	0	0	0	0	0	0	0	0	0	0	0	0	0	0	0	0	0	0	0	0	0	0	0	0	0	0	0	0	0	0	0	0	0	0	0	0	0	0	0	0	0	0	0	0	0	0	0	0	0
k__Bacteria;p__Firmicutes;c__Clostridia;o__Clostridiales;f__Lachnospiraceae;g__Roseburia	143	102	246	17	275	116	29	48	0	0	29	13	31	53	0	25	14	0	40	18	16	0	0	11	56	302	30	89	0	512	599	64	597	175	610	107	0	44	248	53	299	145	150	133	513	0	19	11	20	0	13	0	0	21	0	37	0	29	0	32	118	423	0	0	0	69	78	27	60	36	0	0	17	0	15	462	0	0	12	0	469	110	105	95	125	96	257	327	306	283	463	19	20	32	22	119	0	0	33	15	16	330	162	219	372	270	25	12	34	19	0	24	34	41	41	29	22	17	15	13	0	25	25	29	63	0	423	369	356	514
k__Bacteria;p__Firmicutes;c__Clostridia;o__Clostridiales;f__Lachnospiraceae;g__Ruminococcus	0	0	0	0	0	0	0	0	0	0	0	0	0	0	0	0	0	0	0	0	0	0	0	0	0	0	0	0	0	0	0	0	0	0	0	0	0	0	0	0	0	0	0	0	0	0	0	0	0	0	0	0	0	0	0	0	0	0	0	0	0	0	0	0	0	0	0	0	0	0	0	0	0	0	0	0	0	0	0	0	0	0	0	0	0	0	0	0	0	0	0	0	0	11	0	0	0	0	0	0	0	0	0	0	0	0	0	0	0	0	0	0	0	0	0	0	0	0	0	0	0	0	0	0	0	0	0	0	0	0
k__Bacteria;p__Firmicutes;c__Clostridia;o__Clostridiales;f__Lachnospiraceae;g__Shuttleworthia	0	0	0	0	0	0	0	0	0	0	0	0	0	0	0	0	0	0	0	0	0	0	0	0	0	0	0	0	0	0	0	0	0	0	0	0	0	0	0	0	0	0	0	0	0	0	0	0	0	0	0	0	0	0	0	0	0	0	0	0	0	0	0	0	0	0	0	0	0	0	0	0	0	0	0	0	0	0	0	0	0	0	0	0	0	0	0	0	0	0	0	0	0	12	0	0	0	0	0	0	0	0	0	0	0	0	0	0	0	0	0	0	0	0	0	0	0	0	0	0	0	0	0	0	0	0	0	0	0	0
k__Bacteria;p__Firmicutes;c__Clostridia;o__Clostridiales;f__Lachnospiraceae;g__Tyzzerella	0	0	24	15	0	23	0	0	0	0	106	0	17	0	0	0	0	0	0	0	0	0	0	0	0	34	0	15	0	67	137	13	158	0	191	0	0	0	0	0	73	0	18	0	54	0	0	0	0	0	11	0	0	0	0	0	0	0	0	0	23	54	122	0	182	0	0	0	0	0	0	0	0	0	0	0	0	0	0	0	0	0	11	0	0	0	0	0	0	0	0	0	0	0	0	0	0	0	0	0	0	0	0	0	0	0	0	0	0	0	0	0	0	0	0	0	0	0	0	0	0	0	0	0	0	0	0	0	0	0
k__Bacteria;p__Firmicutes;c__Clostridia;o__Clostridiales;f__NA;g__Alkaliphilus	0	0	0	0	0	0	0	0	0	0	0	0	0	0	0	0	0	0	0	0	0	0	0	0	0	0	0	0	16	0	0	0	0	0	0	0	0	0	0	0	0	0	0	0	0	0	0	0	0	0	0	0	0	0	0	0	0	0	0	0	0	0	0	0	0	0	0	0	0	0	0	0	0	0	0	0	0	0	0	0	0	0	0	0	0	0	0	0	0	0	0	0	0	0	0	0	0	0	0	0	0	0	0	0	0	0	0	0	0	0	0	0	0	0	0	0	0	0	0	0	0	0	0	0	0	0	0	0	0	0
k__Bacteria;p__Firmicutes;c__Clostridia;o__Clostridiales;f__NA;g__NA	0	0	0	0	0	0	0	0	0	0	0	11	505	14	18	72	108	39	57	55	991	1031	634	1229	963	0	0	0	0	1868	0	23	0	0	0	0	0	0	0	0	0	0	0	0	0	0	0	25	0	0	426	2058	889	703	872	58	35	56	49	64	0	0	0	0	0	3042	3845	2554	3477	3201	0	0	0	0	0	0	0	0	0	0	0	42	37	16	41	31	163	192	147	136	208	33	42	32	21	54	0	0	0	0	0	158	78	116	242	145	11	0	14	13	13	0	0	96	0	0	20	76	64	64	0	0	0	11	0	0	0	0	0	0
k__Bacteria;p__Firmicutes;c__Clostridia;o__Clostridiales;f__NA;g__Sarcina	0	0	0	0	0	0	0	0	0	0	0	0	67	0	0	0	0	0	0	0	0	0	0	0	0	0	61	0	0	0	0	23	0	0	0	0	0	0	0	0	0	0	0	0	0	0	0	0	0	0	0	0	0	0	0	0	0	0	0	0	0	0	0	0	0	0	0	0	0	0	0	0	0	0	0	0	0	0	0	0	0	0	0	0	0	0	0	0	0	0	0	0	0	0	0	0	0	0	0	0	0	0	0	0	0	0	0	0	0	0	0	0	0	0	0	0	0	0	0	0	0	0	0	0	0	0	0	0	0	0
k__Bacteria;p__Firmicutes;c__Clostridia;o__Clostridiales;f__Peptococcaceae;g__NA	0	0	0	0	0	0	0	0	0	0	0	0	0	0	0	0	0	0	0	0	0	0	0	0	0	0	0	0	0	0	0	0	0	0	0	0	0	0	0	0	0	0	0	0	0	0	0	0	0	21	0	0	0	0	0	0	0	0	0	0	0	0	0	0	0	0	0	0	0	0	0	0	0	0	0	0	0	0	0	0	0	0	0	0	0	0	0	0	0	0	0	0	0	0	0	0	0	0	0	0	0	0	0	0	0	0	0	0	0	0	0	0	0	0	0	0	0	0	0	0	0	0	0	0	0	0	0	0	0	0
k__Bacteria;p__Firmicutes;c__Clostridia;o__Clostridiales;f__Peptococcaceae;g__Peptococcus	0	0	0	0	0	0	0	0	0	0	64	23	27	57	44	0	0	0	0	0	0	0	0	0	0	0	0	0	0	0	0	0	0	0	0	0	0	0	0	0	0	0	0	0	0	737	76	688	150	1118	0	0	0	0	0	0	0	0	0	0	0	0	0	0	0	0	0	0	0	0	0	0	0	0	0	0	0	0	0	0	0	0	0	0	0	0	0	0	0	0	0	83	51	74	68	0	0	0	0	0	0	0	0	0	0	0	86	183	283	231	289	0	0	0	105	0	0	0	0	0	0	0	0	0	0	0	0	0	0	0
k__Bacteria;p__Firmicutes;c__Clostridia;o__Clostridiales;f__Peptostreptococcaceae;g__Asaccharospora	0	1135	0	0	0	343	0	277	0	261	0	0	0	0	0	0	0	0	0	102	0	0	0	0	0	0	0	0	0	0	0	0	0	0	98	0	0	0	0	0	0	0	0	0	0	0	0	0	0	0	0	0	0	0	0	0	0	0	0	0	0	46	0	0	0	0	0	0	0	0	0	0	0	0	0	0	0	0	0	0	0	0	0	0	0	0	0	0	0	0	0	0	0	0	0	0	0	0	0	0	0	0	0	0	0	0	0	0	0	0	0	0	0	0	0	0	0	0	0	0	0	0	0	0	0	0	0	0	0	0
k__Bacteria;p__Firmicutes;c__Clostridia;o__Clostridiales;f__Peptostreptococcaceae;g__Asaccharospora-Intestinibacter	0	0	0	0	0	0	0	0	0	0	0	0	0	0	0	0	0	0	0	0	0	0	0	0	0	0	0	0	0	0	0	0	0	0	0	0	0	0	0	0	0	0	0	0	0	0	0	0	0	0	0	0	0	0	0	0	0	0	0	0	16	0	0	0	28	0	0	0	0	0	0	0	0	0	0	0	0	0	0	0	0	0	0	0	0	0	0	0	0	0	0	0	0	0	0	0	0	0	0	0	0	0	0	0	0	0	0	0	0	0	0	0	0	0	0	0	0	0	0	0	0	0	0	0	0	0	0	0	0	0
k__Bacteria;p__Firmicutes;c__Clostridia;o__Clostridiales;f__Peptostreptococcaceae;g__Intestinibacter	0	0	0	0	0	0	0	0	0	0	4083	27	5076	68	2377	1333	221	597	1029	1639	0	0	0	19	0	2745	331	1496	36	3929	1492	589	1869	243	636	0	0	390	0	112	26	25	16	35	13	38	21	43	36	43	0	29	0	0	51	116	77	124	78	132	72	189	0	0	180	44	62	41	54	48	0	0	0	0	0	0	0	0	0	0	0	20	0	0	15	0	293	342	312	298	397	227	189	190	143	39	0	83	353	155	398	349	157	300	427	275	543	466	258	219	247	421	652	328	644	137	334	185	251	218	0	429	398	370	796	23	0	0	0	0
k__Bacteria;p__Firmicutes;c__Clostridia;o__Clostridiales;f__Peptostreptococcaceae;g__Paeniclostridium	0	0	0	0	0	0	0	0	0	407	0	0	74	0	1639	0	0	0	0	0	0	0	0	0	0	0	0	0	0	0	549	1266	382	921	1708	0	0	0	0	0	0	0	0	0	0	0	0	0	0	0	0	0	0	0	51	0	0	0	0	0	0	0	0	0	0	0	0	0	0	0	0	0	0	0	0	0	0	0	0	0	0	0	0	0	0	0	0	0	0	0	0	0	0	0	0	0	0	0	0	0	0	0	0	0	0	0	0	0	0	0	0	0	0	110	0	0	0	0	0	0	0	0	0	0	0	0	0	0	0	0
k__Bacteria;p__Firmicutes;c__Clostridia;o__Clostridiales;f__Peptostreptococcaceae;g__Paraclostridium-Peptoclostridium	0	0	0	0	0	0	0	0	0	0	0	0	78	0	29	0	0	0	0	0	0	0	0	0	0	0	0	67	0	0	0	0	0	0	0	0	0	0	0	0	18874	12222	11269	18654	14652	28698	14650	20687	9812	10053	108	0	0	0	0	9129	31363	11381	4070	5767	0	0	302	0	0	0	0	0	0	0	0	0	0	0	0	0	0	0	0	0	0	0	0	0	0	0	0	0	0	0	0	0	0	0	0	0	0	0	0	0	0	0	0	0	0	0	0	0	0	0	0	0	0	514	0	0	0	0	0	0	0	0	0	0	0	0	0	0	0	0
k__Bacteria;p__Firmicutes;c__Clostridia;o__Clostridiales;f__Peptostreptococcaceae;g__Peptoclostridium	0	0	0	0	0	0	0	0	0	0	0	0	0	0	11	0	0	0	0	0	0	0	0	0	0	0	0	0	0	0	0	0	0	0	0	0	0	0	0	0	0	0	0	0	0	0	0	0	0	0	0	0	0	0	0	0	0	0	0	0	0	0	0	0	0	0	0	0	0	0	0	0	0	0	0	0	0	0	0	0	0	0	0	0	0	0	0	0	0	0	0	0	0	0	12	0	0	0	0	0	0	0	0	0	0	0	0	0	0	0	0	0	0	0	0	0	0	0	0	0	0	0	0	0	0	0	0	0	0	0
k__Bacteria;p__Firmicutes;c__Clostridia;o__Clostridiales;f__Peptostreptococcaceae;g__Peptostreptococcus	0	0	0	0	0	0	0	0	0	0	0	0	0	0	0	0	0	0	0	0	0	0	0	0	0	0	0	0	0	0	0	0	0	0	0	0	0	0	0	0	0	0	0	0	0	0	0	0	0	0	0	0	0	0	0	0	0	0	0	0	0	0	0	0	0	0	0	0	0	0	0	0	0	0	0	0	0	0	0	0	0	0	0	0	0	0	0	0	0	0	0	90	76	111	96	0	0	0	0	0	0	0	0	0	0	0	0	0	0	0	0	0	0	0	0	0	0	0	0	0	0	0	0	0	0	0	0	0	0	0
k__Bacteria;p__Firmicutes;c__Clostridia;o__Clostridiales;f__Peptostreptococcaceae;g__Romboutsia	208	366	41	227	121	170	153	155	182	72	23	19	1090	16	17	35	90	30	52	140	4178	3967	2454	4934	4088	4072	1162	2474	606	5458	186	632	239	350	303	0	0	0	0	0	57	32	44	46	153	20	17	20	0	19	1935	8436	3497	2619	3787	42	31	54	29	70	0	0	0	0	0	14775	17814	12366	15847	14743	0	0	0	0	0	548	0	0	0	0	782	1131	1064	908	1285	1020	142	111	121	451	165	4349	3619	4121	3381	1025	0	536	968	963	515	147	72	104	181	115	610	481	54	38	58	756	1009	737	799	1775	4091	6987	9506	6805	0	544	477	448	1328	26	579	456	509	729
k__Bacteria;p__Firmicutes;c__Clostridia;o__Clostridiales;f__Peptostreptococcaceae;g__Terrisporobacter	0	0	0	0	0	0	0	0	0	0	0	0	260	0	0	15	19	17	11	12	0	0	0	0	0	0	0	0	0	0	0	37	0	17	15	0	0	0	0	0	0	0	0	0	0	0	0	0	0	0	0	0	0	12	0	15	0	0	0	14	0	0	0	0	0	0	14	0	0	0	0	0	0	0	0	0	0	0	0	0	0	0	0	0	0	0	39	40	28	25	37	234	173	189	171	0	0	0	134	0	29	24	22	14	33	20	178	121	0	0	0	151	253	156	201	213	412	322	434	400	0	41	27	32	223	0	0	0	0	0
k__Bacteria;p__Firmicutes;c__Clostridia;o__Clostridiales;f__Ruminococcaceae;g__*Soleaferrea	0	69	28	54	0	97	0	44	0	0	12	0	0	0	0	29	0	0	14	15	0	0	0	0	13	153	62	94	0	191	0	0	0	0	0	0	0	0	0	0	27	65	28	0	53	19	0	12	0	18	28	0	0	0	11	22	0	19	0	37	0	0	44	0	0	0	0	0	0	0	0	0	0	0	0	0	0	0	0	0	0	0	0	0	0	0	0	0	0	0	0	0	0	0	0	0	0	0	0	0	0	0	0	0	0	0	0	0	0	0	0	0	0	0	0	0	0	0	0	0	0	0	0	0	0	0	0	0	0	0
k__Bacteria;p__Firmicutes;c__Clostridia;o__Clostridiales;f__Ruminococcaceae;g__Acetanaerobacterium	0	12	0	15	0	15	0	0	0	0	15	0	16	0	12	0	0	0	0	0	0	0	0	0	0	0	0	0	0	0	0	0	0	0	0	0	0	13	0	0	0	0	0	0	0	14	0	24	0	21	0	0	0	0	0	0	0	0	0	0	0	0	0	0	16	0	0	0	0	0	0	0	0	0	0	0	0	0	0	0	0	0	0	0	0	0	0	0	0	0	0	0	0	0	0	0	0	0	0	0	0	0	0	0	0	0	0	0	0	0	0	0	0	0	0	0	0	0	0	0	0	0	0	0	0	0	0	0	0	0
k__Bacteria;p__Firmicutes;c__Clostridia;o__Clostridiales;f__Ruminococcaceae;g__Anaerofilum	0	0	0	0	0	18	0	0	0	0	22	0	28	0	0	0	0	0	0	0	11	0	0	0	0	0	0	0	0	0	0	0	0	0	0	0	0	0	0	0	0	0	0	0	0	13	0	0	0	24	19	0	0	0	0	0	0	0	0	0	0	0	0	0	0	0	0	0	0	0	0	0	0	0	0	0	0	0	0	0	0	0	0	0	0	0	0	0	0	0	0	0	0	0	0	0	0	0	0	0	0	0	0	0	0	0	0	0	0	0	0	0	0	0	0	0	0	0	0	0	0	0	0	0	0	0	0	0	0	0
k__Bacteria;p__Firmicutes;c__Clostridia;o__Clostridiales;f__Ruminococcaceae;g__Anaerotruncus	0	0	0	0	0	13	0	0	0	0	78	0	141	0	235	242	13	96	184	51	0	0	0	0	0	0	0	0	0	0	0	0	0	0	0	19	0	15	0	18	0	0	0	0	0	194	0	40	0	1011	0	0	22	33	17	865	0	710	0	1018	0	0	15	0	14	0	0	0	0	0	0	0	0	0	0	0	0	0	0	0	0	67	81	63	87	60	37	44	55	48	60	12	0	12	0	39	0	0	0	0	0	49	22	29	53	33	0	0	0	0	0	0	0	55	0	0	0	0	0	0	0	0	0	0	0	0	0	0	0	0
k__Bacteria;p__Firmicutes;c__Clostridia;o__Clostridiales;f__Ruminococcaceae;g__Butyricicoccus-Ruminiclostridium	0	0	0	0	0	0	0	0	0	0	104	0	82	0	44	0	0	0	0	0	0	0	0	0	0	0	0	0	0	0	0	0	0	0	0	0	0	0	0	0	0	0	0	0	0	32	0	14	0	19	0	0	0	0	0	0	0	0	0	0	0	0	0	0	0	0	0	0	0	0	0	0	0	0	0	0	0	0	0	0	0	0	0	0	0	0	0	0	0	0	0	0	0	0	0	0	0	0	0	0	0	0	0	0	0	0	0	0	0	0	0	0	0	0	0	0	0	0	0	0	0	0	0	0	0	0	0	0	0	0
k__Bacteria;p__Firmicutes;c__Clostridia;o__Clostridiales;f__Ruminococcaceae;g__Eubacterium	0	0	0	0	0	0	0	0	0	0	0	0	0	0	0	0	0	0	0	0	0	0	0	0	0	0	0	0	0	0	54	21	236	0	199	0	0	0	0	0	55	0	25	0	19	0	0	0	0	0	0	0	0	0	0	0	0	0	0	0	0	0	0	0	0	0	0	0	0	0	0	0	0	0	0	0	0	0	0	0	0	0	0	0	0	0	0	0	0	0	0	0	0	0	0	0	0	0	0	0	0	0	0	0	0	0	0	0	0	0	0	0	0	0	0	0	0	0	0	0	0	0	0	0	0	0	0	0	0	0
k__Bacteria;p__Firmicutes;c__Clostridia;o__Clostridiales;f__Ruminococcaceae;g__Faecalibacterium	840	1027	737	352	4364	1756	2900	938	4349	1370	532	2131	731	1764	338	491	625	391	484	359	55	0	40	28	44	127	1421	296	270	80	0	197	1433	2225	36	21	472	122	754	80	167	2655	298	1123	19	580	1396	596	1162	565	0	0	0	30	0	527	104	681	1626	522	0	0	0	0	0	0	17	27	29	12	836	1000	1067	931	966	1202	748	827	848	700	1561	4211	3782	3780	4936	3900	7425	8555	7881	7286	10627	0	0	0	0	4748	0	760	708	1219	95	10004	4898	6661	12355	8326	244	279	403	359	423	71	129	1731	262	463	870	916	838	773	0	229	185	191	160	85	1225	783	1021	1379
k__Bacteria;p__Firmicutes;c__Clostridia;o__Clostridiales;f__Ruminococcaceae;g__Fastidiosipila	0	0	0	0	0	0	0	0	0	0	0	0	0	0	0	0	0	0	0	0	0	0	0	0	0	0	0	0	0	0	0	0	0	0	0	0	0	0	0	0	0	0	0	0	0	0	0	0	0	0	0	0	0	0	0	0	0	0	0	0	0	0	0	0	0	0	0	0	0	0	0	0	0	0	0	0	0	0	0	0	0	0	0	0	0	0	0	0	0	0	0	69	60	48	49	0	0	0	0	0	0	0	0	0	0	0	0	0	0	0	0	0	0	0	0	0	0	0	0	0	0	0	0	0	0	0	0	0	0	0
k__Bacteria;p__Firmicutes;c__Clostridia;o__Clostridiales;f__Ruminococcaceae;g__Flavonifractor	21	953	354	843	0	1116	0	537	13	0	84	0	388	0	98	225	0	95	135	424	22	0	0	0	0	1375	110	698	0	882	838	65	428	0	525	0	0	0	0	0	19	45	24	26	16	109	31	83	0	111	46	0	0	0	0	126	0	157	19	219	0	0	0	0	0	0	0	0	0	0	0	0	0	0	0	0	0	0	0	0	0	0	0	0	0	0	0	0	0	0	0	0	0	0	0	0	0	0	0	0	0	0	0	0	0	0	0	0	0	0	0	0	0	0	0	0	0	0	0	0	0	0	0	0	0	0	0	0	0	0
k__Bacteria;p__Firmicutes;c__Clostridia;o__Clostridiales;f__Ruminococcaceae;g__Hydrogenoanaerobacterium	0	0	0	0	0	0	0	0	0	0	0	0	14	0	0	0	0	0	0	0	96	0	0	0	157	0	0	0	0	0	0	0	0	0	0	0	0	0	0	0	0	0	0	0	0	0	0	0	0	0	307	0	0	0	80	0	0	0	0	0	0	0	0	0	0	0	0	0	0	0	0	0	0	0	0	0	0	0	0	0	0	0	0	0	0	0	0	0	0	0	0	0	0	0	0	0	0	0	0	0	0	0	0	0	0	0	0	0	0	0	0	0	0	0	0	0	0	0	0	0	0	0	0	0	0	0	0	0	0	0
k__Bacteria;p__Firmicutes;c__Clostridia;o__Clostridiales;f__Ruminococcaceae;g__Intestinimonas	0	0	0	0	0	0	0	0	0	0	0	0	0	0	0	0	0	0	0	0	0	0	0	0	0	0	0	0	0	0	0	0	0	0	0	0	0	0	0	0	46	31	18	15	12	21	11	19	0	0	0	0	0	0	0	0	0	0	0	0	0	0	0	0	0	0	0	0	0	0	0	0	0	0	0	0	0	0	0	0	0	0	0	0	0	0	0	0	0	0	0	0	0	0	0	0	0	0	0	0	0	0	0	0	0	0	0	0	0	0	0	0	0	0	0	0	0	0	0	0	0	0	0	0	0	0	0	0	0	0
k__Bacteria;p__Firmicutes;c__Clostridia;o__Clostridiales;f__Ruminococcaceae;g__NA	87	919	396	489	50	599	38	482	166	100	838	13	1284	281	785	898	164	319	624	949	1229	0	914	0	506	1178	0	973	0	2643	430	38	413	0	610	107	0	275	12	198	258	132	366	135	196	863	155	1308	1361	689	283	0	226	176	229	1833	28	2205	358	2103	48	174	229	0	498	770	815	643	735	651	212	304	276	270	290	1650	237	280	258	203	2831	1008	875	846	1086	896	1615	1798	1741	1651	2171	1126	939	1093	1044	913	0	384	764	485	63	2422	912	1253	2799	1755	765	667	538	431	503	611	912	900	886	534	1052	1011	1030	799	0	119	101	111	1233	0	2311	2073	2297	2777
k__Bacteria;p__Firmicutes;c__Clostridia;o__Clostridiales;f__Ruminococcaceae;g__Oscillibacter	0	0	0	0	0	0	0	0	0	0	0	0	0	0	0	0	0	0	0	0	0	0	0	0	0	0	0	0	0	0	0	0	0	0	0	0	0	0	0	0	0	0	0	0	0	0	0	0	0	16	0	0	0	0	0	0	0	0	0	0	0	0	0	0	0	0	0	0	0	0	0	0	0	0	0	0	0	0	0	0	0	0	0	0	0	0	0	0	0	0	0	0	0	0	0	0	0	0	0	0	0	0	0	0	0	0	0	0	0	0	0	0	0	0	0	0	0	0	0	0	0	0	0	0	0	0	0	0	0	0
k__Bacteria;p__Firmicutes;c__Clostridia;o__Clostridiales;f__Ruminococcaceae;g__Pseudoflavonifractor	0	0	0	41	0	15	0	0	0	0	0	0	0	0	0	0	0	0	0	0	0	0	0	0	0	0	0	0	0	0	0	0	0	0	0	0	0	0	0	0	0	0	0	0	0	0	0	0	0	0	0	0	0	0	0	0	0	0	0	0	0	0	0	0	0	0	0	0	0	0	0	0	0	0	0	0	0	0	0	0	0	0	0	0	0	0	0	0	0	0	0	0	0	0	0	0	0	0	0	0	0	0	0	0	0	0	0	0	0	0	0	0	0	0	0	0	0	0	0	0	0	0	0	0	0	0	0	0	0	0
k__Bacteria;p__Firmicutes;c__Clostridia;o__Clostridiales;f__Ruminococcaceae;g__Ruminiclostridium	12	34	13	39	0	27	0	34	0	76	28	0	246	0	44	0	24	14	21	0	29	0	99	0	0	184	86	143	18	203	259	13	79	0	46	182	72	254	119	190	159	158	141	96	107	161	207	144	190	105	45	0	47	46	11	49	0	123	81	53	68	248	169	0	241	0	0	0	0	0	176	212	181	169	177	237	138	188	173	158	207	93	109	91	140	76	662	696	693	576	952	49	28	27	32	110	0	145	118	192	0	701	336	498	970	638	39	42	80	67	70	16	12	47	41	171	271	152	222	122	0	0	0	0	37	0	204	161	182	293
k__Bacteria;p__Firmicutes;c__Clostridia;o__Clostridiales;f__Ruminococcaceae;g__Ruminococcus	0	0	0	0	0	0	0	0	0	0	271	57	144	83	343	0	0	0	0	170	0	0	0	0	0	0	0	0	0	0	0	0	0	0	0	0	0	0	0	0	0	0	0	0	0	60	21	63	31	85	14	0	0	0	0	0	0	0	0	0	512	1638	29	0	142	0	0	0	0	0	0	0	0	22	0	0	0	0	0	0	0	4706	3811	4096	4580	3598	0	0	0	768	0	1337	1192	1205	1294	3544	0	36	468	144	0	0	0	0	151	19	1733	2247	4180	3550	4196	680	918	359	2020	2735	3843	579	609	649	0	0	0	0	1109	0	0	0	0	0
k__Bacteria;p__Firmicutes;c__Clostridia;o__Clostridiales;f__Ruminococcaceae;g__Subdoligranulum	529	589	781	413	752	821	449	472	679	0	4839	1306	3396	4191	4905	5235	353	2273	3471	7506	1069	53	827	114	784	429	260	233	113	629	785	893	834	946	681	535	358	681	493	965	1005	1185	579	1855	628	3217	2705	3641	3252	3507	794	42	482	530	578	3434	133	3562	769	4968	284	410	688	507	324	1563	1907	1548	1443	1469	2136	2416	2398	2198	2530	518	1929	2153	1977	1714	691	1723	1456	1362	1785	1370	1350	1634	1581	1558	2004	90	88	83	81	1643	0	244	351	336	3082	1845	869	1208	2298	1448	853	1193	2057	1795	2180	289	427	610	948	2051	4061	4326	4616	4534	0	4463	3343	3630	540	40	573	529	549	712
k__Bacteria;p__Firmicutes;c__Erysipelotrichia;o__Erysipelotrichales;f__Erysipelotrichaceae;g__*Stoquefichus	0	0	0	0	0	0	0	0	0	0	0	0	0	0	0	0	0	0	0	0	0	0	0	0	0	0	0	0	0	0	0	21	89	0	0	0	0	0	0	0	0	0	0	0	0	0	0	0	0	0	0	0	0	0	0	0	0	0	0	0	0	0	0	0	0	0	0	0	0	0	0	0	0	0	0	0	0	0	0	0	0	0	0	0	0	0	0	0	0	0	0	0	0	0	0	0	0	0	0	0	0	0	0	0	0	0	0	0	0	0	0	0	0	0	0	0	0	0	0	0	0	0	0	0	0	0	0	0	0	0
k__Bacteria;p__Firmicutes;c__Erysipelotrichia;o__Erysipelotrichales;f__Erysipelotrichaceae;g__Catenibacterium	281	294	133	199	223	102	86	125	160	0	0	0	0	0	0	0	13	25	31	0	0	0	0	277	0	0	0	0	0	0	0	0	0	0	0	0	0	0	0	0	0	0	0	0	0	0	0	0	0	0	0	0	0	54	0	12	0	16	67	19	0	0	0	0	0	236	315	251	212	179	0	0	0	0	0	2299	0	0	0	0	5607	0	0	0	0	0	70	85	82	69	120	0	0	0	0	0	0	0	0	0	0	79	37	53	105	76	0	0	0	0	0	0	0	43	0	0	0	0	0	0	0	0	0	0	0	0	3309	3806	3435	4149
k__Bacteria;p__Firmicutes;c__Erysipelotrichia;o__Erysipelotrichales;f__Erysipelotrichaceae;g__Coprobacillus	0	0	0	0	0	0	0	0	0	0	0	0	0	0	0	0	0	0	0	0	0	0	0	0	0	0	0	0	0	0	20	0	18	0	25	0	0	0	0	0	80	0	136	13	43	0	0	0	0	0	0	0	0	0	0	0	0	0	0	0	0	0	0	0	0	0	0	0	0	0	0	0	0	0	0	0	0	0	0	0	0	0	0	0	0	0	0	0	0	0	0	0	0	11	17	0	0	0	0	0	0	0	0	0	0	0	0	0	0	0	0	0	0	0	0	0	0	0	0	0	0	0	0	0	0	0	0	0	0	0
k__Bacteria;p__Firmicutes;c__Erysipelotrichia;o__Erysipelotrichales;f__Erysipelotrichaceae;g__Dielma	0	34	79	0	0	0	0	0	0	0	16	0	0	0	16	0	0	0	0	0	0	0	0	0	0	0	0	0	0	0	0	0	0	0	0	42	0	26	0	65	0	0	0	0	0	0	0	0	0	15	35	0	19	0	93	0	0	0	0	0	0	0	16	0	0	0	0	0	0	0	0	0	0	0	0	0	0	0	0	0	0	0	0	0	0	0	0	0	0	0	0	0	0	0	0	0	0	0	0	0	0	0	0	0	0	0	0	0	0	0	0	0	0	0	0	0	0	0	0	0	0	0	0	0	0	0	0	0	0	0
k__Bacteria;p__Firmicutes;c__Erysipelotrichia;o__Erysipelotrichales;f__Erysipelotrichaceae;g__Erysipelatoclostridium	0	0	0	0	0	0	0	0	0	0	11	0	22	0	22	0	0	0	0	0	0	0	0	0	0	0	0	0	0	0	107	0	0	0	61	0	0	0	0	0	201	91	61	66	70	39	0	268	0	20	0	0	0	0	0	0	0	0	0	0	0	0	0	0	0	0	0	0	0	0	30	30	31	34	24	0	29	36	30	23	16	0	0	0	0	0	0	0	0	0	0	22	16	38	26	20	0	121	81	213	97	0	0	0	0	0	20	0	0	0	0	36	41	52	39	29	33	14	12	21	0	155	141	131	50	0	12	12	0	12
k__Bacteria;p__Firmicutes;c__Erysipelotrichia;o__Erysipelotrichales;f__Erysipelotrichaceae;g__Faecalitalea	0	17	19	14	0	0	0	0	0	0	0	0	0	0	0	0	0	0	0	0	0	0	0	0	0	0	0	0	0	0	55	0	11	0	0	19	0	16	0	202	0	0	0	0	0	0	0	0	0	0	0	0	0	0	0	0	0	0	0	0	0	0	0	0	0	0	0	0	0	0	0	0	0	0	0	265	0	0	0	0	523	0	0	0	0	0	0	0	0	0	0	63	73	87	82	0	0	18	112	19	60	0	0	0	0	0	161	91	0	0	0	211	193	108	161	0	0	0	0	0	0	69	48	38	266	0	287	238	252	366
k__Bacteria;p__Firmicutes;c__Erysipelotrichia;o__Erysipelotrichales;f__Erysipelotrichaceae;g__Holdemanella	0	0	0	0	0	0	0	0	0	0	23	0	328	0	0	0	0	0	0	0	2271	498	2689	242	1992	0	0	0	0	0	0	0	0	0	0	0	0	0	0	0	57	890	101	100	0	54	202	18	189	0	2512	113	1995	2803	3196	11	0	16	0	0	0	0	0	0	0	1573	1960	1659	1480	1439	0	0	0	0	0	0	0	0	0	0	0	74	51	51	62	73	0	0	0	18	0	0	0	0	0	490	0	4567	2087	5065	0	0	0	0	0	0	0	0	0	0	0	0	0	883	0	0	142	774	907	801	0	0	0	0	0	0	0	0	0	0
k__Bacteria;p__Firmicutes;c__Erysipelotrichia;o__Erysipelotrichales;f__Erysipelotrichaceae;g__Holdemania	19	186	455	259	0	268	0	88	20	0	31	0	19	0	17	0	0	0	0	0	0	0	0	0	0	117	27	69	0	48	0	0	0	0	0	16	0	30	0	16	54	30	15	0	17	22	0	31	13	14	21	0	0	0	0	19	0	14	0	0	0	0	0	0	0	0	0	0	0	0	0	0	0	0	0	0	0	0	0	0	0	0	0	0	0	0	0	0	0	0	0	0	0	0	0	0	0	0	0	0	0	0	0	0	0	0	0	0	0	0	0	0	0	81	0	0	0	0	0	0	0	0	0	0	0	0	0	0	0	0
k__Bacteria;p__Firmicutes;c__Erysipelotrichia;o__Erysipelotrichales;f__Erysipelotrichaceae;g__NA	16	61	33	25	0	65	0	24	13	0	41	0	97	20	99	237	46	69	164	199	383	299	376	1746	360	25	0	13	0	36	467	55	535	0	531	164	71	268	101	526	0	0	103	110	256	13	11	14	0	14	159	210	137	622	210	30	0	31	0	40	23	50	206	32	35	2053	2620	2213	1811	1776	797	864	796	804	889	341	680	781	665	636	478	594	438	446	581	485	928	1145	1025	934	1449	1645	1487	1607	1765	323	0	0	0	0	95	1150	534	817	1702	1017	97	147	315	279	333	0	0	325	76	577	1001	646	762	571	0	191	149	146	0	0	311	313	367	478
k__Bacteria;p__Firmicutes;c__Erysipelotrichia;o__Erysipelotrichales;f__Erysipelotrichaceae;g__Solobacterium	0	0	0	0	0	0	0	0	0	0	0	0	0	0	0	0	0	0	0	0	989	515	1289	584	877	0	0	0	0	0	0	0	0	0	0	24	0	0	0	0	0	57	19	0	0	0	22	0	14	11	3420	810	1437	2642	1418	0	12	245	12	0	0	0	0	0	0	136	163	161	137	164	0	0	0	0	0	0	0	0	0	0	0	0	0	0	0	0	0	0	0	0	0	0	0	0	0	0	0	0	0	0	0	0	0	0	0	0	0	0	0	0	0	0	0	58	0	0	125	782	891	611	0	0	0	0	0	0	0	0	0	0
k__Bacteria;p__Firmicutes;c__Erysipelotrichia;o__Erysipelotrichales;f__Erysipelotrichaceae;g__Turicibacter	0	15	0	0	0	0	0	0	11	0	100	25	449	28	33	11	17	0	0	18	51	86	39	88	69	0	0	0	0	0	41	188	74	116	63	0	0	0	0	0	54	77	70	27	55	33	16	35	28	31	17	115	56	35	47	11	0	14	0	0	0	0	0	0	0	186	290	185	227	179	0	0	0	0	0	17	0	0	0	0	52	0	0	0	0	0	21	25	24	16	32	1490	1121	1173	962	0	0	80	280	123	215	29	0	0	27	30	336	250	89	54	100	387	517	149	397	172	542	1345	1838	1487	0	205	180	159	771	0	16	20	22	26
k__Bacteria;p__Firmicutes;c__Negativicutes;o__Selenomonadales;f__Acidaminococcaceae;g__Phascolarctobacterium	0	0	0	0	0	0	0	0	0	0	0	0	104	0	0	80	0	50	75	236	0	0	0	0	0	0	0	0	0	0	0	0	0	0	0	0	0	0	0	0	159	252	194	401	128	88	176	107	83	0	0	0	0	0	0	82	0	160	303	79	0	0	0	0	0	0	0	0	0	0	0	0	0	0	0	0	0	0	0	0	0	0	0	0	0	0	26	40	46	23	38	0	0	0	0	0	0	0	0	0	0	25	0	15	29	24	0	0	0	0	0	0	0	51	0	0	0	0	0	0	0	0	0	0	0	0	0	0	0	0
k__Bacteria;p__Firmicutes;c__Negativicutes;o__Selenomonadales;f__Acidaminococcaceae;g__Succiniclasticum	0	0	0	0	0	0	0	0	0	0	0	0	0	0	0	0	0	0	0	0	0	0	0	0	0	0	0	0	0	0	0	0	0	0	0	0	0	0	0	0	0	0	0	0	0	0	0	0	0	0	0	0	0	0	0	0	0	0	0	0	0	0	0	0	0	0	0	0	0	0	0	0	0	0	0	0	0	0	0	0	0	0	0	0	0	0	0	0	0	0	0	115	94	97	127	0	0	13	0	0	0	0	0	0	0	0	0	0	0	0	0	0	0	0	0	0	0	0	0	0	0	0	0	0	0	0	0	0	0	0
k__Bacteria;p__Firmicutes;c__Negativicutes;o__Selenomonadales;f__Veillonellaceae;g__Dialister	0	0	0	0	0	0	0	0	0	0	573	179	150	234	638	0	0	0	0	0	0	0	0	0	0	0	0	0	0	0	0	0	0	0	0	0	0	0	0	0	0	0	0	0	0	80	23	35	170	149	0	0	0	0	0	0	0	0	0	0	0	0	0	0	0	0	0	0	0	0	0	0	13	11	16	0	0	11	0	0	0	221	183	191	199	180	0	0	0	49	0	57	39	40	43	128	0	0	0	0	45	0	0	0	0	0	11	26	59	45	67	0	0	0	16	0	0	0	0	0	0	58	49	46	0	0	0	0	0	0
k__Bacteria;p__Firmicutes;c__Negativicutes;o__Selenomonadales;f__Veillonellaceae;g__Megasphaera	16	0	0	0	0	0	0	0	0	0	0	0	0	0	0	0	0	0	0	0	0	0	0	0	0	0	0	0	0	0	0	0	0	0	0	0	0	0	0	0	0	58	16	0	0	14	253	0	21	0	0	0	0	0	0	0	1212	79	49	0	0	0	0	0	0	0	0	0	0	0	0	0	0	0	0	0	0	0	0	0	0	0	0	0	0	0	0	0	0	0	0	0	0	0	0	0	0	0	0	0	0	0	0	0	0	0	0	0	0	0	0	0	0	130	0	0	0	0	0	0	0	0	0	0	0	0	0	0	0	0
k__Bacteria;p__Firmicutes;c__Negativicutes;o__Selenomonadales;f__Veillonellaceae;g__Mitsuokella	0	0	0	0	0	0	0	0	0	0	0	0	0	0	0	0	0	0	0	0	0	0	0	0	0	0	0	0	0	0	0	0	0	0	0	0	0	0	0	0	0	0	0	0	0	0	0	0	0	0	0	0	0	0	0	0	0	0	0	0	0	0	0	0	0	0	0	0	0	0	0	0	0	0	0	0	0	0	0	0	0	0	0	0	0	0	0	0	0	0	0	0	0	0	0	0	0	0	0	0	0	0	0	0	0	0	0	0	0	0	0	0	0	23	0	0	0	0	0	0	0	0	0	0	0	0	0	0	0	0
k__Bacteria;p__Firmicutes;c__Negativicutes;o__Selenomonadales;f__Veillonellaceae;g__Negativicoccus	76	353	55	89	0	0	0	0	0	212	95	0	166	14	67	66	0	0	18	37	134	0	37	0	935	0	0	0	0	0	0	0	0	0	0	702	0	895	53	1061	0	59	0	0	0	122	217	61	134	263	1127	0	232	16	918	40	0	32	46	36	199	497	892	0	682	0	0	0	0	0	0	0	0	0	0	0	0	0	0	0	0	0	0	0	0	0	0	0	0	0	0	0	0	0	0	0	0	0	0	0	0	0	0	0	0	0	0	0	0	0	0	0	0	68	0	0	0	0	0	0	0	0	0	0	0	0	0	0	0	0
k__Bacteria;p__Firmicutes;c__Negativicutes;o__Selenomonadales;f__Veillonellaceae;g__Selenomonas	0	0	0	0	0	0	0	0	0	0	0	0	0	0	0	0	0	0	0	0	0	0	0	0	0	0	0	0	0	0	0	0	0	0	0	0	0	0	0	0	0	0	0	0	0	0	0	0	0	0	0	0	0	0	0	0	0	0	0	0	0	0	0	0	0	0	0	0	0	0	0	0	0	0	0	0	0	0	0	0	0	0	0	0	0	0	0	0	0	0	0	0	0	0	0	0	0	0	0	0	0	0	0	0	0	0	0	0	0	0	0	0	0	42	0	0	0	0	0	0	0	0	0	0	0	0	0	0	0	0
k__Bacteria;p__Fusobacteria;c__Fusobacteriia;o__Fusobacteriales;f__Fusobacteriaceae;g__Fusobacterium	0	0	0	0	0	0	0	0	0	0	0	0	0	0	0	0	0	0	0	0	0	0	0	0	0	0	0	0	0	0	0	0	0	0	0	0	0	0	0	0	0	0	0	0	0	0	0	0	0	0	0	0	0	0	0	0	0	0	0	0	0	0	0	0	0	0	0	0	0	0	0	0	0	0	0	0	0	0	0	0	0	0	0	0	0	0	0	0	0	0	0	17	0	16	12	0	0	0	0	0	0	0	0	0	0	0	0	0	0	0	0	0	0	47	0	0	0	0	0	0	0	0	0	0	0	0	0	0	0	0
k__Bacteria;p__Gemmatimonadetes;c__Gemmatimonadetes;o__Gemmatimonadales;f__Gemmatimonadaceae;g__NA	0	0	0	0	0	0	0	0	0	0	0	0	0	0	0	0	0	0	0	0	0	0	0	0	0	0	0	0	0	0	0	0	0	0	0	0	0	0	0	0	0	0	0	0	0	0	0	0	0	0	0	0	0	0	0	0	0	0	0	0	0	0	0	0	0	0	0	0	0	0	0	0	0	0	0	0	0	0	0	0	0	0	0	0	0	0	0	0	0	0	0	0	0	0	0	0	0	0	0	0	0	0	0	0	0	0	0	0	0	0	0	0	0	15	0	0	0	0	0	0	0	0	0	0	0	0	0	0	0	0
k__Bacteria;p__Proteobacteria;c__Betaproteobacteria;o__Burkholderiales;f__Alcaligenaceae;g__Parasutterella	0	180	0	0	0	1005	0	734	0	0	15	0	0	0	0	0	0	0	0	0	0	0	0	0	0	0	0	0	0	0	0	0	0	0	0	13	0	111	29	0	214	72	118	86	171	90	70	144	35	263	122	0	0	0	0	13	0	85	0	11	68	221	0	0	44	0	0	0	0	0	0	0	0	0	0	0	0	0	0	0	0	0	0	0	0	0	0	0	0	0	0	0	0	0	0	0	0	0	0	0	0	0	0	0	0	0	0	0	0	0	0	0	0	0	0	0	0	0	0	0	0	0	0	0	0	0	0	0	0	0
k__Bacteria;p__Proteobacteria;c__Betaproteobacteria;o__Burkholderiales;f__Alcaligenaceae;g__Sutterella	0	0	0	0	0	0	0	0	0	84	0	73	246	55	0	1933	80	407	733	1794	454	0	749	0	863	0	0	0	0	0	0	0	0	0	0	0	0	0	0	0	0	0	20	13	0	253	380	44	168	11	576	0	931	578	0	2117	0	1927	505	2309	0	0	0	0	0	0	0	0	0	0	0	0	0	0	0	0	0	0	0	0	0	0	0	0	0	0	0	0	0	0	0	0	0	0	0	0	0	0	0	0	0	0	0	0	0	0	0	0	0	0	0	0	0	98	0	0	0	0	0	0	0	0	0	0	0	0	0	0	0	0
k__Bacteria;p__Proteobacteria;c__Betaproteobacteria;o__Neisseriales;f__Neisseriaceae;g__NA	0	0	0	0	0	0	0	0	0	0	0	0	0	0	0	0	0	0	0	0	0	0	0	0	0	0	0	0	0	0	0	0	0	0	0	0	0	0	0	0	0	0	0	0	0	0	0	0	0	0	0	0	0	0	0	0	0	0	0	0	0	0	0	0	0	0	0	0	0	0	0	0	0	0	0	0	0	0	0	0	0	0	0	0	0	0	0	0	0	0	0	0	0	0	0	0	0	0	0	0	0	0	0	0	0	0	0	0	0	0	0	0	0	39	0	0	0	0	0	0	0	0	0	0	0	0	0	0	0	0
k__Bacteria;p__Proteobacteria;c__Deltaproteobacteria;o__Desulfovibrionales;f__Desulfovibrionaceae;g__Bilophila	0	0	0	16	0	28	0	0	0	0	0	0	11	0	0	39	0	13	26	64	0	0	0	0	0	29	0	28	0	51	0	0	0	0	0	0	0	0	0	0	31	0	209	14	22	112	0	46	0	25	0	0	0	0	0	997	0	881	0	1084	0	0	0	0	0	0	0	0	0	0	0	0	0	0	0	0	0	0	0	0	0	0	0	0	0	13	0	0	0	0	0	0	0	0	0	0	0	0	0	0	0	0	0	0	0	0	0	0	0	0	0	0	0	0	0	0	0	0	0	0	0	0	0	0	0	0	0	0	0	0
k__Bacteria;p__Proteobacteria;c__Deltaproteobacteria;o__Desulfovibrionales;f__Desulfovibrionaceae;g__Desulfovibrio	0	0	0	0	0	0	0	0	0	0	0	0	0	0	0	0	0	0	0	0	0	0	0	0	0	0	0	0	0	0	0	0	0	0	0	0	0	0	0	0	0	0	0	0	0	0	0	0	0	0	0	0	0	0	0	0	0	0	0	0	0	0	0	0	0	0	0	0	0	0	0	0	0	0	0	0	0	0	0	0	0	0	0	0	0	0	0	0	0	0	0	0	13	0	17	0	0	0	0	0	0	0	0	0	0	0	0	0	0	0	0	0	0	0	0	0	0	0	0	0	0	0	0	0	0	0	0	0	0	0
k__Bacteria;p__Proteobacteria;c__Gammaproteobacteria;o__Enterobacteriales;f__Enterobacteriaceae;g__Citrobacter	0	0	0	0	0	0	0	0	0	0	0	0	0	0	0	0	0	0	0	0	0	0	0	0	0	7003	598	3987	1100	2632	0	0	0	0	0	0	0	0	0	0	0	0	0	0	0	0	0	0	0	0	0	0	0	0	0	0	0	0	0	0	0	0	0	0	0	0	0	0	0	0	0	0	0	0	0	0	0	0	0	0	0	0	0	0	0	0	0	0	0	0	0	0	0	0	0	0	0	0	0	0	0	0	0	0	0	0	0	0	0	0	0	0	0	0	0	0	0	0	0	0	0	0	0	0	0	0	0	0	0	0
k__Bacteria;p__Proteobacteria;c__Gammaproteobacteria;o__Enterobacteriales;f__Enterobacteriaceae;g__Enterobacter	0	0	0	0	0	0	0	0	0	0	0	0	0	0	0	0	0	0	0	83	0	0	0	0	0	0	0	0	0	0	0	0	0	0	0	0	0	0	0	0	0	0	0	0	0	0	0	0	0	0	0	0	0	0	0	0	0	0	0	0	0	0	0	0	0	0	0	0	0	0	0	0	0	0	0	0	0	0	0	0	0	0	0	0	0	0	0	0	0	0	0	0	0	0	0	0	0	0	0	0	0	0	0	0	0	0	0	0	0	0	0	0	0	37	0	0	0	0	0	0	0	0	0	0	0	0	0	0	0	0
k__Bacteria;p__Proteobacteria;c__Gammaproteobacteria;o__Enterobacteriales;f__Enterobacteriaceae;g__Enterobacter-Kluyvera	0	0	0	0	0	0	0	0	0	0	0	0	0	0	0	0	0	0	0	0	0	0	0	0	0	0	0	0	0	0	0	0	0	0	0	0	0	0	0	0	0	0	0	0	0	0	0	0	0	0	0	0	0	0	0	0	0	0	0	0	0	0	0	0	0	0	0	0	0	0	0	0	0	0	0	0	0	0	0	0	0	0	0	0	0	0	0	0	0	0	0	0	0	0	0	0	0	0	0	0	0	0	0	0	0	0	0	0	0	0	0	0	0	33	0	0	0	0	0	0	0	0	0	0	0	0	0	0	0	0
k__Bacteria;p__Proteobacteria;c__Gammaproteobacteria;o__Enterobacteriales;f__Enterobacteriaceae;g__Escherichia	20193	131	513	0	22	0	5951	20	0	10738	10361	5555	14913	6375	6095	5748	398	2160	3140	8348	13267	1309	8823	698	13826	7605	5850	5415	4733	18355	0	155	1960	0	14	13082	25640	13878	11654	12847	93	82	77	100	72	418	64	282	156	970	4459	2920	6505	4810	4884	366	23	256	24	376	16002	13769	18306	12743	21077	0	0	0	0	0	24	26	19	23	28	0	18	25	22	26	0	0	0	0	0	0	0	0	0	0	0	89	65	80	72	11	0	60	21	77	0	0	0	0	0	0	0	0	0	0	0	0	0	6607	0	0	0	0	0	0	0	0	0	11	0	318	0	0	0	0
k__Bacteria;p__Proteobacteria;c__Gammaproteobacteria;o__Enterobacteriales;f__Enterobacteriaceae;g__Hafnia	0	0	0	0	0	0	0	0	0	56	0	0	0	0	0	0	0	0	0	0	0	0	0	0	0	0	0	0	0	0	0	0	0	0	0	0	0	0	0	0	0	0	0	0	0	0	0	0	0	0	0	0	0	0	0	0	0	0	0	0	0	0	0	0	0	0	0	0	0	0	0	0	0	0	0	0	0	0	0	0	0	0	0	0	0	0	0	0	0	0	0	0	0	0	0	0	0	0	0	0	0	0	0	0	0	0	0	0	0	0	0	0	0	0	0	0	0	0	0	0	0	0	0	0	0	0	0	0	0	0
k__Bacteria;p__Proteobacteria;c__Gammaproteobacteria;o__Enterobacteriales;f__Enterobacteriaceae;g__Klebsiella	0	0	0	0	0	0	0	0	0	0	0	0	0	0	0	0	0	0	0	0	0	0	0	0	0	0	0	0	0	0	0	0	0	0	0	0	0	0	0	0	0	0	0	0	0	0	0	0	0	0	0	0	0	0	0	0	0	0	0	0	0	0	0	0	0	0	0	0	0	0	0	0	0	0	0	0	0	0	0	0	0	0	0	0	0	0	0	0	0	0	0	0	0	0	0	0	0	0	0	0	0	0	0	0	0	0	0	0	0	0	0	0	0	479	0	0	0	0	0	0	0	0	0	0	0	0	0	0	0	0
k__Bacteria;p__Proteobacteria;c__Gammaproteobacteria;o__Enterobacteriales;f__Enterobacteriaceae;g__Pantoea	0	0	0	0	0	0	0	0	0	0	0	0	0	0	0	0	0	0	0	0	0	0	0	0	0	0	0	0	0	0	0	0	0	0	0	0	0	0	0	0	0	0	0	0	0	0	0	0	0	0	0	0	0	0	0	0	0	0	0	0	0	0	0	0	0	0	0	0	0	0	0	0	0	0	0	0	0	0	0	0	0	0	0	0	0	0	0	0	0	0	0	0	0	0	0	0	0	0	0	0	0	0	0	0	0	0	0	0	0	0	0	0	0	7892	0	0	0	0	0	0	0	0	0	0	0	0	0	0	0	0
k__Bacteria;p__Proteobacteria;c__Gammaproteobacteria;o__Pseudomonadales;f__Pseudomonadaceae;g__Pseudomonas	0	0	0	0	0	0	0	0	0	0	0	0	0	0	0	0	0	0	0	0	0	0	0	0	0	0	0	0	0	0	0	0	0	0	0	0	0	0	0	0	0	0	0	0	0	0	0	0	0	0	0	0	0	0	0	0	0	0	0	0	0	0	0	0	0	0	0	0	0	0	0	0	0	0	0	0	0	0	0	0	0	0	0	0	0	0	0	0	0	0	0	15	16	0	12	0	0	0	0	0	0	77	0	0	101	0	0	0	0	0	0	0	0	104	0	0	0	15	0	0	0	0	0	0	0	0	0	0	0	0
k__Bacteria;p__Tenericutes;c__Mollicutes;o__NA;f__NA;g__NA	0	0	0	0	0	0	0	0	0	0	0	0	0	0	0	0	0	0	0	0	0	0	0	0	0	0	0	0	0	0	0	0	0	0	0	0	0	0	0	0	0	0	0	0	0	0	0	0	0	0	0	0	0	0	0	0	0	0	0	0	0	0	0	0	0	0	0	0	0	0	0	0	0	0	0	0	0	0	0	0	0	0	0	0	0	0	32	32	27	24	42	0	0	0	0	0	0	0	0	0	0	41	0	20	53	25	0	0	0	0	0	0	0	0	0	0	0	0	0	0	0	0	0	0	0	0	0	0	0	0
k__Bacteria;p__Verrucomicrobia;c__Verrucomicrobiae;o__Verrucomicrobiales;f__Verrucomicrobiaceae;g__Akkermansia	0	0	0	0	0	0	0	0	0	1133	1103	0	2362	0	693	787	111	218	418	915	22	19	14	33	18	4549	16	2361	0	6445	9717	936	10142	0	10990	305	0	0	0	0	551	184	195	25	299	709	58	438	23	862	903	31	537	757	300	594	34	1053	64	380	55	176	0	0	331	520	641	544	474	455	0	0	0	0	0	0	0	0	0	0	0	87	88	80	92	74	671	787	818	651	991	16	0	14	0	92	0	142	63	199	0	942	334	569	1067	659	14	25	33	37	32	0	0	426	15	293	428	12	14	0	0	0	0	0	0	0	0	0	0	0
