parameter,entity,estimate,std.error,p.val.adj,s_var,engine
carbohydrateRDC,Actinomyces,-1.3707259866076875,1.2197094944881788,0.7272980408430715,0.25,lme4_trimmed
carbohydrateSDC,Actinomyces,-0.10794504993576107,1.2227801668438771,1,0.25,lme4_trimmed
timepoint48H,Actinomyces,-3.1236369211026846,1.3716116844260307,0.4384129866148306,0.25,lme4_trimmed
obesity_groupobesity,Actinomyces,-0.8059297410911801,0.7768725108170788,0.9033473800117262,0.25,lme4_trimmed
carbohydrateRDC:timepoint48H,Actinomyces,3.1760945175143944,1.6525336967184585,0.37254065698478395,0.25,lme4_trimmed
carbohydrateSDC:timepoint48H,Actinomyces,1.2907265563022454,1.6508224428255074,0.8422869455875289,0.25,lme4_trimmed
carbohydrateRDC,Adlercreutzia,-0.8553076737660392,1.3990317931038743,0.7823374653113867,0.25,lme4_trimmed
carbohydrateSDC,Adlercreutzia,-0.524147581120071,1.402484559694304,1,0.25,lme4_trimmed
timepoint48H,Adlercreutzia,-1.6982270109918556,1.5740124222205392,0.9214058131646964,0.25,lme4_trimmed
obesity_groupobesity,Adlercreutzia,-3.0311699522006603,1.0710889377722992,0.4168712542808266,0.25,lme4_trimmed
carbohydrateRDC:timepoint48H,Adlercreutzia,1.4923582320561737,1.8953519393534717,0.6366302324818384,0.25,lme4_trimmed
carbohydrateSDC:timepoint48H,Adlercreutzia,1.4209157542928461,1.8933571879171782,0.848873246777091,0.25,lme4_trimmed
carbohydrateRDC,Akkermansia,0.07823601460853534,1.4770152039424336,0.952236422377052,0.25,lme4_trimmed
carbohydrateSDC,Akkermansia,0.9565609564241341,1.4805730783294524,1,0.25,lme4_trimmed
timepoint48H,Akkermansia,6.932700105924485,1.662918608288998,3.596589787083215e-4,0.25,lme4_trimmed
obesity_groupobesity,Akkermansia,-0.23994667471078304,1.657082764640698,1,0.25,lme4_trimmed
carbohydrateRDC:timepoint48H,Akkermansia,-0.22748445084335017,2.0008474217875896,0.9617158817416585,0.25,lme4_trimmed
carbohydrateSDC:timepoint48H,Akkermansia,-1.8761356623389034,1.9986971049156401,1,0.25,lme4_trimmed
carbohydrateRDC,Alistipes,-0.6632764842116917,1.3756234527745308,0.8246741414350947,0.25,lme4_trimmed
carbohydrateSDC,Alistipes,0.2543012394181271,1.3791278167770158,1,0.25,lme4_trimmed
timepoint48H,Alistipes,9.827114845503175,1.5465491918927508,7.053506689153518e-8,0.25,lme4_trimmed
obesity_groupobesity,Alistipes,-0.6505590593924166,0.8002341995997277,0.9488184849700925,0.25,lme4_trimmed
carbohydrateRDC:timepoint48H,Alistipes,0.32332796808279934,1.8638622553667863,0.8839792059741994,0.25,lme4_trimmed
carbohydrateSDC:timepoint48H,Alistipes,-0.2741470536531154,1.8619501865464743,0.9810342088497159,0.25,lme4_trimmed
carbohydrateRDC,Anaerostipes,-1.0836113632428799,1.3045853717538993,0.7295943431797861,0.25,lme4_trimmed
carbohydrateSDC,Anaerostipes,0.04862756759071943,1.3077945202449948,1,0.25,lme4_trimmed
timepoint48H,Anaerostipes,-2.799452799336548,1.4678749160311635,0.6098889720232099,0.25,lme4_trimmed
obesity_groupobesity,Anaerostipes,-1.0917490992715393,1.0311473067701555,0.9179337874047299,0.25,lme4_trimmed
carbohydrateRDC:timepoint48H,Anaerostipes,1.666106682215804,1.7673796486008053,0.5454673375525112,0.25,lme4_trimmed
carbohydrateSDC:timepoint48H,Anaerostipes,1.7651560356878708,1.7655145461776303,0.8172708000605847,0.25,lme4_trimmed
carbohydrateRDC,Anaerotruncus,-0.22658915082310593,1.3511660262546041,0.8865080452845852,0.25,lme4_trimmed
carbohydrateSDC,Anaerotruncus,0.5647277539588742,1.3544322776189164,0.9970319043760321,0.25,lme4_trimmed
timepoint48H,Anaerotruncus,6.907976164321971,1.521059271147349,2.6850640314376035e-4,0.25,lme4_trimmed
obesity_groupobesity,Anaerotruncus,-1.173623498928717,1.407297552362299,0.9651796529237999,0.25,lme4_trimmed
carbohydrateRDC:timepoint48H,Anaerotruncus,-1.048997271899036,1.830384084761807,0.9767115091327919,0.25,lme4_trimmed
carbohydrateSDC:timepoint48H,Anaerotruncus,-1.3209185527496143,1.8284231029770717,0.9976048547057147,0.25,lme4_trimmed
carbohydrateRDC,Bacteroides,-0.6845044582025592,1.3949157455147088,0.8307726392019953,0.25,lme4_trimmed
carbohydrateSDC,Bacteroides,-0.05754812954891782,1.3983747835549514,1,0.25,lme4_trimmed
timepoint48H,Bacteroides,13.99243144147916,1.5691855927057325,5.91037635500058e-14,0.25,lme4_trimmed
obesity_groupobesity,Bacteroides,-0.48100664574260915,1.0096593056762948,0.9946774120198116,0.25,lme4_trimmed
carbohydrateRDC:timepoint48H,Bacteroides,1.2947993454106168,1.8898064913190333,0.6772382677159247,0.25,lme4_trimmed
carbohydrateSDC:timepoint48H,Bacteroides,0.8405886898321907,1.8878255432505062,0.9018219475870025,0.25,lme4_trimmed
carbohydrateRDC,Bifidobacterium,-1.1429633495510632,1.112839321957669,0.7253007237614171,0.25,lme4_trimmed
carbohydrateSDC,Bifidobacterium,0.14248845306960567,1.1156754720148612,1,0.25,lme4_trimmed
timepoint48H,Bifidobacterium,0.2960769860435113,1.2510919719389677,0.999091130707619,0.25,lme4_trimmed
obesity_groupobesity,Bifidobacterium,-0.8367298663705676,0.6410682057025846,0.8658814116706282,0.25,lme4_trimmed
carbohydrateRDC:timepoint48H,Bifidobacterium,4.26487367163279,1.507811698152123,0.2060296822200048,0.25,lme4_trimmed
carbohydrateSDC:timepoint48H,Bifidobacterium,3.2371384680293285,1.5062656411155604,0.5836669645317226,0.25,lme4_trimmed
carbohydrateRDC,Blautia,-1.3855754739435329,1.1457756832634456,0.7253007237614171,0.25,lme4_trimmed
carbohydrateSDC,Blautia,0.0527713931999076,1.1487687942159654,1,0.25,lme4_trimmed
timepoint48H,Blautia,-0.27547056033215167,1.2875203960226744,1,0.25,lme4_trimmed
obesity_groupobesity,Blautia,-0.07525636771514141,0.568490688691653,1,0.25,lme4_trimmed
carbohydrateRDC:timepoint48H,Blautia,2.389302247599054,1.5526048122756309,0.41718466428010864,0.25,lme4_trimmed
carbohydrateSDC:timepoint48H,Blautia,1.7003778449792057,1.551042554890287,0.8170577252915024,0.25,lme4_trimmed
carbohydrateRDC,Clostridium,-1.1642728896728478,1.3134042048182675,0.743503768115542,0.25,lme4_trimmed
carbohydrateSDC,Clostridium,-0.21334199519062694,1.3165777618035215,1,0.25,lme4_trimmed
timepoint48H,Clostridium,7.648801100805626,1.4785680806104489,5.254133707884304e-6,0.25,lme4_trimmed
obesity_groupobesity,Clostridium,-0.26216885122651373,1.3741046259413991,1,0.25,lme4_trimmed
carbohydrateRDC:timepoint48H,Clostridium,1.7972497073565372,1.7792268020855364,0.5333801872156406,0.25,lme4_trimmed
carbohydrateSDC:timepoint48H,Clostridium,0.5257851414554954,1.7773199092133185,0.9344059275176285,0.25,lme4_trimmed
carbohydrateRDC,Collinsella,-1.9475353415786725,1.5367698204214495,0.7261208582870754,0.25,lme4_trimmed
carbohydrateSDC,Collinsella,-1.0078116655708769,1.5404987505357812,1,0.25,lme4_trimmed
timepoint48H,Collinsella,2.8048825723913,1.7297968728273811,0.2906752192578936,0.25,lme4_trimmed
obesity_groupobesity,Collinsella,0.8255691450088168,1.482408654106868,1,0.25,lme4_trimmed
carbohydrateRDC:timepoint48H,Collinsella,4.4477469385532675,2.081839290847945,0.3473256322285159,0.25,lme4_trimmed
carbohydrateSDC:timepoint48H,Collinsella,3.298631636940251,2.0796163229256104,0.7442671262330819,0.25,lme4_trimmed
carbohydrateRDC,Coprococcus,-1.065813799700696,1.4551929184564079,0.749744622791391,0.25,lme4_trimmed
carbohydrateSDC,Coprococcus,-0.15599067570060526,1.458814636421366,1,0.25,lme4_trimmed
timepoint48H,Coprococcus,-0.21013766115755916,1.6368465012807933,0.999091130707619,0.25,lme4_trimmed
obesity_groupobesity,Coprococcus,-1.2408023390473464,1.0169494266433865,0.8809292188854939,0.25,lme4_trimmed
carbohydrateRDC:timepoint48H,Coprococcus,2.394398580870934,1.9714946596254,0.477404697793843,0.25,lme4_trimmed
carbohydrateSDC:timepoint48H,Coprococcus,2.2946000482312616,1.9694342905239857,0.8042732858318569,0.25,lme4_trimmed
carbohydrateRDC,Dialister,-1.3995946134564292,1.4608410843623134,0.7443957057407039,0.25,lme4_trimmed
carbohydrateSDC,Dialister,-0.26019102709991193,1.4643885122950628,1,0.25,lme4_trimmed
timepoint48H,Dialister,0.4768982891940508,1.644295105691846,0.9540343122920427,0.25,lme4_trimmed
obesity_groupobesity,Dialister,-1.1095778542908907,1.3959217327938034,0.9686120240589983,0.25,lme4_trimmed
carbohydrateRDC:timepoint48H,Dialister,2.5636583869157836,1.9789846011020622,0.4715417367242593,0.25,lme4_trimmed
carbohydrateSDC:timepoint48H,Dialister,1.8114005290544946,1.9768728465415653,0.828970832175285,0.25,lme4_trimmed
carbohydrateRDC,Dorea,-1.4438964039487896,1.230823898238582,0.7253007237614171,0.25,lme4_trimmed
carbohydrateSDC,Dorea,0.016610504217388643,1.2338994446036153,1,0.25,lme4_trimmed
timepoint48H,Dorea,-1.7029737173979544,1.3843363699622007,0.952950959982943,0.25,lme4_trimmed
obesity_groupobesity,Dorea,-1.276864351313655,0.8284557861591041,0.8451173309536377,0.25,lme4_trimmed
carbohydrateRDC:timepoint48H,Dorea,2.8967186744787004,1.6675438294189533,0.4010129454201384,0.25,lme4_trimmed
carbohydrateSDC:timepoint48H,Dorea,1.4472080953813136,1.6658068008982867,0.8248913176570823,0.25,lme4_trimmed
carbohydrateRDC,Eggerthella,-1.3617769482288427,1.2303569429348395,0.7333373799808081,0.25,lme4_trimmed
carbohydrateSDC,Eggerthella,-0.4238425116448316,1.2333126919227373,1,0.25,lme4_trimmed
timepoint48H,Eggerthella,6.109361353841088,1.3853378353885732,1.8309612642810236e-4,0.25,lme4_trimmed
obesity_groupobesity,Eggerthella,0.43503291897646396,1.4792432038961987,1,0.25,lme4_trimmed
carbohydrateRDC:timepoint48H,Eggerthella,1.2732126529129406,1.6666975720790949,0.6315735470519821,0.25,lme4_trimmed
carbohydrateSDC:timepoint48H,Eggerthella,0.5046767698450073,1.6649020441425768,0.9305845420452276,0.25,lme4_trimmed
carbohydrateRDC,Erysipelatoclostridium,-0.8898740546488738,1.4269941576966405,0.7875591700997117,0.25,lme4_trimmed
carbohydrateSDC,Erysipelatoclostridium,-0.39720005663884944,1.4304810210620715,1,0.25,lme4_trimmed
timepoint48H,Erysipelatoclostridium,0.9721177251871013,1.605906108634649,0.8741260712523138,0.25,lme4_trimmed
obesity_groupobesity,Erysipelatoclostridium,0.5113058127905064,1.2375986500573581,1,0.25,lme4_trimmed
carbohydrateRDC:timepoint48H,Erysipelatoclostridium,1.0872145535691544,1.9331702922553253,0.7316085672812246,0.25,lme4_trimmed
carbohydrateSDC:timepoint48H,Erysipelatoclostridium,0.87364058800611,1.9311184960952843,0.900526650188915,0.25,lme4_trimmed
carbohydrateRDC,Escherichia,-0.49320908734926217,1.4130895722677894,0.8465678455420487,0.25,lme4_trimmed
carbohydrateSDC,Escherichia,0.4301086078813987,1.416531763902341,1,0.25,lme4_trimmed
timepoint48H,Escherichia,11.919175421191001,1.5903995854572293,1.395932507317991e-10,0.25,lme4_trimmed
obesity_groupobesity,Escherichia,-0.2482624109377119,1.2825536605899976,1,0.25,lme4_trimmed
carbohydrateRDC:timepoint48H,Escherichia,2.4735727864064545,1.9143146595315899,0.46668542215045206,0.25,lme4_trimmed
carbohydrateSDC:timepoint48H,Escherichia,1.687048133558939,1.9122774480415135,0.8368287300505173,0.25,lme4_trimmed
carbohydrateRDC,Eubacterium,-1.3637241438980965,1.286917000838504,0.7253007237614171,0.25,lme4_trimmed
carbohydrateSDC,Eubacterium,0.046268443637984484,1.2901965791602372,1,0.25,lme4_trimmed
timepoint48H,Eubacterium,-1.8476642034465938,1.4468060718296065,0.946609448433697,0.25,lme4_trimmed
obesity_groupobesity,Eubacterium,-1.1629114240847342,0.7452920055825645,0.8443483526166803,0.25,lme4_trimmed
carbohydrateRDC:timepoint48H,Eubacterium,1.8434104845833192,1.7436740456714406,0.5087325449558886,0.25,lme4_trimmed
carbohydrateSDC:timepoint48H,Eubacterium,1.2038935317787867,1.7418858713284808,0.853463888618798,0.25,lme4_trimmed
carbohydrateRDC,Faecalibacterium,-0.6950231376025091,1.4376254814060971,0.8181123252975553,0.25,lme4_trimmed
carbohydrateSDC,Faecalibacterium,0.6216809391454861,1.4411447687052008,1,0.25,lme4_trimmed
timepoint48H,Faecalibacterium,0.23824069242878887,1.6177834949981944,0.9976506622660197,0.25,lme4_trimmed
obesity_groupobesity,Faecalibacterium,0.6760078588023254,1.2104935537826487,1,0.25,lme4_trimmed
carbohydrateRDC:timepoint48H,Faecalibacterium,3.467720488123355,1.9475839446625698,0.39585752642998756,0.25,lme4_trimmed
carbohydrateSDC:timepoint48H,Faecalibacterium,3.405213321472044,1.9455201508147428,0.6977106457259785,0.25,lme4_trimmed
carbohydrateRDC,Flavonifractor,-0.8744597873838115,1.3369622889227222,0.7943921891268558,0.25,lme4_trimmed
carbohydrateSDC,Flavonifractor,-0.10700530011933274,1.340303438443139,1,0.25,lme4_trimmed
timepoint48H,Flavonifractor,10.324696553855805,1.5037208820938588,1.237434217009568e-8,0.25,lme4_trimmed
obesity_groupobesity,Flavonifractor,-0.8969604607002619,0.9074152806655151,0.9229386764337132,0.25,lme4_trimmed
carbohydrateRDC:timepoint48H,Flavonifractor,0.30653378434839157,1.8113441960798302,0.8748956487635325,0.25,lme4_trimmed
carbohydrateSDC:timepoint48H,Flavonifractor,-0.48355162157297055,1.8094573082545324,0.9935288648402083,0.25,lme4_trimmed
carbohydrateRDC,Fusicatenibacter,-0.8323909301902941,1.3040791898349453,0.7560122848044633,0.25,lme4_trimmed
carbohydrateSDC,Fusicatenibacter,0.435035184128803,1.307236018778891,1,0.25,lme4_trimmed
timepoint48H,Fusicatenibacter,-2.468635584835587,1.4679886664188342,0.740808614342729,0.25,lme4_trimmed
obesity_groupobesity,Fusicatenibacter,1.0262415339873852,1.323770639913674,1,0.25,lme4_trimmed
carbohydrateRDC:timepoint48H,Fusicatenibacter,2.7585329818807667,1.7666043522468624,0.4188588400217655,0.25,lme4_trimmed
carbohydrateSDC:timepoint48H,Fusicatenibacter,4.421839880205237,1.7647140164786788,0.46002672727445243,0.25,lme4_trimmed
carbohydrateRDC,Gordonibacter,-0.9918842619391012,1.3514846828671654,0.7699961030821858,0.25,lme4_trimmed
carbohydrateSDC,Gordonibacter,-0.647067567345735,1.3547869640475378,1,0.25,lme4_trimmed
timepoint48H,Gordonibacter,0.7018938059477126,1.5209305139148086,0.905256850234373,0.25,lme4_trimmed
obesity_groupobesity,Gordonibacter,-1.6793727749128982,1.1727067789010923,0.8396232293821324,0.25,lme4_trimmed
carbohydrateRDC:timepoint48H,Gordonibacter,2.042297353689825,1.8308763488397095,0.5197609307840705,0.25,lme4_trimmed
carbohydrateSDC:timepoint48H,Gordonibacter,2.208074471552818,1.8289330855146568,0.7922091111001598,0.25,lme4_trimmed
carbohydrateRDC,Holdemanella,-1.9126823572455436,1.4558557324013315,0.7263119865587292,0.25,lme4_trimmed
carbohydrateSDC,Holdemanella,-0.45175349090818223,1.4593383970630665,1,0.25,lme4_trimmed
timepoint48H,Holdemanella,1.6771448368143123,1.6394781643810474,0.6397876212059435,0.25,lme4_trimmed
obesity_groupobesity,Holdemanella,0.5462352167540826,1.9949878520965114,1,0.25,lme4_trimmed
carbohydrateRDC:timepoint48H,Holdemanella,4.231890112247812,1.9721453093364634,0.3329537629961658,0.25,lme4_trimmed
carbohydrateSDC:timepoint48H,Holdemanella,3.0443518760688684,1.9700125671370168,0.7334583818018867,0.25,lme4_trimmed
carbohydrateRDC,Holdemania,-0.7424044401422476,1.2927000911931075,0.8201113787025536,0.25,lme4_trimmed
carbohydrateSDC,Holdemania,0.3714263030767112,1.2959218921959885,1,0.25,lme4_trimmed
timepoint48H,Holdemania,6.079045672719705,1.4540303816854248,0.0011524430538751786,0.25,lme4_trimmed
obesity_groupobesity,Holdemania,-0.08738330712034295,0.8985543788341518,0.9975039874201614,0.25,lme4_trimmed
carbohydrateRDC:timepoint48H,Holdemania,2.2120834717119173,1.7513593450004357,0.4970977707101894,0.25,lme4_trimmed
carbohydrateSDC:timepoint48H,Holdemania,0.8456413205488376,1.7495309319188193,0.8906834126391894,0.25,lme4_trimmed
carbohydrateRDC,Intestinibacter,-1.057982722340065,1.3553648583080433,0.7510043700910963,0.25,lme4_trimmed
carbohydrateSDC,Intestinibacter,0.047170509112200894,1.358642560970914,1,0.25,lme4_trimmed
timepoint48H,Intestinibacter,2.320915563453239,1.525765576768415,0.33749106809077145,0.25,lme4_trimmed
obesity_groupobesity,Intestinibacter,-1.8534068131455514,1.3956926529606952,0.8588043567851307,0.25,lme4_trimmed
carbohydrateRDC:timepoint48H,Intestinibacter,1.8717410971778494,1.8360741693420524,0.5257057395898206,0.25,lme4_trimmed
carbohydrateSDC:timepoint48H,Intestinibacter,0.47848226347658984,1.834107804256335,0.9462714694689,0.25,lme4_trimmed
carbohydrateRDC,Lachnoclostridium,-1.1773653617545428,1.221392359466773,0.7253246723607413,0.25,lme4_trimmed
carbohydrateSDC,Lachnoclostridium,-0.03346163328826577,1.2245859384088864,1,0.25,lme4_trimmed
timepoint48H,Lachnoclostridium,2.6765775001368786,1.3724700181214191,0.15737727444587668,0.25,lme4_trimmed
obesity_groupobesity,Lachnoclostridium,0.10328268681997013,0.6031080112939193,1,0.25,lme4_trimmed
carbohydrateRDC:timepoint48H,Lachnoclostridium,0.4286894006932686,1.6550776629352435,0.8925569106493493,0.25,lme4_trimmed
carbohydrateSDC:timepoint48H,Lachnoclostridium,-0.18322360530579324,1.6534134289829565,0.999784275825132,0.25,lme4_trimmed
carbohydrateRDC,Lactococcus,-1.1006992621526586,1.2760497223756209,0.7495227283453733,0.25,lme4_trimmed
carbohydrateSDC,Lactococcus,-0.6929153716729125,1.2792170443706874,1,0.25,lme4_trimmed
timepoint48H,Lactococcus,-1.9209735109177848,1.435442147738995,0.8353429091960195,0.25,lme4_trimmed
obesity_groupobesity,Lactococcus,0.5298715606433841,0.9199140529607159,1,0.25,lme4_trimmed
carbohydrateRDC:timepoint48H,Lactococcus,2.4322412448593687,1.7287755733719101,0.4592076995826544,0.25,lme4_trimmed
carbohydrateSDC:timepoint48H,Lactococcus,2.2682275003433916,1.7269647202423717,0.7745185981978254,0.25,lme4_trimmed
carbohydrateRDC,Marvinbryantia,-1.3917676560113539,1.4436965372371455,0.730855127731294,0.25,lme4_trimmed
carbohydrateSDC,Marvinbryantia,-0.37018444545558854,1.4472498586892584,1,0.25,lme4_trimmed
timepoint48H,Marvinbryantia,-3.9612703049648617,1.6243769513626454,0.3986216767343151,0.25,lme4_trimmed
obesity_groupobesity,Marvinbryantia,0.07405184779959537,1.1370170256248315,1,0.25,lme4_trimmed
carbohydrateRDC:timepoint48H,Marvinbryantia,2.7664834495747774,1.9558436246543112,0.44356547790332795,0.25,lme4_trimmed
carbohydrateSDC:timepoint48H,Marvinbryantia,2.447076839299391,1.9537805513595425,0.7858398693653993,0.25,lme4_trimmed
carbohydrateRDC,Other,-1.5118397110348416,1.2788632123427586,0.7384740285052537,0.25,lme4_trimmed
carbohydrateSDC,Other,-1.1047807978171456,1.2820444443841537,1,0.25,lme4_trimmed
timepoint48H,Other,3.1445831288866692,1.4385321589002535,0.1344076704216551,0.25,lme4_trimmed
obesity_groupobesity,Other,-0.43418580576318216,0.9048984882510481,0.988046812436664,0.25,lme4_trimmed
carbohydrateRDC:timepoint48H,Other,2.2216482036238268,1.7326009423382267,0.48527423494440214,0.25,lme4_trimmed
carbohydrateSDC:timepoint48H,Other,1.6258101165358012,1.730789299575238,0.8361382861354767,0.25,lme4_trimmed
carbohydrateRDC,Paenibacillus,-1.0056529870297517,1.4802831062395785,0.7553046968696263,0.25,lme4_trimmed
carbohydrateSDC,Paenibacillus,-0.4181210881764448,1.484155510540719,1,0.25,lme4_trimmed
timepoint48H,Paenibacillus,-3.6809729531653668,1.6633737280322791,0.46774448398938456,0.25,lme4_trimmed
obesity_groupobesity,Paenibacillus,0.7891587838036996,0.7302938758848615,1,0.25,lme4_trimmed
carbohydrateRDC:timepoint48H,Paenibacillus,2.1883873276827948,2.0058990792050517,0.5193841429945983,0.25,lme4_trimmed
carbohydrateSDC:timepoint48H,Paenibacillus,1.8844876158935282,2.0038827160270505,0.8251919385134632,0.25,lme4_trimmed
carbohydrateRDC,Parabacteroides,-0.5798650877870561,1.397119962122666,0.8356626315624358,0.25,lme4_trimmed
carbohydrateSDC,Parabacteroides,0.05411224110300683,1.4005719377182269,1,0.25,lme4_trimmed
timepoint48H,Parabacteroides,12.659270835069616,1.57181421444421,6.686572591914815e-12,0.25,lme4_trimmed
obesity_groupobesity,Parabacteroides,-1.2533946878813511,1.0545195289843774,0.8887864172113558,0.25,lme4_trimmed
carbohydrateRDC:timepoint48H,Parabacteroides,0.18857553571846242,1.8927692177290645,0.8880093729683485,0.25,lme4_trimmed
carbohydrateSDC:timepoint48H,Parabacteroides,1.0812947196659062,1.8907790932558348,0.8795654886273745,0.25,lme4_trimmed
carbohydrateRDC,Romboutsia,-1.1794357184460187,1.1298919807333034,0.7272710470721944,0.25,lme4_trimmed
carbohydrateSDC,Romboutsia,0.12247279431848274,1.1325992363703434,1,0.25,lme4_trimmed
timepoint48H,Romboutsia,0.5009752548875762,1.2723308411324357,0.9651752527811299,0.25,lme4_trimmed
obesity_groupobesity,Romboutsia,-2.278242171534975,1.4655970378282839,0.8452403125175578,0.25,lme4_trimmed
carbohydrateRDC:timepoint48H,Romboutsia,2.328879804125162,1.5305918950160338,0.41685683093418235,0.25,lme4_trimmed
carbohydrateSDC:timepoint48H,Romboutsia,1.1572705558108713,1.5289390781606569,0.842396176922444,0.25,lme4_trimmed
carbohydrateRDC,Roseburia,-0.5904677099424914,1.4479607284821618,0.8363687775662024,0.25,lme4_trimmed
carbohydrateSDC,Roseburia,0.7170147324516178,1.4516232500129904,1,0.25,lme4_trimmed
timepoint48H,Roseburia,1.7866018303222888,1.6281128084494283,0.5976415770701762,0.25,lme4_trimmed
obesity_groupobesity,Roseburia,0.8644340782100933,0.8844778242528599,1,0.25,lme4_trimmed
carbohydrateRDC:timepoint48H,Roseburia,2.3426527644858006,1.961816936991873,0.484650403672596,0.25,lme4_trimmed
carbohydrateSDC:timepoint48H,Roseburia,0.3123398697632851,1.959793198236003,0.9573865880620542,0.25,lme4_trimmed
carbohydrateRDC,Ruminiclostridium,-0.8076042263268624,1.4871473699681514,0.7961187128281011,0.25,lme4_trimmed
carbohydrateSDC,Ruminiclostridium,0.044313057167864496,1.4909370215428301,1,0.25,lme4_trimmed
timepoint48H,Ruminiclostridium,1.2630205311343128,1.671913080733937,0.8332889875464645,0.25,lme4_trimmed
obesity_groupobesity,Ruminiclostridium,0.6357148261521097,0.8604873633519003,1,0.25,lme4_trimmed
carbohydrateRDC:timepoint48H,Ruminiclostridium,1.7127074856942843,2.0149702120664066,0.5894709775868608,0.25,lme4_trimmed
carbohydrateSDC:timepoint48H,Ruminiclostridium,1.3133308204165153,2.012903780263379,0.8618085267413548,0.25,lme4_trimmed
carbohydrateRDC,Ruminococcus,-1.6688173061855827,1.5959997779502533,0.732848989188643,0.25,lme4_trimmed
carbohydrateSDC,Ruminococcus,-0.7298937557635521,1.599858189230225,1,0.25,lme4_trimmed
timepoint48H,Ruminococcus,-2.069068054211845,1.7966713995770978,0.9273254280044587,0.25,lme4_trimmed
obesity_groupobesity,Ruminococcus,-3.9875984635542134,1.652909210312104,0.5042292706741495,0.25,lme4_trimmed
carbohydrateRDC:timepoint48H,Ruminococcus,2.5284637781514956,2.162053387140182,0.4918529129766063,0.25,lme4_trimmed
carbohydrateSDC:timepoint48H,Ruminococcus,1.2820148221601213,2.159737267803405,0.8851801072879654,0.25,lme4_trimmed
carbohydrateRDC,Senegalimassilia,-1.1610046045362556,1.250595713910407,0.7496451450881044,0.25,lme4_trimmed
carbohydrateSDC,Senegalimassilia,-0.26032251215852814,1.253593867834247,1,0.25,lme4_trimmed
timepoint48H,Senegalimassilia,1.8662177024028637,1.408224273864472,0.4744390449765297,0.25,lme4_trimmed
obesity_groupobesity,Senegalimassilia,-0.32360021797239436,1.5968766212993337,1,0.25,lme4_trimmed
carbohydrateRDC:timepoint48H,Senegalimassilia,2.371360266628781,1.6941041305888656,0.4551605522031184,0.25,lme4_trimmed
carbohydrateSDC:timepoint48H,Senegalimassilia,1.9624066345246776,1.6922756700722774,0.799193960741483,0.25,lme4_trimmed
carbohydrateRDC,Slackia,0.06361791089859382,1.3491762141176376,0.9374935707366233,0.25,lme4_trimmed
carbohydrateSDC,Slackia,0.4716689184258651,1.3524196259283947,1,0.25,lme4_trimmed
timepoint48H,Slackia,3.9175766699926595,1.5190895554751684,0.06360251904972174,0.25,lme4_trimmed
obesity_groupobesity,Slackia,-1.157986962850306,1.5926774719945072,0.9810703031237309,0.25,lme4_trimmed
carbohydrateRDC:timepoint48H,Slackia,0.03571154898481889,1.82765910323973,0.9200498991124693,0.25,lme4_trimmed
carbohydrateSDC:timepoint48H,Slackia,0.48854616132020945,1.8256913794924354,0.9280717755369674,0.25,lme4_trimmed
carbohydrateRDC,Streptococcus,-1.1719471502429701,1.175715550701608,0.7254887737567293,0.25,lme4_trimmed
carbohydrateSDC,Streptococcus,0.11280559475651418,1.178568520003835,1,0.25,lme4_trimmed
timepoint48H,Streptococcus,-0.6979338016844584,1.3233913171598393,1,0.25,lme4_trimmed
obesity_groupobesity,Streptococcus,0.2026221978304917,1.1356817268664117,1,0.25,lme4_trimmed
carbohydrateRDC:timepoint48H,Streptococcus,2.7796488612003287,1.592724715266649,0.4032146552099947,0.25,lme4_trimmed
carbohydrateSDC:timepoint48H,Streptococcus,1.4432320531487213,1.5910240699133291,0.8284110921939407,0.25,lme4_trimmed
carbohydrateRDC,Subdoligranulum,-0.9472650489607345,1.161947983867752,0.7311594378205223,0.25,lme4_trimmed
carbohydrateSDC,Subdoligranulum,0.27535062807890387,1.1649976453712994,1,0.25,lme4_trimmed
timepoint48H,Subdoligranulum,2.139201157752039,1.305587339408805,0.2659188538876029,0.25,lme4_trimmed
obesity_groupobesity,Subdoligranulum,0.5712268101048006,0.5622106821879648,1,0.25,lme4_trimmed
carbohydrateRDC:timepoint48H,Subdoligranulum,1.9068412863353064,1.5745537106435457,0.4695397903267698,0.25,lme4_trimmed
carbohydrateSDC:timepoint48H,Subdoligranulum,0.8109236031885237,1.5729749056308384,0.8908263274069967,0.25,lme4_trimmed
carbohydrateRDC,Terrisporobacter,-0.598279290994021,1.3722155503183613,0.8336201304483914,0.25,lme4_trimmed
carbohydrateSDC,Terrisporobacter,0.3884245100197523,1.3755317971135623,1,0.25,lme4_trimmed
timepoint48H,Terrisporobacter,1.0940278346481995,1.544767808652867,0.819721721723005,0.25,lme4_trimmed
obesity_groupobesity,Terrisporobacter,-3.4790463479959652,1.4350203661880816,0.5142497217723294,0.25,lme4_trimmed
carbohydrateRDC:timepoint48H,Terrisporobacter,1.3037578227556883,1.8588977168361682,0.6741658655424002,0.25,lme4_trimmed
carbohydrateSDC:timepoint48H,Terrisporobacter,0.5147999090450034,1.8569057269931597,0.9439916473550738,0.25,lme4_trimmed
carbohydrateRDC,other,-0.7982751548426131,0.8953715463250097,0.725731346373957,0.25,lme4_trimmed
carbohydrateSDC,other,0.0329706963524624,0.8977048152840251,1,0.25,lme4_trimmed
timepoint48H,other,2.8827240623519073,1.006182309462474,0.017675153212296724,0.25,lme4_trimmed
obesity_groupobesity,other,0.01361270108709963,0.4503575137891259,1,0.25,lme4_trimmed
carbohydrateRDC:timepoint48H,other,1.6682886756929234,1.2132764985554383,0.43962817592080566,0.25,lme4_trimmed
carbohydrateSDC:timepoint48H,other,1.0214781788144014,1.2120534323904435,0.8266374024730726,0.25,lme4_trimmed
