parameter,entity,estimate,std.error,p.val.adj,s_var
carbohydrateRDC,Actinomyces,-1.3404834905658962,1.2180653291168262,0.712316095723148,0.05
carbohydrateSDC,Actinomyces,-0.08409620294223284,1.22113187448423,1,0.05
timepoint48H,Actinomyces,-3.1837093416875666,1.3697706884114529,0.4821576718680383,0.05
obesity_groupobesity,Actinomyces,-0.841848241355744,0.7797568008794389,0.8788913891558251,0.05
carbohydrateRDC:timepoint48H,Actinomyces,3.191826829200202,1.6503070697299087,0.4043820022907562,0.05
carbohydrateSDC:timepoint48H,Actinomyces,1.2447473639661528,1.6485979495005494,0.9187579740068387,0.05
carbohydrateRDC,Adlercreutzia,-0.8102653546544812,1.389512551495694,0.7859723736676116,0.05
carbohydrateSDC,Adlercreutzia,-0.5312450569067803,1.3929333158710462,1,0.05
timepoint48H,Adlercreutzia,-1.6836176560263114,1.5634053484067882,0.9509349177531694,0.05
obesity_groupobesity,Adlercreutzia,-2.9612972205268453,1.0951840019849624,0.43568142637329355,0.05
carbohydrateRDC:timepoint48H,Adlercreutzia,1.485957075547346,1.882439818124539,0.6547493714857222,0.05
carbohydrateSDC:timepoint48H,Adlercreutzia,1.5228388756847842,1.8804545059874174,0.9176729400372505,0.05
carbohydrateRDC,Akkermansia,0.06492917075055543,1.4798010787118057,0.9482342250435276,0.05
carbohydrateSDC,Akkermansia,0.9652802323456107,1.483364643704555,1,0.05
timepoint48H,Akkermansia,6.918616769214175,1.6660708979362342,4.852088084096568e-4,0.05
obesity_groupobesity,Akkermansia,-0.25459690847079264,1.6725369753928951,1,0.05
carbohydrateRDC:timepoint48H,Akkermansia,-0.2490356827145129,2.004619691866191,0.9633640630577642,0.05
carbohydrateSDC:timepoint48H,Akkermansia,-1.8225252507847247,2.0024647668704922,1,0.05
carbohydrateRDC,Alistipes,-0.6324168619510867,1.382325211698674,0.8389862159655516,0.05
carbohydrateSDC,Alistipes,0.29484656102374424,1.3858496434484386,1,0.05
timepoint48H,Alistipes,9.882854128442728,1.5540553617135495,2.1897970538146844e-7,0.05
obesity_groupobesity,Alistipes,-0.668680583491969,0.7987317685174298,0.9428544009333438,0.05
carbohydrateRDC:timepoint48H,Alistipes,0.3203643021725032,1.872949009887372,0.879227393243153,0.05
carbohydrateSDC:timepoint48H,Alistipes,-0.28827391196547036,1.8710289216290115,0.9930048479105705,0.05
carbohydrateRDC,Anaerostipes,-1.1051543613961665,1.3017772519271313,0.7153088723210549,0.05
carbohydrateSDC,Anaerostipes,0.04716019875148497,1.3049788706957814,1,0.05
timepoint48H,Anaerostipes,-2.847553272478654,1.464723768727364,0.6409443074611476,0.05
obesity_groupobesity,Anaerostipes,-1.0789446408128047,1.0322537077748413,0.9119137138397392,0.05
carbohydrateRDC:timepoint48H,Anaerostipes,1.7494622925266177,1.7635742895995914,0.5591959506343501,0.05
carbohydrateSDC:timepoint48H,Anaerostipes,1.8207695975053382,1.76171288266404,0.9023635088422914,0.05
carbohydrateRDC,Anaerotruncus,-0.41249903748779215,1.3488615173574174,0.8611442120115598,0.05
carbohydrateSDC,Anaerotruncus,0.36873084432895264,1.3521225462156237,1,0.05
timepoint48H,Anaerotruncus,6.791878242848376,1.51845927666919,2.3160734815767483e-4,0.05
obesity_groupobesity,Anaerotruncus,-1.1318323992446828,1.400085659274138,0.9586911285787664,0.05
carbohydrateRDC:timepoint48H,Anaerotruncus,-0.9832514503736292,1.8272627671178878,0.9866301124444871,0.05
carbohydrateSDC:timepoint48H,Anaerotruncus,-1.2566756475520842,1.8253053240045742,0.9996453896750724,0.05
carbohydrateRDC,Bacteroides,-0.4272256658383426,1.3972779622057574,0.8685805252093466,0.05
carbohydrateSDC,Bacteroides,0.18524095333314297,1.4007453893901218,1,0.05
timepoint48H,Bacteroides,14.199928136015483,1.5718149741255107,3.6763127264638484e-14,0.05
obesity_groupobesity,Bacteroides,-0.49450663375248927,1.0046267586709263,0.9978922534689749,0.05
carbohydrateRDC:timepoint48H,Bacteroides,1.0790207103832745,1.893011731254613,0.7380044079639315,0.05
carbohydrateSDC:timepoint48H,Bacteroides,0.6147879878078805,1.8910286096369164,0.9681922830424116,0.05
carbohydrateRDC,Bifidobacterium,-1.164771209934512,1.108230587947462,0.706563252446951,0.05
carbohydrateSDC,Bifidobacterium,0.14379112146780043,1.1110537953610986,1,0.05
timepoint48H,Bifidobacterium,0.27010857236727026,1.2459199878392035,1,0.05
obesity_groupobesity,Bifidobacterium,-0.8342440638119175,0.6396842048203593,0.8514230371063335,0.05
carbohydrateRDC:timepoint48H,Bifidobacterium,4.312866288802126,1.50156442125197,0.2067982700977044,0.05
carbohydrateSDC:timepoint48H,Bifidobacterium,3.2542519290883325,1.5000242940553923,0.6681574008098787,0.05
carbohydrateRDC,Blautia,-1.3810295553128085,1.1337570537827173,0.7064599169666672,0.05
carbohydrateSDC,Blautia,0.05409389262813695,1.136719190256595,1,0.05
timepoint48H,Blautia,-0.30047310729316234,1.2740113716155879,1,0.05
obesity_groupobesity,Blautia,-0.0702264925700033,0.5619849615275712,1,0.05
carbohydrateRDC:timepoint48H,Blautia,2.401208204342949,1.5363196885221089,0.45639365727464104,0.05
carbohydrateSDC:timepoint48H,Blautia,1.7181772578559498,1.5347739921792747,0.8997878037910408,0.05
carbohydrateRDC,Clostridium,-1.141857536202118,1.3126093811224029,0.7302333107010263,0.05
carbohydrateSDC,Clostridium,-0.24696626860151574,1.3157805161950857,1,0.05
timepoint48H,Clostridium,7.647791782992575,1.477680690142357,5.146618813498947e-6,0.05
obesity_groupobesity,Clostridium,-0.28101466208653963,1.3778258123187093,1,0.05
carbohydrateRDC:timepoint48H,Clostridium,1.7717576206211991,1.7781492519780138,0.5610789652366465,0.05
carbohydrateSDC:timepoint48H,Clostridium,0.5272776893070399,1.776243247279849,0.9748809441668641,0.05
carbohydrateRDC,Collinsella,-2.0350463615947265,1.536275466242455,0.7072892453802859,0.05
carbohydrateSDC,Collinsella,-1.0776716022948472,1.5400027829005447,1,0.05
timepoint48H,Collinsella,2.7557366221179684,1.7292462207475856,0.34416620929831404,0.05
obesity_groupobesity,Collinsella,0.836481074412073,1.484751486399506,1,0.05
carbohydrateRDC:timepoint48H,Collinsella,4.571312173078948,2.081168891435166,0.37902036563554886,0.05
carbohydrateSDC:timepoint48H,Collinsella,3.39293639342807,2.0789464239003963,0.8299699589698127,0.05
carbohydrateRDC,Coprococcus,-1.0741549588761359,1.4565730642699315,0.7440230576459973,0.05
carbohydrateSDC,Coprococcus,-0.13946191439580963,1.4601962764401144,1,0.05
timepoint48H,Coprococcus,-0.24197063780213524,1.6384221592814086,1,0.05
obesity_groupobesity,Coprococcus,-1.2066052758313157,1.024309139815249,0.8731607464373171,0.05
carbohydrateRDC:timepoint48H,Coprococcus,2.496689770885391,1.9733608695208766,0.49939427221287624,0.05
carbohydrateSDC:timepoint48H,Coprococcus,2.323382460104149,1.9712976047096233,0.891791893729304,0.05
carbohydrateRDC,Dialister,-1.4457884069882512,1.4548338743705511,0.7406685697372564,0.05
carbohydrateSDC,Dialister,-0.12549883572606002,1.458369252163029,1,0.05
timepoint48H,Dialister,0.5883139220046661,1.6374981014337116,0.947937867625159,0.05
obesity_groupobesity,Dialister,-1.0562589124006325,1.3730179881342013,0.9708015227454073,0.05
carbohydrateRDC:timepoint48H,Dialister,2.5718400078991346,1.9708510360752414,0.5085856400437149,0.05
carbohydrateSDC:timepoint48H,Dialister,1.640868908412936,1.968749279394298,0.9182571033360304,0.05
carbohydrateRDC,Dorea,-1.4445453163118065,1.2247845378737723,0.7064599169666672,0.05
carbohydrateSDC,Dorea,0.02161865746502161,1.2278436663615653,1,0.05
timepoint48H,Dorea,-1.716678963362993,1.3775582011646934,0.9853551873165414,0.05
obesity_groupobesity,Dorea,-1.2792518052198625,0.8278282971613209,0.8426510557724459,0.05
carbohydrateRDC:timepoint48H,Dorea,2.8968093678019633,1.6593589699271911,0.4413086079174872,0.05
carbohydrateSDC:timepoint48H,Dorea,1.4579185696974186,1.657629849883456,0.9119782125316266,0.05
carbohydrateRDC,Eggerthella,-1.4703469759174173,1.230164495521422,0.7154801058046995,0.05
carbohydrateSDC,Eggerthella,-0.4321196735721429,1.2331197736458175,1,0.05
timepoint48H,Eggerthella,6.011936283584118,1.3851209887211553,1.7706251723896706e-4,0.05
obesity_groupobesity,Eggerthella,0.41907143492817167,1.4771920576685358,1,0.05
carbohydrateRDC:timepoint48H,Eggerthella,1.462770604800574,1.6664368411988273,0.6033798250570257,0.05
carbohydrateSDC:timepoint48H,Eggerthella,0.572083986074205,1.6646415937795709,0.9677747392261079,0.05
carbohydrateRDC,Erysipelatoclostridium,-0.8521818396476318,1.4129078108046518,0.7941338282850439,0.05
carbohydrateSDC,Erysipelatoclostridium,-0.3771160492845033,1.41635596909231,1,0.05
timepoint48H,Erysipelatoclostridium,0.8889516471363768,1.5901092131685588,0.9117821936164756,0.05
obesity_groupobesity,Erysipelatoclostridium,0.5029125811836391,1.2463799023548532,1,0.05
carbohydrateRDC:timepoint48H,Erysipelatoclostridium,1.1374561109981147,1.9140796550286003,0.721785660331397,0.05
carbohydrateSDC:timepoint48H,Erysipelatoclostridium,0.913120482991025,1.912045964678094,0.9483883452007495,0.05
carbohydrateRDC,Escherichia,-0.5112858882965013,1.4131390809570228,0.8484638315348305,0.05
carbohydrateSDC,Escherichia,0.3856521058214607,1.4165819684887455,1,0.05
timepoint48H,Escherichia,11.863300945512409,1.5904484500282292,9.930203482416688e-11,0.05
obesity_groupobesity,Escherichia,-0.26404838632880206,1.2807761741638082,0.9998830823699385,0.05
carbohydrateRDC:timepoint48H,Escherichia,2.512526667788085,1.9143828053819942,0.5056341197278713,0.05
carbohydrateSDC:timepoint48H,Escherichia,1.7498727428766263,1.912345800665989,0.9160426144870273,0.05
carbohydrateRDC,Eubacterium,-1.3731270858339357,1.2830103709793341,0.7066691833956189,0.05
carbohydrateSDC,Eubacterium,0.045604020250330314,1.2862736173208533,1,0.05
timepoint48H,Eubacterium,-1.8922479131515455,1.44247198270545,0.9791493674070886,0.05
obesity_groupobesity,Eubacterium,-1.1664228928128744,0.7531046702592088,0.8415001711992249,0.05
carbohydrateRDC:timepoint48H,Eubacterium,1.865056864390604,1.738367019286185,0.5319410849260566,0.05
carbohydrateSDC:timepoint48H,Eubacterium,1.2298650729250515,1.736581560436239,0.9281379844709653,0.05
carbohydrateRDC,Faecalibacterium,-0.6097625089867946,1.4228085288044483,0.8287754519184477,0.05
carbohydrateSDC,Faecalibacterium,0.6971201910447629,1.4262896925689164,1,0.05
timepoint48H,Faecalibacterium,0.20883067013336098,1.6011336350327443,0.9975071305302683,0.05
obesity_groupobesity,Faecalibacterium,0.6770292010584645,1.2068016651450515,1,0.05
carbohydrateRDC:timepoint48H,Faecalibacterium,3.4853232748705083,1.9275077669709524,0.43402487328862305,0.05
carbohydrateSDC:timepoint48H,Faecalibacterium,3.4275478276382807,1.9254643170339731,0.7836165565161652,0.05
carbohydrateRDC,Flavonifractor,-0.6966095104311165,1.3242430443939766,0.8125464120486345,0.05
carbohydrateSDC,Flavonifractor,0.03526516131731628,1.3275494471225349,1,0.05
timepoint48H,Flavonifractor,10.348612492693109,1.4894533485953039,3.050908120961921e-8,0.05
obesity_groupobesity,Flavonifractor,-0.8851817505621021,0.9104509872906789,0.9122797807405748,0.05
carbohydrateRDC:timepoint48H,Flavonifractor,0.20478506346403977,1.7941066927239018,0.8978123658036911,0.05
carbohydrateSDC:timepoint48H,Flavonifractor,-0.5687991893308502,1.7922362620849717,0.9948248260971477,0.05
carbohydrateRDC,Fusicatenibacter,-0.7813455137561611,1.2954673372861842,0.7645694761033108,0.05
carbohydrateSDC,Fusicatenibacter,0.4730906782470489,1.2986025627199382,1,0.05
timepoint48H,Fusicatenibacter,-2.429419599658175,1.4583055090322732,0.7887481293429977,0.05
obesity_groupobesity,Fusicatenibacter,1.0308045271597652,1.3215530195872394,1,0.05
carbohydrateRDC:timepoint48H,Fusicatenibacter,2.6995890416570356,1.7549368360742643,0.4626822621150661,0.05
carbohydrateSDC:timepoint48H,Fusicatenibacter,4.373667291814096,1.7530585827486047,0.5325300333736079,0.05
carbohydrateRDC,Gordonibacter,-1.1046371359928047,1.3468697792148288,0.7483646117614988,0.05
carbohydrateSDC,Gordonibacter,-0.7149072917499798,1.3501596275062444,1,0.05
timepoint48H,Gordonibacter,0.740186791380508,1.5157524546683476,0.919383161117506,0.05
obesity_groupobesity,Gordonibacter,-1.5974327582768968,1.175227599920019,0.8491113998834314,0.05
carbohydrateRDC:timepoint48H,Gordonibacter,2.024436737820505,1.824622440352889,0.5511362828873163,0.05
carbohydrateSDC:timepoint48H,Gordonibacter,2.073188338128272,1.8226852252901078,0.8837354338093788,0.05
carbohydrateRDC,Holdemanella,-1.7455028426497161,1.4548847091346533,0.7164032488962035,0.05
carbohydrateSDC,Holdemanella,-0.21559261274043187,1.4583644151137385,1,0.05
timepoint48H,Holdemanella,1.821485748729592,1.6383950668866283,0.6389386043012155,0.05
obesity_groupobesity,Holdemanella,0.5185090760771033,2.0062759182348002,1,0.05
carbohydrateRDC:timepoint48H,Holdemanella,4.063340140037648,1.9708289517016357,0.38308248721145566,0.05
carbohydrateSDC:timepoint48H,Holdemanella,2.7804701227932767,1.9686972795365605,0.8324347669673119,0.05
carbohydrateRDC,Holdemania,-0.6080202492464145,1.2889810761216718,0.8336502148533643,0.05
carbohydrateSDC,Holdemania,0.32985929692094523,1.29219792168157,1,0.05
timepoint48H,Holdemania,6.206159125689465,1.4498033041716032,0.001162506399314636,0.05
obesity_groupobesity,Holdemania,-0.08839030553054407,0.8864419578145581,0.9972869055134659,0.05
carbohydrateRDC:timepoint48H,Holdemania,1.9535360176542051,1.7463296425144414,0.5644027907355618,0.05
carbohydrateSDC:timepoint48H,Holdemania,0.8530700514997137,1.7445084241974909,0.9441599477794075,0.05
carbohydrateRDC,Intestinibacter,-1.026574967581705,1.337863706591739,0.7443513028380819,0.05
carbohydrateSDC,Intestinibacter,0.062225909365345264,1.3410965232401337,1,0.05
timepoint48H,Intestinibacter,2.373771467388337,1.5061012560162375,0.3543078057365454,0.05
obesity_groupobesity,Intestinibacter,-1.8635649534198881,1.398863333011424,0.850732883583519,0.05
carbohydrateRDC:timepoint48H,Intestinibacter,1.8088189515475324,1.8123615828225366,0.5606261394664092,0.05
carbohydrateSDC:timepoint48H,Intestinibacter,0.4290025747875438,1.8104192594225381,0.9823724359429115,0.05
carbohydrateRDC,Lachnoclostridium,-1.1920095119518443,1.2133048241124211,0.7070149289974139,0.05
carbohydrateSDC,Lachnoclostridium,-0.03469054480826131,1.2164803755320854,1,0.05
timepoint48H,Lachnoclostridium,2.6514860937966103,1.3633582030856448,0.1868077964123122,0.05
obesity_groupobesity,Lachnoclostridium,0.11730714066288299,0.5957745691770181,1,0.05
carbohydrateRDC:timepoint48H,Lachnoclostridium,0.46070762595667014,1.6441258139600485,0.8896144396768254,0.05
carbohydrateSDC:timepoint48H,Lachnoclostridium,-0.14550070634866916,1.6424738203973,1,0.05
carbohydrateRDC,Lactococcus,-1.1330563372271711,1.269368198912,0.7360860730881474,0.05
carbohydrateSDC,Lactococcus,-0.6715055490243867,1.2725178382974283,1,0.05
timepoint48H,Lactococcus,-1.9553388335866662,1.4279394318005783,0.8642325512489281,0.05
obesity_groupobesity,Lactococcus,0.524149359470296,0.9198712115178954,1,0.05
carbohydrateRDC:timepoint48H,Lactococcus,2.443483635875655,1.7197214643771623,0.4879721539487135,0.05
carbohydrateSDC:timepoint48H,Lactococcus,2.1999894012719716,1.7179195619281147,0.855429443747337,0.05
carbohydrateRDC,Marvinbryantia,-1.317796850795125,1.4296685316805553,0.7206632704810467,0.05
carbohydrateSDC,Marvinbryantia,-0.275046451911727,1.4331889822536583,1,0.05
timepoint48H,Marvinbryantia,-3.9601214902813715,1.6085722743279265,0.42501383637356765,0.05
obesity_groupobesity,Marvinbryantia,0.09413084127374582,1.1188333356941103,1,0.05
carbohydrateRDC:timepoint48H,Marvinbryantia,2.8466066801396757,1.9368422120838942,0.472216472561007,0.05
carbohydrateSDC:timepoint48H,Marvinbryantia,2.391282255888285,1.9348000087062145,0.8770460436628172,0.05
carbohydrateRDC,Other,-1.472998571381453,1.265569539806795,0.7260974767664087,0.05
carbohydrateSDC,Other,-0.959542112796838,1.2687134999757677,1,0.05
timepoint48H,Other,3.1735851386720757,1.4236231947136162,0.14172289483126013,0.05
obesity_groupobesity,Other,-0.42664018096240997,0.9054167460142497,0.9849106316478224,0.05
carbohydrateRDC:timepoint48H,Other,2.3389847560721644,1.7145822748036643,0.5036536269394001,0.05
carbohydrateSDC:timepoint48H,Other,1.5325092743024271,1.7127875430748174,0.9003080691148829,0.05
carbohydrateRDC,Paenibacillus,-1.0332633596410783,1.47288463566408,0.7459074725332732,0.05
carbohydrateSDC,Paenibacillus,-0.4073358480857451,1.47672405178678,1,0.05
timepoint48H,Paenibacillus,-3.5917913895297153,1.655167769605887,0.5241424433204347,0.05
obesity_groupobesity,Paenibacillus,0.807941133469103,0.7423159473971013,1,0.05
carbohydrateRDC:timepoint48H,Paenibacillus,2.1745744526356963,1.9958417988089978,0.5495894388304875,0.05
carbohydrateSDC:timepoint48H,Paenibacillus,1.7174570925165062,1.9938301035897892,0.9124192120936777,0.05
carbohydrateRDC,Parabacteroides,-0.619476564109249,1.3726693189476913,0.8306168767445997,0.05
carbohydrateSDC,Parabacteroides,0.16797527434245388,1.3760573026156435,1,0.05
timepoint48H,Parabacteroides,12.599706253801997,1.5443490049852882,4.746233065131926e-12,0.05
obesity_groupobesity,Parabacteroides,-1.250641582404775,1.0492576462873533,0.8766660268120129,0.05
carbohydrateRDC:timepoint48H,Parabacteroides,0.3031208044653293,1.8596376136878876,0.884710337126167,0.05
carbohydrateSDC:timepoint48H,Parabacteroides,0.9822788597361818,1.857680591185383,0.9452038508159188,0.05
carbohydrateRDC,Romboutsia,-1.175859111919719,1.1196672698596117,0.7139065770891652,0.05
carbohydrateSDC,Romboutsia,0.13349765994218132,1.1223482275753018,1,0.05
timepoint48H,Romboutsia,0.47437896330075413,1.2608463520765603,0.989157643713456,0.05
obesity_groupobesity,Romboutsia,-2.3104998412904107,1.4855174940664062,0.8418738773167557,0.05
carbohydrateRDC:timepoint48H,Romboutsia,2.3330829410872735,1.5167383478193153,0.46272215524727084,0.05
carbohydrateSDC:timepoint48H,Romboutsia,1.2089890358327646,1.5150994937408295,0.9208100545791743,0.05
carbohydrateRDC,Roseburia,-0.6150370164978824,1.4459722731409017,0.8296858322930508,0.05
carbohydrateSDC,Roseburia,0.7232549828262499,1.4496214689902989,1,0.05
timepoint48H,Roseburia,1.7554624367453056,1.6259519712646968,0.6630192356421417,0.05
obesity_groupobesity,Roseburia,0.8629199935976742,0.8962804838520311,1,0.05
carbohydrateRDC:timepoint48H,Roseburia,2.3550341096480367,1.9591047493320726,0.5194169413000234,0.05
carbohydrateSDC:timepoint48H,Roseburia,0.3235714586571637,1.9570802693589877,0.9829784885815678,0.05
carbohydrateRDC,Ruminiclostridium,-0.839707030141724,1.4838949656120672,0.7842224961175981,0.05
carbohydrateSDC,Ruminiclostridium,-0.015370078178750857,1.4876730847846744,1,0.05
timepoint48H,Ruminiclostridium,1.2392985360210458,1.6682878387611368,0.8756464933159994,0.05
obesity_groupobesity,Ruminiclostridium,0.6758628064716927,0.8644125487924709,1,0.05
carbohydrateRDC:timepoint48H,Ruminiclostridium,1.7288627804064618,2.0105566374361206,0.6077349367161416,0.05
carbohydrateSDC:timepoint48H,Ruminiclostridium,1.3222668771954307,2.008493303272075,0.932201926711346,0.05
carbohydrateRDC,Ruminococcus,-1.604757680074374,1.5786299176327783,0.7245670188478749,0.05
carbohydrateSDC,Ruminococcus,-0.7153871326172931,1.582444147276473,1,0.05
timepoint48H,Ruminococcus,-2.0650588171960806,1.7771496236068547,0.9611639450382872,0.05
obesity_groupobesity,Ruminococcus,-3.9588365919773567,1.6543281914466703,0.4887038894219825,0.05
carbohydrateRDC:timepoint48H,Ruminococcus,2.4239467217362924,2.1385193276460925,0.5341614042209076,0.05
carbohydrateSDC:timepoint48H,Ruminococcus,1.2869828050448704,2.1362272577070196,0.9408054216848187,0.05
carbohydrateRDC,Senegalimassilia,-1.230087727448199,1.2480604774294215,0.7395456147951662,0.05
carbohydrateSDC,Senegalimassilia,-0.32717859168836866,1.2510515602732166,1,0.05
timepoint48H,Senegalimassilia,1.772920234066073,1.4053851926653822,0.5670074210506261,0.05
obesity_groupobesity,Senegalimassilia,-0.309331647548433,1.6084133315628697,0.9993291339201347,0.05
carbohydrateRDC:timepoint48H,Senegalimassilia,2.4610355762982667,1.6906682371149517,0.48649017614539747,0.05
carbohydrateSDC:timepoint48H,Senegalimassilia,2.1527641876371892,1.6888429405639245,0.8522255919934006,0.05
carbohydrateRDC,Slackia,0.1711949987165942,1.3486467248500862,0.9428707580556721,0.05
carbohydrateSDC,Slackia,0.5353528682579008,1.3518887421895291,1,0.05
timepoint48H,Slackia,3.9949469934886137,1.5184953664834937,0.06758103261253416,0.05
obesity_groupobesity,Slackia,-1.1842518511253308,1.5941402580670117,0.9753859894380235,0.05
carbohydrateRDC:timepoint48H,Slackia,-0.05022555741333744,1.826941643971822,0.9196465322583475,0.05
carbohydrateSDC:timepoint48H,Slackia,0.4803076497848505,1.824974625099945,0.9659378818345216,0.05
carbohydrateRDC,Streptococcus,-1.2051717560814574,1.1745997738621046,0.7066151243937759,0.05
carbohydrateSDC,Streptococcus,0.11511973943742394,1.1774486441781624,1,0.05
timepoint48H,Streptococcus,-0.7848070355202095,1.322154896759069,1,0.05
obesity_groupobesity,Streptococcus,0.17604084872959078,1.1443477041911703,1,0.05
carbohydrateRDC:timepoint48H,Streptococcus,2.919782772524577,1.5912108187087943,0.4278596911962056,0.05
carbohydrateSDC:timepoint48H,Streptococcus,1.5293549575563345,1.5895110653562394,0.9070249899899737,0.05
carbohydrateRDC,Subdoligranulum,-0.9645034558971038,1.1587037128496922,0.7199861218855115,0.05
carbohydrateSDC,Subdoligranulum,0.2589781019485225,1.1617453391061365,1,0.05
timepoint48H,Subdoligranulum,2.116986746843359,1.3019385249451207,0.32087915799521055,0.05
obesity_groupobesity,Subdoligranulum,0.5760994604112784,0.5601798843626673,1,0.05
carbohydrateRDC:timepoint48H,Subdoligranulum,1.948860842271184,1.570158566031481,0.5025636258370246,0.05
carbohydrateSDC:timepoint48H,Subdoligranulum,0.8583806155703685,1.5685843519617457,0.9468803895721343,0.05
carbohydrateRDC,Terrisporobacter,-0.7836158328886735,1.3719744339884297,0.7981125059973905,0.05
carbohydrateSDC,Terrisporobacter,0.3158688196620081,1.3752918444481483,1,0.05
timepoint48H,Terrisporobacter,0.9126199411938138,1.5444707256610566,0.9026208231593893,0.05
obesity_groupobesity,Terrisporobacter,-3.58353849589224,1.4190383455797237,0.4751785870469172,0.05
carbohydrateRDC:timepoint48H,Terrisporobacter,1.5624980377776265,1.8585739728221538,0.6386045532802971,0.05
carbohydrateSDC:timepoint48H,Terrisporobacter,0.58778872877594,1.8565832576257384,0.9678734090235838,0.05
carbohydrateRDC,Turicibacter,-1.5234504317771373,1.3044241940954322,0.7072012674345598,0.05
carbohydrateSDC,Turicibacter,-0.36067224377324497,1.3075641771823592,1,0.05
timepoint48H,Turicibacter,-0.07678532315398796,1.468637208766082,1,0.05
obesity_groupobesity,Turicibacter,-1.873250627068147,1.487190606654527,0.8567396240293008,0.05
carbohydrateRDC:timepoint48H,Turicibacter,2.8021180537899237,1.767042505297592,0.4524843571924995,0.05
carbohydrateSDC:timepoint48H,Turicibacter,1.768570551651456,1.7651423008873248,0.9006832286884966,0.05
carbohydrateRDC,f__Christensenellaceae,-1.0265661952999787,1.3262516149902652,0.7341381355237184,0.05
carbohydrateSDC,f__Christensenellaceae,0.12990023221522343,1.3294511603327253,1,0.05
timepoint48H,f__Christensenellaceae,0.44956618472333526,1.4931065597279798,0.9930087332004868,0.05
obesity_groupobesity,f__Christensenellaceae,-1.03384880621381,1.437535975199951,0.9839323476187428,0.05
carbohydrateRDC:timepoint48H,f__Christensenellaceae,0.9610612065744185,1.7966225063905792,0.7524410027091292,0.05
carbohydrateSDC:timepoint48H,f__Christensenellaceae,-1.0399327204351336,1.794694265200041,1,0.05
carbohydrateRDC,f__Coriobacteriaceae,-0.28877998697485363,1.3785245896577745,0.887239456107605,0.05
carbohydrateSDC,f__Coriobacteriaceae,0.3713307466979503,1.3818898281484477,1,0.05
timepoint48H,f__Coriobacteriaceae,0.09512050888271828,1.5514006858236475,0.9842011918417812,0.05
obesity_groupobesity,f__Coriobacteriaceae,-1.1019471115221118,1.210815879105281,0.9299071596396237,0.05
carbohydrateRDC:timepoint48H,f__Coriobacteriaceae,1.593203775111926,1.867502128795551,0.6372093646019145,0.05
carbohydrateSDC:timepoint48H,f__Coriobacteriaceae,1.4120074825412443,1.8655184296381873,0.91539728575511,0.05
carbohydrateRDC,f__Erysipelotrichaceae,-0.8499166767735019,1.3831092247573598,0.7678336470082863,0.05
carbohydrateSDC,f__Erysipelotrichaceae,0.22360334279656563,1.3864528824666178,1,0.05
timepoint48H,f__Erysipelotrichaceae,-0.05848579896754778,1.557014194991227,0.9996476760045466,0.05
obesity_groupobesity,f__Erysipelotrichaceae,-0.45708253464059073,1.4324317315921336,1,0.05
carbohydrateRDC:timepoint48H,f__Erysipelotrichaceae,0.7292405927563705,1.8736567448474808,0.8258163594152592,0.05
carbohydrateSDC:timepoint48H,f__Erysipelotrichaceae,0.23571429663117538,1.8716495340538284,0.9847833176043097,0.05
carbohydrateRDC,f__Family XIII,-1.401916372928105,1.3393610495481756,0.7079776559486397,0.05
carbohydrateSDC,f__Family XIII,-0.34145865015451077,1.3427172109693817,1,0.05
timepoint48H,f__Family XIII,-2.460797096227297,1.506319134273958,0.792955879794507,0.05
obesity_groupobesity,f__Family XIII,-2.0992842655158546,0.8838512730064274,0.5266073397644381,0.05
carbohydrateRDC:timepoint48H,f__Family XIII,1.5958272463317098,1.8146117595263227,0.6167121027333282,0.05
carbohydrateSDC:timepoint48H,f__Family XIII,0.31631419599966426,1.812725689584946,0.9836722140664007,0.05
carbohydrateRDC,f__Lachnospiraceae,-1.2503588062500415,1.1471832917737395,0.7064599169666672,0.05
carbohydrateSDC,f__Lachnospiraceae,0.03495771017409819,1.150117584828404,1,0.05
timepoint48H,f__Lachnospiraceae,0.9292580477079717,1.289606666561318,0.9356783954087623,0.05
obesity_groupobesity,f__Lachnospiraceae,-0.44779710165698816,0.6443969147419694,0.9894852957498488,0.05
carbohydrateRDC:timepoint48H,f__Lachnospiraceae,1.6527240260137028,1.5543682249624522,0.5301860454977946,0.05
carbohydrateSDC:timepoint48H,f__Lachnospiraceae,1.0351721646746577,1.5527789615061303,0.9306460179769235,0.05
carbohydrateRDC,f__Ruminococcaceae,-1.4130956959648726,1.210548136953751,0.7064599169666672,0.05
carbohydrateSDC,f__Ruminococcaceae,-0.04975568464821561,1.2136798757699903,1,0.05
timepoint48H,f__Ruminococcaceae,1.8738483347005113,1.360544088338856,0.44630976763623365,0.05
obesity_groupobesity,f__Ruminococcaceae,-0.7815108384338076,0.634597929101764,0.8617244225295789,0.05
carbohydrateRDC:timepoint48H,f__Ruminococcaceae,0.4836434397772091,1.6403042764442617,0.8812991764852661,0.05
carbohydrateSDC:timepoint48H,f__Ruminococcaceae,-0.06659316564142673,1.6386416422557104,1,0.05
carbohydrateRDC,o__Clostridiales,-1.0898732189468914,1.351928168004127,0.7556339420498236,0.05
carbohydrateSDC,o__Clostridiales,0.035647269315468834,1.355166667142654,1,0.05
timepoint48H,o__Clostridiales,1.6111844122907897,1.5223702243569903,0.6673450702794566,0.05
obesity_groupobesity,o__Clostridiales,-0.6858774518285076,1.7679434297295524,0.9999229282291301,0.05
carbohydrateRDC:timepoint48H,o__Clostridiales,2.0384541289815674,1.831368838081339,0.5508820462606272,0.05
carbohydrateSDC:timepoint48H,o__Clostridiales,1.0564949445852216,1.8293908031109025,0.9409755253578646,0.05
carbohydrateRDC,other,-1.0040410681973266,1.0485473313660982,0.7143780217645197,0.05
carbohydrateSDC,other,0.020860875489678347,1.051195168266212,1,0.05
timepoint48H,other,6.570040467361499,1.179038885910311,7.058960251023985e-7,0.05
obesity_groupobesity,other,1.190790646743115,0.6443021011730256,1,0.05
carbohydrateRDC:timepoint48H,other,1.5465410267857371,1.420648369666557,0.5325791353268935,0.05
carbohydrateSDC:timepoint48H,other,0.6986964076959497,1.419181137190602,0.9529688370546018,0.05
carbohydrateRDC,Actinomyces,-1.3455959711074494,1.221217531508864,0.7108686339627411,0.25
carbohydrateSDC,Actinomyces,-0.10915819644502993,1.2242828354347561,1,0.25
timepoint48H,Actinomyces,-3.204126454735189,1.3733997198643333,0.4779194657619348,0.25
obesity_groupobesity,Actinomyces,-0.8235231127626892,0.7966775538576979,0.8994491476124251,0.25
carbohydrateRDC:timepoint48H,Actinomyces,3.182715546249401,1.6545580181593624,0.40659347150223124,0.25
carbohydrateSDC:timepoint48H,Actinomyces,1.3296031616706072,1.6528405537420772,0.9116151868132645,0.25
carbohydrateRDC,Adlercreutzia,-0.7780356469541405,1.3985333058599745,0.7911787243436571,0.25
carbohydrateSDC,Adlercreutzia,-0.44320597835748843,1.4019801765080266,1,0.25
timepoint48H,Adlercreutzia,-1.612786399455392,1.5735065947474094,0.9552984744918429,0.25
obesity_groupobesity,Adlercreutzia,-2.959649391086357,1.086139418969531,0.4399176865675835,0.25
carbohydrateRDC:timepoint48H,Adlercreutzia,1.4382693331509817,1.894667812090777,0.6684598977731354,0.25
carbohydrateSDC:timepoint48H,Adlercreutzia,1.3575859209463048,1.892671528532724,0.9130147035867491,0.25
carbohydrateRDC,Akkermansia,0.15344796861352875,1.4802161712292845,0.9554190701605388,0.25
carbohydrateSDC,Akkermansia,1.054466466609525,1.4837806554512796,1,0.25
timepoint48H,Akkermansia,6.963751360591575,1.6665391580680617,3.9764071188159414e-4,0.25
obesity_groupobesity,Akkermansia,-0.2978068602809462,1.6727191835205002,1,0.25
carbohydrateRDC:timepoint48H,Akkermansia,-0.2707198910389423,2.0051818475146947,0.9643152057583297,0.25
carbohydrateSDC:timepoint48H,Akkermansia,-1.8930070423882377,2.0030262795511007,1,0.25
carbohydrateRDC,Alistipes,-0.6701303967116419,1.3833593862395066,0.8215188189133918,0.25
carbohydrateSDC,Alistipes,0.15916864123272068,1.386884853229062,1,0.25
timepoint48H,Alistipes,9.734016221001635,1.5552329287045632,2.0676315130949835e-7,0.25
obesity_groupobesity,Alistipes,-0.6104710565399684,0.802095633235216,0.9497972848823544,0.25
carbohydrateRDC:timepoint48H,Alistipes,0.3915920881147456,1.874346800594524,0.8748213220706647,0.25
carbohydrateSDC:timepoint48H,Alistipes,-0.10626989576812669,1.8724245871648098,0.9837073337094807,0.25
carbohydrateRDC,Anaerostipes,-1.0928933828345406,1.3014846609396669,0.7138562755206764,0.25
carbohydrateSDC,Anaerostipes,0.03527864867587179,1.304685067877982,1,0.25
timepoint48H,Anaerostipes,-2.8125279236023877,1.4644001809417946,0.6746372368625644,0.25
obesity_groupobesity,Anaerostipes,-1.0838659777947988,1.0334410729058277,0.9151251160670372,0.25
carbohydrateRDC:timepoint48H,Anaerostipes,1.6958325611182867,1.7631769605290664,0.5662608308556824,0.25
carbohydrateSDC:timepoint48H,Anaerostipes,1.7819464766554687,1.761315738484871,0.8936603023828779,0.25
carbohydrateRDC,Anaerotruncus,-0.40041425906909944,1.3510064421639107,0.865119076886274,0.25
carbohydrateSDC,Anaerotruncus,0.4030786339975603,1.3542715916773618,1,0.25
timepoint48H,Anaerotruncus,6.764136781528357,1.5208895276354966,2.2536668620189753e-4,0.25
obesity_groupobesity,Anaerotruncus,-1.135282425468667,1.4117605273577374,0.9580259528445555,0.25
carbohydrateRDC:timepoint48H,Anaerotruncus,-0.9397271098751451,1.8301666718949199,0.9913569152050078,0.25
carbohydrateSDC:timepoint48H,Anaerotruncus,-1.2629641103652058,1.828205552245198,0.9988902106726303,0.25
carbohydrateRDC,Bacteroides,-0.5850566749258465,1.4015709210294047,0.8373233974497993,0.25
carbohydrateSDC,Bacteroides,0.04452285548954149,1.405049318397359,1,0.25
timepoint48H,Bacteroides,14.08283940336594,1.5766426080773082,5.554844778599133e-14,0.25
obesity_groupobesity,Bacteroides,-0.5073577421183982,1.0083886343450268,0.9853136800966966,0.25
carbohydrateRDC:timepoint48H,Bacteroides,1.238446957141044,1.8988285778889293,0.7072840737275956,0.25
carbohydrateSDC:timepoint48H,Bacteroides,0.7556054301555144,1.8968394738299998,0.9475120222267365,0.25
carbohydrateRDC,Bifidobacterium,-1.166058549527928,1.1116496724216614,0.7068757335869409,0.25
carbohydrateSDC,Bifidobacterium,0.13258005471763723,1.114480864678034,1,0.25
timepoint48H,Bifidobacterium,0.2680682816765005,1.2497709559652805,0.9991173711997078,0.25
obesity_groupobesity,Bifidobacterium,-0.8408142357774645,0.6430137248972535,0.8669529658343023,0.25
carbohydrateRDC:timepoint48H,Bifidobacterium,4.316251879668774,1.5061954954875731,0.22159184046433658,0.25
carbohydrateSDC:timepoint48H,Bifidobacterium,3.2602865118151803,1.5046502968966406,0.6851212508073473,0.25
carbohydrateRDC,Blautia,-1.4091020792821463,1.1474167217821847,0.7068757335869409,0.25
carbohydrateSDC,Blautia,0.04277842366164778,1.1504147292092317,1,0.25
timepoint48H,Blautia,-0.30204840863965626,1.2893600267517504,1,0.25
obesity_groupobesity,Blautia,-0.08584803662595264,0.5687245488926238,1,0.25
carbohydrateRDC:timepoint48H,Blautia,2.433816148355661,1.5548300090943457,0.4570059580236163,0.25
carbohydrateSDC:timepoint48H,Blautia,1.720733083165046,1.5532657462144959,0.8897232830240934,0.25
carbohydrateRDC,Clostridium,-1.1215704635423063,1.309548760617324,0.7340502545073027,0.25
carbohydrateSDC,Clostridium,-0.24687454396017208,1.3127122270008438,1,0.25
timepoint48H,Clostridium,7.647263733533423,1.4742391825274355,7.4334407310421385e-6,0.25
obesity_groupobesity,Clostridium,-0.28737664347746383,1.3769873925898437,1,0.25
carbohydrateRDC:timepoint48H,Clostridium,1.7500237645948387,1.7740026733502654,0.5704802982891608,0.25
carbohydrateSDC:timepoint48H,Clostridium,0.5259318966077846,1.772100967859437,0.9627394126969552,0.25
carbohydrateRDC,Collinsella,-2.0049205954069556,1.5422863425295377,0.7081328847600253,0.25
carbohydrateSDC,Collinsella,-0.9784077423672796,1.546027993193477,1,0.25
timepoint48H,Collinsella,2.732285105212598,1.7360158079708008,0.35586491388056407,0.25
obesity_groupobesity,Collinsella,0.8053587670070449,1.4927667477990216,1,0.25
carbohydrateRDC:timepoint48H,Collinsella,4.624211160788038,2.0893113227932356,0.37818430451384827,0.25
carbohydrateSDC:timepoint48H,Collinsella,3.3255931010945328,2.087080027003408,0.8304879578906598,0.25
carbohydrateRDC,Coprococcus,-1.0651402923748856,1.465194936924759,0.7389246302891106,0.25
carbohydrateSDC,Coprococcus,-0.1629744865203142,1.4688436995459797,1,0.25
timepoint48H,Coprococcus,-0.23590139662424203,1.6480727085794264,0.9998212157193614,0.25
obesity_groupobesity,Coprococcus,-1.2019055019648586,1.0175317552793193,0.887601691545536,0.25
carbohydrateRDC:timepoint48H,Coprococcus,2.4597263665915743,1.9850495435550728,0.5117410771600437,0.25
carbohydrateSDC:timepoint48H,Coprococcus,2.3279441740685125,1.982976027744924,0.880554527985825,0.25
carbohydrateRDC,Dialister,-1.4689983323738565,1.457855100695295,0.7284069702932251,0.25
carbohydrateSDC,Dialister,-0.26051733021373047,1.4613986922864597,1,0.25
timepoint48H,Dialister,0.42439295531489796,1.6408866485986597,0.965749747449737,0.25
obesity_groupobesity,Dialister,-1.060349913781884,1.3702688821980797,0.9632792066507525,0.25
carbohydrateRDC:timepoint48H,Dialister,2.6354718169926983,1.9749453662784937,0.5076691895719777,0.25
carbohydrateSDC:timepoint48H,Dialister,1.8259373013143898,1.9728396939711872,0.9006838765859774,0.25
carbohydrateRDC,Dorea,-1.450889289054684,1.2246123658640087,0.7068757335869409,0.25
carbohydrateSDC,Dorea,0.007972913685665235,1.227671391145642,1,0.25
timepoint48H,Dorea,-1.7225247118292013,1.3773618436623503,0.9639909692451064,0.25
obesity_groupobesity,Dorea,-1.2867556436798324,0.8275071323229601,0.8545433596128688,0.25
carbohydrateRDC:timepoint48H,Dorea,2.9401895155560074,1.6591264364914862,0.4413472516276823,0.25
carbohydrateSDC:timepoint48H,Dorea,1.4605808071194517,1.6573976944426347,0.8978768048984512,0.25
carbohydrateRDC,Eggerthella,-1.5464429697761304,1.236037537177079,0.7110315878753526,0.25
carbohydrateSDC,Eggerthella,-0.4365150885058222,1.2390074821683095,1,0.25
timepoint48H,Eggerthella,6.001643475652443,1.3917253446938689,2.7269281964114337e-4,0.25
obesity_groupobesity,Eggerthella,0.4247333043543679,1.478246601146933,1,0.25
carbohydrateRDC:timepoint48H,Eggerthella,1.5197586616992889,1.6743936332699891,0.5974396746936456,0.25
carbohydrateSDC:timepoint48H,Eggerthella,0.5531453837734643,1.6725901147619378,0.9493045304058495,0.25
carbohydrateRDC,Erysipelatoclostridium,-0.9121179297982317,1.414653809697619,0.7720425228241695,0.25
carbohydrateSDC,Erysipelatoclostridium,-0.396346150082745,1.4181056353709212,1,0.25
timepoint48H,Erysipelatoclostridium,0.8873933398099463,1.592082912594907,0.9049296261398705,0.25
obesity_groupobesity,Erysipelatoclostridium,0.4300224998948231,1.2527434179607304,1,0.25
carbohydrateRDC:timepoint48H,Erysipelatoclostridium,1.1946218119080434,1.9164439976724459,0.7113354353370532,0.25
carbohydrateSDC:timepoint48H,Erysipelatoclostridium,0.8935953505297625,1.91440747934628,0.9424106895211699,0.25
carbohydrateRDC,Escherichia,-0.6356009456818205,1.419814432167402,0.8209441439612066,0.25
carbohydrateSDC,Escherichia,0.35686870606529714,1.4232702435381106,1,0.25
timepoint48H,Escherichia,11.819062181600033,1.598006102065421,2.809965052886591e-10,0.25
obesity_groupobesity,Escherichia,-0.2911342556952824,1.3058998023757011,1,0.25
carbohydrateRDC:timepoint48H,Escherichia,2.6329573559572657,1.9234200687998215,0.4957503574156217,0.25
carbohydrateSDC:timepoint48H,Escherichia,1.7692026339641362,1.921371743492531,0.8886866996088617,0.25
carbohydrateRDC,Eubacterium,-1.3661091913094643,1.2819276917988698,0.7068757335869409,0.25
carbohydrateSDC,Eubacterium,0.03761175103302344,1.285196867002158,1,0.25
timepoint48H,Eubacterium,-1.8404280008534066,1.441179946284745,0.9615881307336492,0.25
obesity_groupobesity,Eubacterium,-1.141127538618626,0.7403142243729792,0.8518347028356856,0.25
carbohydrateRDC:timepoint48H,Eubacterium,1.81840298037432,1.736919466803507,0.542832205421055,0.25
carbohydrateSDC:timepoint48H,Eubacterium,1.1800786691314267,1.7351391121298803,0.9115938004831988,0.25
carbohydrateRDC,Faecalibacterium,-0.6364260319339319,1.425926660897936,0.8161061140164857,0.25
carbohydrateSDC,Faecalibacterium,0.6039612854571301,1.4294160439358705,1,0.25
timepoint48H,Faecalibacterium,0.17739372855415977,1.604634634103995,0.997745436403358,0.25
obesity_groupobesity,Faecalibacterium,0.6555553855740017,1.2061206030582046,1,0.25
carbohydrateRDC:timepoint48H,Faecalibacterium,3.4972349239303995,1.9317329947094841,0.43117947090352426,0.25
carbohydrateSDC:timepoint48H,Faecalibacterium,3.4660645625868955,1.9296853672734025,0.7693988325145448,0.25
carbohydrateRDC,Flavonifractor,-0.6727239610440097,1.3235997999257902,0.8209770567434193,0.25
carbohydrateSDC,Flavonifractor,0.010870477380819232,1.3269017899699274,1,0.25
timepoint48H,Flavonifractor,10.397197890709867,1.488750096698459,5.1660067788665555e-9,0.25
obesity_groupobesity,Flavonifractor,-0.8553956809588551,0.9106925076249057,0.9190843984714823,0.25
carbohydrateRDC:timepoint48H,Flavonifractor,0.15231829015286308,1.7932285815879891,0.8865793974381451,0.25
carbohydrateSDC:timepoint48H,Flavonifractor,-0.616901842568152,1.791357970611195,0.9913590620457766,0.25
carbohydrateRDC,Fusicatenibacter,-0.8008197898697852,1.2955297171557658,0.7606705203180647,0.25
carbohydrateSDC,Fusicatenibacter,0.4657296316304332,1.2986654498676387,1,0.25
timepoint48H,Fusicatenibacter,-2.372451961853171,1.4583698381226355,0.818619927307657,0.25
obesity_groupobesity,Fusicatenibacter,1.013530368861542,1.316828897110471,1,0.25
carbohydrateRDC:timepoint48H,Fusicatenibacter,2.656291231118162,1.7550218799164157,0.4625022617075411,0.25
carbohydrateSDC:timepoint48H,Fusicatenibacter,4.308411977363017,1.753143735504873,0.5827581372725303,0.25
carbohydrateRDC,Gordonibacter,-1.0769545089235673,1.3557868749544377,0.7487756669356642,0.25
carbohydrateSDC,Gordonibacter,-0.7618868372823241,1.359102534378637,1,0.25
timepoint48H,Gordonibacter,0.7651038529609041,1.5257363950080414,0.9202118687197515,0.25
obesity_groupobesity,Gordonibacter,-1.6100865084887914,1.1647954060455363,0.850386793306737,0.25
carbohydrateRDC:timepoint48H,Gordonibacter,2.059826076148201,1.836709829479937,0.5536287004851729,0.25
carbohydrateSDC:timepoint48H,Gordonibacter,2.052881602030349,1.8347617921526274,0.8771459891175769,0.25
carbohydrateRDC,Holdemanella,-1.7812651430711586,1.4598296428497421,0.7166317760476562,0.25
carbohydrateSDC,Holdemanella,-0.24419087885816787,1.463322172595076,1,0.25
timepoint48H,Holdemanella,1.8282403427555083,1.6439475023338845,0.640212436310502,0.25
obesity_groupobesity,Holdemanella,0.45484244068046387,1.9939706246388864,1,0.25
carbohydrateRDC:timepoint48H,Holdemanella,4.092969105356681,1.9775290446335254,0.38257683162917044,0.25
carbohydrateSDC:timepoint48H,Holdemanella,2.784714246564888,1.9753906786407522,0.8370895470538914,0.25
carbohydrateRDC,Holdemania,-0.7488257841727167,1.2959164342763738,0.8085208775283933,0.25
carbohydrateSDC,Holdemania,0.254609393633276,1.2991562922677828,1,0.25
timepoint48H,Holdemania,6.086393603312096,1.457546032377444,0.0012194668425880258,0.25
obesity_groupobesity,Holdemania,-0.06160903794508593,0.878819257490286,0.9955239609723886,0.25
carbohydrateRDC:timepoint48H,Holdemania,2.1098948086488996,1.7557374682279092,0.5567686582967367,0.25
carbohydrateSDC:timepoint48H,Holdemania,0.9409946336782578,1.7539090070931727,0.9317432604059893,0.25
carbohydrateRDC,Intestinibacter,-1.0559905605710789,1.3421550831360836,0.7385034193890017,0.25
carbohydrateSDC,Intestinibacter,0.013475037744785557,1.3453989742198074,1,0.25
timepoint48H,Intestinibacter,2.280945997731921,1.510921939441565,0.395485335946018,0.25
obesity_groupobesity,Intestinibacter,-1.8651425942643376,1.3971059406351929,0.8648004699407558,0.25
carbohydrateRDC:timepoint48H,Intestinibacter,1.8625359513769935,1.818176141149743,0.5588108529965694,0.25
carbohydrateSDC:timepoint48H,Intestinibacter,0.48891484521230144,1.816227960453566,0.9634742646044485,0.25
carbohydrateRDC,Lachnoclostridium,-1.1728469451020749,1.2129719076714598,0.7076772981744148,0.25
carbohydrateSDC,Lachnoclostridium,-0.04320420818494052,1.216143523345393,1,0.25
timepoint48H,Lachnoclostridium,2.652324563997581,1.363007635310793,0.19081683300913915,0.25
obesity_groupobesity,Lachnoclostridium,0.11318908864405104,0.5989002055340317,1,0.25
carbohydrateRDC:timepoint48H,Lachnoclostridium,0.4431207091029106,1.6436674553076773,0.886830864023035,0.25
carbohydrateSDC:timepoint48H,Lachnoclostridium,-0.15427282225275613,1.6420147149703834,0.999102655342505,0.25
carbohydrateRDC,Lactococcus,-1.1177613357183829,1.2855539646376166,0.7386744327691349,0.25
carbohydrateSDC,Lactococcus,-0.6706228355050585,1.2887443594799581,1,0.25
timepoint48H,Lactococcus,-1.920581878780126,1.4461396697335014,0.8909468636942235,0.25
obesity_groupobesity,Lactococcus,0.5629744477421862,0.9293201391480016,1,0.25
carbohydrateRDC:timepoint48H,Lactococcus,2.4480285593919704,1.7416507787529163,0.4921941357307375,0.25
carbohydrateSDC:timepoint48H,Lactococcus,2.1750681674956773,1.739826194807474,0.8534320870171339,0.25
carbohydrateRDC,Marvinbryantia,-1.3260887515058024,1.4349018197664622,0.7193489919500056,0.25
carbohydrateSDC,Marvinbryantia,-0.30829071008799436,1.4384325276353065,1,0.25
timepoint48H,Marvinbryantia,-3.9400987192392165,1.6144941290839854,0.439163928852789,0.25
obesity_groupobesity,Marvinbryantia,0.1333638290429525,1.1345086757274003,1,0.25
carbohydrateRDC:timepoint48H,Marvinbryantia,2.8311304471664993,1.943927287351813,0.4795252658067107,0.25
carbohydrateSDC:timepoint48H,Marvinbryantia,2.4152181311218395,1.9418762956327296,0.8707117160841109,0.25
carbohydrateRDC,Other,-1.3858688471739538,1.276010123767409,0.7338144388646213,0.25
carbohydrateSDC,Other,-0.9774317687681044,1.2791796915757885,1,0.25
timepoint48H,Other,3.191711404455153,1.4353775334984342,0.14123890235544118,0.25
obesity_groupobesity,Other,-0.4514691317732302,0.9188404843770935,0.9870476331584683,0.25
carbohydrateRDC:timepoint48H,Other,2.159817086442214,1.7287270679031594,0.5224649917395512,0.25
carbohydrateSDC:timepoint48H,Other,1.5033258401674412,1.7269172536814033,0.9020629616841568,0.25
carbohydrateRDC,Paenibacillus,-1.0600452582153475,1.481590096031427,0.7397719204071619,0.25
carbohydrateSDC,Paenibacillus,-0.4361248455953277,1.4854551402150533,1,0.25
timepoint48H,Paenibacillus,-3.599815756962008,1.6649271209276826,0.5514616435654502,0.25
obesity_groupobesity,Paenibacillus,0.7444071439474711,0.7432856744897727,1,0.25
carbohydrateRDC:timepoint48H,Paenibacillus,2.1983440467544253,2.0076449749826866,0.5538654979849735,0.25
carbohydrateSDC:timepoint48H,Paenibacillus,1.7408767972465753,2.005622563583543,0.9027287387271702,0.25
carbohydrateRDC,Parabacteroides,-0.6575005775841624,1.3909048752740496,0.8215440082679273,0.25
carbohydrateSDC,Parabacteroides,0.0977572497462617,1.3943378750085538,1,0.25
timepoint48H,Parabacteroides,12.56958898429386,1.5648679337384663,1.077172379071456e-11,0.25
obesity_groupobesity,Parabacteroides,-1.2454696129137122,1.0658309872045413,0.8935975581836353,0.25
carbohydrateRDC:timepoint48H,Parabacteroides,0.334596850991432,1.8843426842872153,0.8745173616728136,0.25
carbohydrateSDC:timepoint48H,Parabacteroides,1.0546846870064441,1.8823596159582072,0.9357837230067149,0.25
carbohydrateRDC,Romboutsia,-1.1460601199634377,1.1230947152060906,0.7113800141424041,0.25
carbohydrateSDC,Romboutsia,0.15545173884205205,1.1257846914090428,1,0.25
timepoint48H,Romboutsia,0.5205257493625431,1.2646927885453023,0.979444839734925,0.25
obesity_groupobesity,Romboutsia,-2.304266443941603,1.474922159088315,0.8565556611897811,0.25
carbohydrateRDC:timepoint48H,Romboutsia,2.309154561964567,1.5213825371032785,0.46457105543883537,0.25
carbohydrateSDC:timepoint48H,Romboutsia,1.135708450736871,1.5197391148305062,0.9034832900514663,0.25
carbohydrateRDC,Roseburia,-0.6075322891715481,1.4520365751964002,0.822399410201661,0.25
carbohydrateSDC,Roseburia,0.6974991478700063,1.4557087384428047,1,0.25
timepoint48H,Roseburia,1.7462618518139557,1.6326971779117643,0.6753428297833974,0.25
obesity_groupobesity,Roseburia,0.8456137051197202,0.8858203933904352,1,0.25
carbohydrateRDC:timepoint48H,Roseburia,2.3699730976970472,1.9673372349919713,0.5240909105480024,0.25
carbohydrateSDC:timepoint48H,Roseburia,0.3731772753373575,1.9653076178135185,0.9660853116113679,0.25
carbohydrateRDC,Ruminiclostridium,-0.8519790284223812,1.4892545174738188,0.7807417686309861,0.25
carbohydrateSDC,Ruminiclostridium,0.016414602721809463,1.4930423742275676,1,0.25
timepoint48H,Ruminiclostridium,1.2889390914529522,1.6743466311955295,0.8578528464371901,0.25
obesity_groupobesity,Ruminiclostridium,0.6516522121214798,0.8728075800525308,1,0.25
carbohydrateRDC:timepoint48H,Ruminiclostridium,1.645810602134038,2.0178096192889403,0.6293097713187306,0.25
carbohydrateSDC:timepoint48H,Ruminiclostridium,1.2969077954456387,2.015737222568337,0.9195664454186039,0.25
carbohydrateRDC,Ruminococcus,-1.6497585229658007,1.5861469943730608,0.7176085151203306,0.25
carbohydrateSDC,Ruminococcus,-0.792022021171931,1.5899791122952853,1,0.25
timepoint48H,Ruminococcus,-2.0406748345507673,1.7856162245428107,0.9571784772014343,0.25
obesity_groupobesity,Ruminococcus,-3.9712406918910315,1.665324257343315,0.49824465245659166,0.25
carbohydrateRDC:timepoint48H,Ruminococcus,2.4111428108211292,2.1487020305644067,0.539212712281527,0.25
carbohydrateSDC:timepoint48H,Ruminococcus,1.2822957022074382,2.1463988981353697,0.9315214066773272,0.25
carbohydrateRDC,Senegalimassilia,-1.2910200166203925,1.2488345302100645,0.7377941391759952,0.25
carbohydrateSDC,Senegalimassilia,-0.3749788080156965,1.2518281136430793,1,0.25
timepoint48H,Senegalimassilia,1.8088485666129024,1.4062466091504948,0.5406702019082186,0.25
obesity_groupobesity,Senegalimassilia,-0.35765917486928744,1.5999659123603531,1,0.25
carbohydrateRDC:timepoint48H,Senegalimassilia,2.5287930847718423,1.691717815072364,0.4791485536926187,0.25
carbohydrateSDC:timepoint48H,Senegalimassilia,2.165149163182629,1.6898917392802737,0.8311008784801689,0.25
carbohydrateRDC,Slackia,0.0703523321576646,1.352636155664226,0.9169767903343589,0.25
carbohydrateSDC,Slackia,0.4486410491035509,1.3558879368256762,1,0.25
timepoint48H,Slackia,3.8211760648528195,1.52298469129043,0.09093176497718408,0.25
obesity_groupobesity,Slackia,-1.2130542100898976,1.597712652272618,0.9720615383823664,0.25
carbohydrateRDC:timepoint48H,Slackia,0.1942064416652978,1.8323462063452425,0.8724920129092788,0.25
carbohydrateSDC:timepoint48H,Slackia,0.6267717695743696,1.8303734606037416,0.9429540439667349,0.25
carbohydrateRDC,Streptococcus,-1.1974530943737558,1.173559877656453,0.707190616878056,0.25
carbohydrateSDC,Streptococcus,0.10076446589001663,1.1764057710608025,1,0.25
timepoint48H,Streptococcus,-0.8001259390411205,1.3209907448473823,1,0.25
obesity_groupobesity,Streptococcus,0.16841165902138666,1.1464687981354544,1,0.25
carbohydrateRDC:timepoint48H,Streptococcus,2.928944441022171,1.5898013146204062,0.4308054404743022,0.25
carbohydrateSDC:timepoint48H,Streptococcus,1.5430050586761048,1.588102830047117,0.8931030387827273,0.25
carbohydrateRDC,Subdoligranulum,-0.9731829607947263,1.1598430323112567,0.71823388896689,0.25
carbohydrateSDC,Subdoligranulum,0.23389019551389403,1.162886480559055,1,0.25
timepoint48H,Subdoligranulum,2.098574915641526,1.3032272972494638,0.33429879616747055,0.25
obesity_groupobesity,Subdoligranulum,0.5581924744915763,0.5618853539527856,1,0.25
carbohydrateRDC:timepoint48H,Subdoligranulum,1.9577038518990697,1.5716996450371539,0.5089741731226427,0.25
carbohydrateSDC:timepoint48H,Subdoligranulum,0.8727020769593133,1.570123434751441,0.9238920303914594,0.25
carbohydrateRDC,Terrisporobacter,-0.7249604480609037,1.3661555548575857,0.8159555066851919,0.25
carbohydrateSDC,Terrisporobacter,0.26224318724473794,1.3694572596947698,1,0.25
timepoint48H,Terrisporobacter,0.9306405063631711,1.537943889897875,0.8758597046299813,0.25
obesity_groupobesity,Terrisporobacter,-3.587461568268432,1.426416008733259,0.47340203651429275,0.25
carbohydrateRDC:timepoint48H,Terrisporobacter,1.512473502418219,1.850688573318899,0.6376910370072691,0.25
carbohydrateSDC:timepoint48H,Terrisporobacter,0.6451160623850439,1.8487054411205361,0.945109230879601,0.25
carbohydrateRDC,Turicibacter,-1.4976676384646241,1.307658551668745,0.7100623891050227,0.25
carbohydrateSDC,Turicibacter,-0.3473255562350123,1.3108062589105087,1,0.25
timepoint48H,Turicibacter,0.0017354671616684955,1.4722799058372704,0.9976664719951992,0.25
obesity_groupobesity,Turicibacter,-1.8693616836369462,1.4927180108488562,0.8759891979453878,0.25
carbohydrateRDC:timepoint48H,Turicibacter,2.7766755852027027,1.7714238547581902,0.4585156861916663,0.25
carbohydrateSDC:timepoint48H,Turicibacter,1.7149640641862591,1.7695189021463147,0.8955032310389944,0.25
carbohydrateRDC,f__Christensenellaceae,-1.0144038671861524,1.3260583075894161,0.7373448061344486,0.25
carbohydrateSDC,f__Christensenellaceae,0.11515024579565486,1.3292580530555531,1,0.25
timepoint48H,f__Christensenellaceae,0.472404967857714,1.4928790979147828,0.9807512316168345,0.25
obesity_groupobesity,f__Christensenellaceae,-0.9803395122412051,1.431220701821805,0.9853714125516044,0.25
carbohydrateRDC:timepoint48H,f__Christensenellaceae,0.9510854337658966,1.7963617391918956,0.7536516388239183,0.25
carbohydrateSDC:timepoint48H,f__Christensenellaceae,-1.031288115548821,1.7944341326700801,0.999102655342505,0.25
carbohydrateRDC,f__Coriobacteriaceae,-0.2715508699633151,1.379815014732,0.8873295273720468,0.25
carbohydrateSDC,f__Coriobacteriaceae,0.44124823606773533,1.3831843409189601,1,0.25
timepoint48H,f__Coriobacteriaceae,0.22229835675717144,1.5528409342001896,0.9734349845932332,0.25
obesity_groupobesity,f__Coriobacteriaceae,-1.0705641004139181,1.2074702324241464,0.9461238667505386,0.25
carbohydrateRDC:timepoint48H,f__Coriobacteriaceae,1.62074745906057,1.8692519691473977,0.630728499848852,0.25
carbohydrateSDC:timepoint48H,f__Coriobacteriaceae,1.2525200678881399,1.8672668803546029,0.92081863362879,0.25
carbohydrateRDC,f__Erysipelotrichaceae,-0.8382779917279417,1.3917334021757861,0.7686777977018243,0.25
carbohydrateSDC,f__Erysipelotrichaceae,0.24032711503181195,1.3950997068370945,1,0.25
timepoint48H,f__Erysipelotrichaceae,-0.01621291522619462,1.56669679372543,0.9992149286637902,0.25
obesity_groupobesity,f__Erysipelotrichaceae,-0.48316681644849413,1.4268576044850518,1,0.25
carbohydrateRDC:timepoint48H,f__Erysipelotrichaceae,0.6950289757506317,1.8853426678660206,0.8287269894537027,0.25
carbohydrateSDC:timepoint48H,f__Erysipelotrichaceae,0.14549001715796028,1.883323886122754,0.9814692520262357,0.25
carbohydrateRDC,f__Family XIII,-1.3655947550265797,1.339664215513917,0.7119706880233476,0.25
carbohydrateSDC,f__Family XIII,-0.32735955793441573,1.3430239347158581,1,0.25
timepoint48H,f__Family XIII,-2.433084860851183,1.5066314546498867,0.8072589963430574,0.25
obesity_groupobesity,f__Family XIII,-2.1247966728288508,0.8781704888652778,0.5126374230232947,0.25
carbohydrateRDC:timepoint48H,f__Family XIII,1.581554160987955,1.8150281958720857,0.6182390266213622,0.25
carbohydrateSDC:timepoint48H,f__Family XIII,0.2904951770131668,1.8131429603035194,0.9755248865014078,0.25
carbohydrateRDC,f__Lachnospiraceae,-1.2515631946152312,1.1513171745329407,0.7068757335869409,0.25
carbohydrateSDC,f__Lachnospiraceae,0.02506496887152282,1.1542624777778219,1,0.25
timepoint48H,f__Lachnospiraceae,0.9334707816785692,1.2942515633874583,0.9190859090309003,0.25
obesity_groupobesity,f__Lachnospiraceae,-0.4457910153131728,0.646712333544585,0.9836037128440197,0.25
carbohydrateRDC:timepoint48H,f__Lachnospiraceae,1.6395561050323832,1.5599705728662399,0.5405965346993071,0.25
carbohydrateSDC:timepoint48H,f__Lachnospiraceae,1.0332406406303827,1.5583757273003735,0.9148249009337084,0.25
carbohydrateRDC,f__Ruminococcaceae,-1.411216763881234,1.2135729689937655,0.7068757335869409,0.25
carbohydrateSDC,f__Ruminococcaceae,-0.05989250333594946,1.2167129931688154,1,0.25
timepoint48H,f__Ruminococcaceae,1.8731518685428135,1.3639408056112143,0.4522190332592257,0.25
obesity_groupobesity,f__Ruminococcaceae,-0.7767719003028194,0.6358890098134392,0.8786410088252062,0.25
carbohydrateRDC:timepoint48H,f__Ruminococcaceae,0.47343021428240295,1.6444041247242132,0.8812757405368313,0.25
carbohydrateSDC:timepoint48H,f__Ruminococcaceae,-0.05930391488730748,1.6427375008744438,0.9989969458576472,0.25
carbohydrateRDC,o__Clostridiales,-1.146071783129662,1.365367296942142,0.7495246669055423,0.25
carbohydrateSDC,o__Clostridiales,-0.043930883870747506,1.3686398148681544,1,0.25
timepoint48H,o__Clostridiales,1.5966533571003256,1.537474571391839,0.6699636926660082,0.25
obesity_groupobesity,o__Clostridiales,-0.6364602155429834,1.7559930317096981,1,0.25
carbohydrateRDC:timepoint48H,o__Clostridiales,2.1436999878116545,1.8495768141368887,0.5491000450171986,0.25
carbohydrateSDC:timepoint48H,o__Clostridiales,1.131726453721352,1.8475801171215156,0.9263898375191433,0.25
carbohydrateRDC,other,-1.0181407863867797,1.0522221249494292,0.712786952316606,0.25
carbohydrateSDC,other,0.012731907474830391,1.0548810518829068,1,0.25
timepoint48H,other,6.566739143609902,1.183154173793738,8.809785264792096e-7,0.25
obesity_groupobesity,other,1.178440093420598,0.6435769946817409,1,0.25
carbohydrateRDC:timepoint48H,other,1.569504458394395,1.425631126978066,0.5320287960867287,0.25
carbohydrateSDC:timepoint48H,other,0.7017373672981149,1.4241595318096298,0.9314607037445666,0.25
carbohydrateRDC,Actinomyces,-1.3703752104133182,1.2349885482659644,0.712570859635684,1
carbohydrateSDC,Actinomyces,-0.11434009156611115,1.2380950941862676,0.99955643063167,1
timepoint48H,Actinomyces,-3.0919636433154327,1.3888215918696896,0.5648265823237097,1
obesity_groupobesity,Actinomyces,-0.7640089545364444,0.7932763892464603,0.9129352749274807,1
carbohydrateRDC:timepoint48H,Actinomyces,3.135807306335973,1.6732295208955044,0.443714042152162,1
carbohydrateSDC:timepoint48H,Actinomyces,1.2647507533583164,1.6714956332196456,0.895416095017494,1
carbohydrateRDC,Adlercreutzia,-0.7791813364890545,1.402954894244994,0.7825428370285911,1
carbohydrateSDC,Adlercreutzia,-0.42736600482617726,1.4064164838301796,0.9999677389256568,1
timepoint48H,Adlercreutzia,-1.466698038002833,1.5784365812334227,0.9666889275392095,1
obesity_groupobesity,Adlercreutzia,-2.922783375738176,1.0769463309764087,0.48746470672794756,1
carbohydrateRDC:timepoint48H,Adlercreutzia,1.3419111087217857,1.9006652095684224,0.6847161487307007,1
carbohydrateSDC:timepoint48H,Adlercreutzia,1.2832905108548092,1.898664445824318,0.8996715343606095,1
carbohydrateRDC,Akkermansia,0.1400357314630222,1.5006081684129688,0.9335785313937514,1
carbohydrateSDC,Akkermansia,0.9854357727646581,1.504223352324684,0.99955643063167,1
timepoint48H,Akkermansia,6.964876591827712,1.6894746411597295,5.600455619423658e-4,1
obesity_groupobesity,Akkermansia,-0.25368450249981545,1.682026801038016,1,1
carbohydrateRDC:timepoint48H,Akkermansia,-0.27598509761654977,2.0328086020658467,0.966071035531603,1
carbohydrateSDC:timepoint48H,Akkermansia,-1.8582539093294763,2.030624181664883,1,1
carbohydrateRDC,Alistipes,-0.6549132642825467,1.4023180983273698,0.8255063842265975,1
carbohydrateSDC,Alistipes,0.3446792970772684,1.405894367642489,0.99955643063167,1
timepoint48H,Alistipes,9.980406861394682,1.5765307664723442,2.100061719423225e-7,1
obesity_groupobesity,Alistipes,-0.6618703945329003,0.8117723967593224,0.9371633605218391,1
carbohydrateRDC:timepoint48H,Alistipes,0.3080975431450256,1.9000405892220407,0.877319337907646,1
carbohydrateSDC:timepoint48H,Alistipes,-0.39365969526726435,1.8980929474471726,0.9737160809066222,1
carbohydrateRDC,Anaerostipes,-1.1168459326966325,1.3180419728073793,0.7118208744485697,1
carbohydrateSDC,Anaerostipes,0.029853346531086976,1.3212858840581527,0.99955643063167,1
timepoint48H,Anaerostipes,-2.788109434235932,1.4829970954574088,0.718885997489244,1
obesity_groupobesity,Anaerostipes,-1.0537466361379342,1.037171296059489,0.9137260751546695,1
carbohydrateRDC:timepoint48H,Anaerostipes,1.707084657793236,1.7856131106995523,0.5800938839446579,1
carbohydrateSDC:timepoint48H,Anaerostipes,1.7718691296497244,1.7837295528682984,0.872795502196498,1
carbohydrateRDC,Anaerotruncus,-0.48033805681320374,1.3644394961141877,0.8443401311589017,1
carbohydrateSDC,Anaerotruncus,0.34762038145489516,1.3677386624992554,0.99955643063167,1
timepoint48H,Anaerotruncus,6.763521856562721,1.535988722768368,3.7602688533672543e-4,1
obesity_groupobesity,Anaerotruncus,-1.1184376923120234,1.4113074949710442,0.9534829517745609,1
carbohydrateRDC:timepoint48H,Anaerotruncus,-0.8883411155634744,1.8483665646817253,0.9837066309450261,1
carbohydrateSDC:timepoint48H,Anaerotruncus,-1.273067216746858,1.8463867706471702,1,1
carbohydrateRDC,Bacteroides,-0.5122744395737027,1.4154267412548742,0.8440469361500723,1
carbohydrateSDC,Bacteroides,0.029391307201072723,1.4189446173700064,0.99955643063167,1
timepoint48H,Bacteroides,14.105490673360244,1.5921717129786135,1.336222799075415e-13,1
obesity_groupobesity,Bacteroides,-0.5103402570880631,1.0034080660263767,0.9786429266626813,1
carbohydrateRDC:timepoint48H,Bacteroides,1.1415531510105708,1.9176101002876895,0.7184152481576823,1
carbohydrateSDC:timepoint48H,Bacteroides,0.7530503131395476,1.9156037297761592,0.9282719919796519,1
carbohydrateRDC,Bifidobacterium,-1.1841199566899503,1.1324655514880635,0.7067525930869704,1
carbohydrateSDC,Bifidobacterium,0.12185278118148932,1.135355086568042,0.99955643063167,1
timepoint48H,Bifidobacterium,0.27449797739595666,1.273129511533869,0.9926946345460762,1
obesity_groupobesity,Bifidobacterium,-0.8288454833711403,0.6485448021000796,0.8693729027953144,1
carbohydrateRDC:timepoint48H,Bifidobacterium,4.310526690228818,1.534411493938782,0.2793410550501593,1
carbohydrateSDC:timepoint48H,Bifidobacterium,3.252786573515434,1.532839518803985,0.718399918842228,1
carbohydrateRDC,Blautia,-1.4148872116055782,1.1641438375096231,0.7067525930869704,1
carbohydrateSDC,Blautia,0.03400458959292578,1.1671810079993552,0.99955643063167,1
timepoint48H,Blautia,-0.29529424960879325,1.3081925247705806,1,1
obesity_groupobesity,Blautia,-0.071753989743201907,0.5822717149230987,0.9995037474451898,1
carbohydrateRDC:timepoint48H,Blautia,2.4148019727109045,1.5774858892225423,0.48865166495546714,1
carbohydrateSDC:timepoint48H,Blautia,1.7130416159127921,1.5758970116405038,0.8713902762949024,1
carbohydrateRDC,Clostridium,-1.1511546323064747,1.331737016000612,0.7243658940204176,1
carbohydrateSDC,Clostridium,-0.33195760653515877,1.3349561122662918,0.9999677389256568,1
timepoint48H,Clostridium,7.619666851943205,1.4991881878026718,1.242114048516491e-5,1
obesity_groupobesity,Clostridium,-0.3163539358976084,1.3827225423500453,0.9995608658305085,1
carbohydrateRDC:timepoint48H,Clostridium,1.7929773386256447,1.8040637409281168,0.5722521705083592,1
carbohydrateSDC:timepoint48H,Clostridium,0.6202325195434364,1.8021308866683838,0.9473281199300113,1
carbohydrateRDC,Collinsella,-1.9641566758816946,1.5532638520096733,0.7099342329300466,1
carbohydrateSDC,Collinsella,-0.9975288592941881,1.5570340867275396,0.9999677389256568,1
timepoint48H,Collinsella,2.825368708348133,1.748345225883516,0.3401927198688044,1
obesity_groupobesity,Collinsella,0.8374182542418228,1.4908454274198102,1,1
carbohydrateRDC:timepoint48H,Collinsella,4.480771665855606,2.1041857355331537,0.42971347662573356,1
carbohydrateSDC:timepoint48H,Collinsella,3.273779838137211,2.1019395651870796,0.8244807444272871,1
carbohydrateRDC,Coprococcus,-1.02983471072456,1.4781338469140743,0.7380449567200638,1
carbohydrateSDC,Coprococcus,-0.12144215312635546,1.4818164718269937,0.99955643063167,1
timepoint48H,Coprococcus,-0.1798542154680905,1.6626140806349639,0.9978811565134685,1
obesity_groupobesity,Coprococcus,-1.1955474566657407,1.026022125092468,0.8840375161883705,1
carbohydrateRDC:timepoint48H,Coprococcus,2.3746652897280374,2.0025829880363353,0.536899272630084,1
carbohydrateSDC:timepoint48H,Coprococcus,2.2482468219543117,2.0004918151613977,0.8669320796016623,1
carbohydrateRDC,Dialister,-1.5263913011055033,1.47650055104866,0.7275756716371679,1
carbohydrateSDC,Dialister,-0.367354513688431,1.4800902418257629,0.99955643063167,1
timepoint48H,Dialister,0.4115605885147094,1.661863628047969,0.9554422892780023,1
obesity_groupobesity,Dialister,-1.0268560301071394,1.3853420018917035,0.9594690820101781,1
carbohydrateRDC:timepoint48H,Dialister,2.7399513301720075,2.000205663042255,0.5270091338935015,1
carbohydrateSDC:timepoint48H,Dialister,1.8953462968856336,1.9980734381126244,0.8795050358063257,1
carbohydrateRDC,Dorea,-1.4605913779202984,1.2481476588788127,0.7067525930869704,1
carbohydrateSDC,Dorea,-0.0014875963524164052,1.2512647776579222,0.99955643063167,1
timepoint48H,Dorea,-1.7266789640624525,1.403843311385788,0.9408714596609744,1
obesity_groupobesity,Dorea,-1.2834852473762675,0.8472216615399291,0.8599566839777841,1
carbohydrateRDC:timepoint48H,Dorea,2.9092972375645845,1.6910113972746748,0.4763159792202418,1
carbohydrateSDC:timepoint48H,Dorea,1.4408225936966113,1.6892490490343361,0.879619140492606,1
carbohydrateRDC,Eggerthella,-1.5917173813210206,1.2591120471532034,0.710824949326088,1
carbohydrateSDC,Eggerthella,-0.5322125064889702,1.2621395393859038,0.9999677389256568,1
timepoint48H,Eggerthella,6.008181770200031,1.4176736554611769,3.55307181519928e-4,1
obesity_groupobesity,Eggerthella,0.4464345674160315,1.4790230094658086,1,1
carbohydrateRDC:timepoint48H,Eggerthella,1.551955051174919,1.705654794701533,0.6104750805818997,1
carbohydrateSDC:timepoint48H,Eggerthella,0.6292248017404086,1.7038187477360696,0.9403409872259025,1
carbohydrateRDC,Erysipelatoclostridium,-0.8826434684157771,1.4413244518270538,0.7819690579847358,1
carbohydrateSDC,Erysipelatoclostridium,-0.4164727639175497,1.444845962440697,0.99955643063167,1
timepoint48H,Erysipelatoclostridium,0.8514722781596591,1.6220379597641066,0.8804140096964903,1
obesity_groupobesity,Erysipelatoclostridium,0.4951416596932132,1.2522912299424342,1,1
carbohydrateRDC:timepoint48H,Erysipelatoclostridium,1.188390654013916,1.9525831014437227,0.7249898015703904,1
carbohydrateSDC:timepoint48H,Erysipelatoclostridium,1.015579497535187,1.9505105145127934,0.9166452752970675,1
carbohydrateRDC,Escherichia,-0.43188437493867954,1.431339857364011,0.8524312392791543,1
carbohydrateSDC,Escherichia,0.4228895335426501,1.434826265852789,0.99955643063167,1
timepoint48H,Escherichia,11.962043922085568,1.6109443509745898,3.2889275701034984e-10,1
obesity_groupobesity,Escherichia,-0.23809392785211245,1.3029421387536415,1,1
carbohydrateRDC:timepoint48H,Escherichia,2.3996908323970914,1.9390380315893423,0.5382475803750569,1
carbohydrateSDC:timepoint48H,Escherichia,1.6861298617134624,1.936974365799208,0.8794262126431442,1
carbohydrateRDC,Eubacterium,-1.3851519611851824,1.3001291540123594,0.7067525930869704,1
carbohydrateSDC,Eubacterium,0.028054484679601092,1.3034441417106195,0.99955643063167,1
timepoint48H,Eubacterium,-1.861631990867693,1.4616505899820975,0.9388881753565526,1
obesity_groupobesity,Eubacterium,-1.1600661981430536,0.7528377323282307,0.8559156315194905,1
carbohydrateRDC:timepoint48H,Eubacterium,1.8321648819094711,1.7615801403484,0.5565136821676432,1
carbohydrateSDC:timepoint48H,Eubacterium,1.2070265218960397,1.759774191398086,0.8934169558846498,1
carbohydrateRDC,Faecalibacterium,-0.7234464689987673,1.4501794930654976,0.788245652156738,1
carbohydrateSDC,Faecalibacterium,0.5904887183946254,1.4537297428237184,0.99955643063167,1
timepoint48H,Faecalibacterium,0.18098423348370768,1.6319082339924265,0.9961888384371639,1
obesity_groupobesity,Faecalibacterium,0.6585962241079686,1.2206718948807596,1,1
carbohydrateRDC:timepoint48H,Faecalibacterium,3.5256666026986956,1.9645916018448608,0.46662296852045576,1
carbohydrateSDC:timepoint48H,Faecalibacterium,3.4554951863217327,1.962509893048168,0.7994924535916,1
carbohydrateRDC,Flavonifractor,-0.6957256147357271,1.3468209659558006,0.8035149787618919,1
carbohydrateSDC,Flavonifractor,-0.04218895759190467,1.3501849171474174,1,1
timepoint48H,Flavonifractor,10.386487762920387,1.5148320986041586,2.5337010563288947e-8,1
obesity_groupobesity,Flavonifractor,-0.9108962375733902,0.9208342846385827,0.9172729760854286,1
carbohydrateRDC:timepoint48H,Flavonifractor,0.1783228044836677,1.8246976183161439,0.8745483607051784,1
carbohydrateSDC:timepoint48H,Flavonifractor,-0.5410999505916556,1.8227959073228708,0.977772219310049,1
carbohydrateRDC,Fusicatenibacter,-0.8417126039854066,1.321215776777327,0.7444246699728366,1
carbohydrateSDC,Fusicatenibacter,0.4290430665515733,1.3244173958749252,0.99955643063167,1
timepoint48H,Fusicatenibacter,-2.4653365389107953,1.4872321878746837,0.814499926902955,1
obesity_groupobesity,Fusicatenibacter,1.0001797294644366,1.316497343636402,1,1
carbohydrateRDC:timepoint48H,Fusicatenibacter,2.7282818658840755,1.7898244566617285,0.4856329851227513,1
carbohydrateSDC:timepoint48H,Fusicatenibacter,4.406388840596483,1.7879110060552887,0.6105602202905096,1
carbohydrateRDC,Gordonibacter,-1.0412974760440585,1.3700523573565315,0.7507008932588322,1
carbohydrateSDC,Gordonibacter,-0.6062623184519425,1.3733992999605862,0.9999024196459635,1
timepoint48H,Gordonibacter,0.8434703238116001,1.5418371994005364,0.8864873234823962,1
obesity_groupobesity,Gordonibacter,-1.556066159925612,1.1953095625571433,0.8693417111514217,1
carbohydrateRDC:timepoint48H,Gordonibacter,2.015248504000488,1.8560291421061794,0.5817307306814664,1
carbohydrateSDC:timepoint48H,Gordonibacter,1.9360818092817473,1.8540587940335083,0.8683629262884379,1
carbohydrateRDC,Holdemanella,-1.712349262519683,1.4786443895583377,0.7233729504145321,1
carbohydrateSDC,Holdemanella,-0.2613955099383639,1.48218283175285,0.99955643063167,1
timepoint48H,Holdemanella,1.8374798831565093,1.6651204201763898,0.6457826739307625,1
obesity_groupobesity,Holdemanella,0.5041480622584184,2.000557403186113,1,1
carbohydrateRDC:timepoint48H,Holdemanella,3.9918765096253486,2.0030174475004396,0.42014922186487363,1
carbohydrateSDC:timepoint48H,Holdemanella,2.835405306361144,2.0008520214752226,0.8076413937990804,1
carbohydrateRDC,Holdemania,-0.6086721344288145,1.3122363083796968,0.8157371443690136,1
carbohydrateSDC,Holdemania,0.3808664872396172,1.3155167342135667,0.99955643063167,1
timepoint48H,Holdemania,6.246998643968763,1.4759025295924428,7.759376753640744e-4,1
obesity_groupobesity,Holdemania,-0.10333232114230237,0.8890284964578256,0.9915634515484453,1
carbohydrateRDC:timepoint48H,Holdemania,1.9499816295792058,1.7778474539946976,0.5812206324142433,1
carbohydrateSDC:timepoint48H,Holdemania,0.8018517212990331,1.775995880403774,0.9283156469177327,1
carbohydrateRDC,Intestinibacter,-1.0674126644589441,1.365725825067984,0.7432729956203867,1
carbohydrateSDC,Intestinibacter,0.03649174746014518,1.3690275948734054,0.99955643063167,1
timepoint48H,Intestinibacter,2.322992577792443,1.5374434883602868,0.402521629812389,1
obesity_groupobesity,Intestinibacter,-1.840394975252287,1.4145984043289934,0.8708320058613327,1
carbohydrateRDC:timepoint48H,Intestinibacter,1.890436831671987,1.850108226225525,0.5722709976293828,1
carbohydrateSDC:timepoint48H,Intestinibacter,0.41520501259287484,1.8481263088249669,0.9606340285520403,1
carbohydrateRDC,Lachnoclostridium,-1.1959954171448721,1.2320925201129034,0.7071059212102037,1
carbohydrateSDC,Lachnoclostridium,-0.052606119953089524,1.2353107007922015,0.99955643063167,1
timepoint48H,Lachnoclostridium,2.6558457462467726,1.3845203060422748,0.21050786368642396,1
obesity_groupobesity,Lachnoclostridium,0.12319605717942073,0.6122282049883312,1,1
carbohydrateRDC:timepoint48H,Lachnoclostridium,0.4439343651357236,1.6695693095555963,0.8752606544915219,1
carbohydrateSDC:timepoint48H,Lachnoclostridium,-0.16424050495807066,1.6678891567475087,0.994588970502123,1
carbohydrateRDC,Lactococcus,-1.2013645582527694,1.2818669756149008,0.7203406672469792,1
carbohydrateSDC,Lactococcus,-0.7328453226369249,1.2850494338052438,0.99955643063167,1
timepoint48H,Lactococcus,-1.9315975321636893,1.4419812326690034,0.8808958292192195,1
obesity_groupobesity,Lactococcus,0.5103887696867713,0.925240805445684,1,1
carbohydrateRDC:timepoint48H,Lactococcus,2.397781444109648,1.7366583195230354,0.5177427277061768,1
carbohydrateSDC:timepoint48H,Lactococcus,2.22144410258139,1.7348394854907323,0.8361984535306738,1
carbohydrateRDC,Marvinbryantia,-1.336713898336064,1.4605334014012374,0.7212775087079379,1
carbohydrateSDC,Marvinbryantia,-0.31166778068670037,1.4641327455684594,0.9999677389256568,1
timepoint48H,Marvinbryantia,-3.991773235240409,1.6432655216946461,0.4764142889367469,1
obesity_groupobesity,Marvinbryantia,0.14827401026107687,1.133392843568073,0.9993234973712173,1
carbohydrateRDC:timepoint48H,Marvinbryantia,2.882003486094589,1.9786618351181409,0.502595485086029,1
carbohydrateSDC:timepoint48H,Marvinbryantia,2.4706935947460984,1.9765769297140636,0.8491312268188906,1
carbohydrateRDC,Other,-1.4671473901939422,1.3000600402929152,0.7233285523148961,1
carbohydrateSDC,Other,-1.0248065525235626,1.3032971989005628,0.9999677389256568,1
timepoint48H,Other,3.203198968350777,1.4623407565102482,0.16338570600129446,1
obesity_groupobesity,Other,-0.44350875099417564,0.9111368637621474,0.975955070413443,1
carbohydrateRDC:timepoint48H,Other,2.2040853757787957,1.7613246936576994,0.5423164422792686,1
carbohydrateSDC:timepoint48H,Other,1.5206440294213361,1.7594845008045064,0.8791279830587209,1
carbohydrateRDC,Paenibacillus,-1.0460810618529073,1.4959461727210244,0.7421318083896022,1
carbohydrateSDC,Paenibacillus,-0.45047793336683306,1.4998481633500491,0.9999677389256568,1
timepoint48H,Paenibacillus,-3.672948730017647,1.6810641288727084,0.5804116935246219,1
obesity_groupobesity,Paenibacillus,0.7638004898914917,0.7512370148742319,1,1
carbohydrateRDC:timepoint48H,Paenibacillus,2.2985479427608495,2.027097223152449,0.5665725948437355,1
carbohydrateSDC:timepoint48H,Paenibacillus,1.854019476558466,2.025055003632279,0.8785122531081804,1
carbohydrateRDC,Parabacteroides,-0.6686851098923823,1.4029477899506173,0.8168632221578166,1
carbohydrateSDC,Parabacteroides,0.08158070842618576,1.4064144585417322,0.9999677389256568,1
timepoint48H,Parabacteroides,12.57228216326546,1.5783701284069613,2.7850257690309466e-11,1
obesity_groupobesity,Parabacteroides,-1.2346800565347396,1.0612431478070052,0.883247070507694,1
carbohydrateRDC:timepoint48H,Parabacteroides,0.31206337458907285,1.900665352750832,0.8702468868173209,1
carbohydrateSDC:timepoint48H,Parabacteroides,1.0443157885895593,1.8986670176369091,0.9175291515565764,1
carbohydrateRDC,Romboutsia,-1.2256938956623236,1.1480873592643788,0.7085597372997711,1
carbohydrateSDC,Romboutsia,0.09535583385450615,1.1508385942477253,0.99955643063167,1
timepoint48H,Romboutsia,0.4557085470971864,1.2928140818020244,0.9631409843803032,1
obesity_groupobesity,Romboutsia,-2.298236824759167,1.484595810411864,0.8597575579801661,1
carbohydrateRDC:timepoint48H,Romboutsia,2.3850471539321525,1.5552406142550672,0.49356491340432956,1
carbohydrateSDC:timepoint48H,Romboutsia,1.2146385351519964,1.55356138828019,0.8822048136227083,1
carbohydrateRDC,Roseburia,-0.59486770189000715,1.4639466658521523,0.8274256637136929,1
carbohydrateSDC,Roseburia,0.7318359009722663,1.4676461000757215,0.99955643063167,1
timepoint48H,Roseburia,1.768845313194144,1.6461180510737659,0.6662160008308268,1
obesity_groupobesity,Roseburia,0.8782018848726363,0.8990886015716811,1,1
carbohydrateRDC:timepoint48H,Roseburia,2.304325912362286,1.9834681593163033,0.5468273967346914,1
carbohydrateSDC:timepoint48H,Roseburia,0.32614419851271353,1.9814206160317172,0.9572002947115517,1
carbohydrateRDC,Ruminiclostridium,-0.8402979317420964,1.497614780466336,0.7824588236852821,1
carbohydrateSDC,Ruminiclostridium,-0.012760530965939326,1.5014257541359628,0.99955643063167,1
timepoint48H,Ruminiclostridium,1.2421330718070187,1.6837326020612913,0.8693236594246929,1
obesity_groupobesity,Ruminiclostridium,0.6589725398738288,0.8763458481419686,1,1
carbohydrateRDC:timepoint48H,Ruminiclostridium,1.731302958941306,2.029141489810896,0.6252975240890383,1
carbohydrateSDC:timepoint48H,Ruminiclostridium,1.2878666271887438,2.02705816926217,0.9061595566073056,1
carbohydrateRDC,Ruminococcus,-1.6715392694657552,1.596539458496999,0.7125326701204128,1
carbohydrateSDC,Ruminococcus,-0.7539075223709263,1.6003977760105168,0.99955643063167,1
timepoint48H,Ruminococcus,-2.0399363981544307,1.797299799104098,0.9572652196415569,1
obesity_groupobesity,Ruminococcus,-3.931332805678911,1.6670983045957617,0.5344321512458119,1
carbohydrateRDC:timepoint48H,Ruminococcus,2.4060349668094374,2.1627821864964676,0.5601188388668812,1
carbohydrateSDC:timepoint48H,Ruminococcus,1.213850863189061,2.1604645384380334,0.9148613920450751,1
carbohydrateRDC,Senegalimassilia,-1.31005453142064,1.2767216172034694,0.7299693084077528,1
carbohydrateSDC,Senegalimassilia,-0.4224046094587962,1.2797834469346712,0.9999024196459635,1
timepoint48H,Senegalimassilia,1.6712234691841177,1.437626688262099,0.5991604165298767,1
obesity_groupobesity,Senegalimassilia,-0.33368113603835925,1.6147161177773612,0.9989441247222693,1
carbohydrateRDC:timepoint48H,Senegalimassilia,2.5952844899188596,1.7294969089029917,0.5026595041127087,1
carbohydrateSDC:timepoint48H,Senegalimassilia,2.284640345570033,1.7276308198021075,0.8237360864794567,1
carbohydrateRDC,Slackia,0.07609350250555297,1.3658625099972157,0.9258417215239092,1
carbohydrateSDC,Slackia,0.3740548567073707,1.369146991745308,0.99955643063167,1
timepoint48H,Slackia,3.8641225945403472,1.5378628095787559,0.09304120876227515,1
obesity_groupobesity,Slackia,-1.1822587694091904,1.6018619991860594,0.9581497494413727,1
carbohydrateRDC:timepoint48H,Slackia,0.19861007802139052,1.8502647139683905,0.8909550667850219,1
carbohydrateSDC:timepoint48H,Slackia,0.7016999377329189,1.8482731670060109,0.9353102667670001,1
carbohydrateRDC,Streptococcus,-1.2170678591325526,1.1905863413364246,0.7069496206327447,1
carbohydrateSDC,Streptococcus,0.090473718831948,1.1934765200651691,0.99955643063167,1
timepoint48H,Streptococcus,-0.7357464057328131,1.3401141578858637,0.9979933639980099,1
obesity_groupobesity,Streptococcus,0.19402016586683965,1.142314224582502,1,1
carbohydrateRDC:timepoint48H,Streptococcus,2.8867746348328396,1.6128718694271913,0.4671878978109456,1
carbohydrateSDC:timepoint48H,Streptococcus,1.4896904460074147,1.6111502978899874,0.8757124269504202,1
carbohydrateRDC,Subdoligranulum,-0.9930530655640823,1.1827607243588858,0.7170160938708291,1
carbohydrateSDC,Subdoligranulum,0.23543051975871593,1.1858595650946466,0.99955643063167,1
timepoint48H,Subdoligranulum,2.114198835526635,1.3290135786748767,0.3525988763722446,1
obesity_groupobesity,Subdoligranulum,0.58367982123918,0.5778032674025221,1,1
carbohydrateRDC:timepoint48H,Subdoligranulum,1.9583827297913696,1.6027439917332298,0.5289250678903284,1
carbohydrateSDC:timepoint48H,Subdoligranulum,0.8532317970008588,1.6011348050975731,0.907225436600418,1
carbohydrateRDC,Terrisporobacter,-0.7194589526924766,1.3852695980488625,0.8022160846029475,1
carbohydrateSDC,Terrisporobacter,0.30628768618727215,1.3886191179271783,0.99955643063167,1
timepoint48H,Terrisporobacter,1.0015175630039652,1.5594387816211965,0.8611162313775824,1
obesity_groupobesity,Terrisporobacter,-3.539544994054018,1.4352855511838492,0.520559491806226,1
carbohydrateRDC:timepoint48H,Terrisporobacter,1.5045738844308678,1.8765845385213584,0.6541923012818023,1
carbohydrateSDC:timepoint48H,Terrisporobacter,0.641621019283836,1.874574500091932,0.9327960179534772,1
carbohydrateRDC,Turicibacter,-1.539288305432722,1.3238621712523864,0.7101457347214427,1
carbohydrateSDC,Turicibacter,-0.3787855060842717,1.3270510986244393,0.9999677389256568,1
timepoint48H,Turicibacter,-0.02346997961939911,1.4904897028185398,0.9968798820468675,1
obesity_groupobesity,Turicibacter,-1.847649271947396,1.4863872064197945,0.8759982747524987,1
carbohydrateRDC:timepoint48H,Turicibacter,2.749942513630615,1.7933777246341827,0.4886867013659179,1
carbohydrateSDC:timepoint48H,Turicibacter,1.7325886757233067,1.7914503581094976,0.8690987797311681,1
carbohydrateRDC,f__Christensenellaceae,-1.0168436485502546,1.339917219349105,0.734280056093809,1
carbohydrateSDC,f__Christensenellaceae,0.08851971621404131,1.3431513288317039,0.99955643063167,1
timepoint48H,f__Christensenellaceae,0.5076059319838344,1.5084682124869426,0.9771144763320098,1
obesity_groupobesity,f__Christensenellaceae,-0.9947700366458478,1.4389808460955558,0.9724611909942489,1
carbohydrateRDC:timepoint48H,f__Christensenellaceae,0.855809487682998,1.8151374359341252,0.7860718002892098,1
carbohydrateSDC:timepoint48H,f__Christensenellaceae,-1.031592383691936,1.8131901679370201,0.9994903747438331,1
carbohydrateRDC,f__Coriobacteriaceae,-0.34566076143765645,1.4023415580515226,0.8694627024518272,1
carbohydrateSDC,f__Coriobacteriaceae,0.2879304208070203,1.4057689707890584,0.9996954052447063,1
timepoint48H,f__Coriobacteriaceae,0.08151140448064181,1.5781519840478189,0.9724384229910357,1
obesity_groupobesity,f__Coriobacteriaceae,-1.053908749101805,1.2117255554325095,0.9287018526881969,1
carbohydrateRDC:timepoint48H,f__Coriobacteriaceae,1.7402499425531825,1.899774418209432,0.6212549043860743,1
carbohydrateSDC:timepoint48H,f__Coriobacteriaceae,1.4634903442382088,1.897758471374484,0.8883636993478862,1
carbohydrateRDC,f__Erysipelotrichaceae,-0.823125984217136,1.4028947530633373,0.7719810581614522,1
carbohydrateSDC,f__Erysipelotrichaceae,0.2674218778393685,1.4062892944728924,0.99955643063167,1
timepoint48H,f__Erysipelotrichaceae,0.003558943271292511,1.5792433664848797,0.9967259811887162,1
obesity_groupobesity,f__Erysipelotrichaceae,-0.44637428891450637,1.428190848267149,0.9972248449426379,1
carbohydrateRDC:timepoint48H,f__Erysipelotrichaceae,0.6479181066063605,1.9004647102098826,0.835368941382265,1
carbohydrateSDC:timepoint48H,f__Erysipelotrichaceae,0.10967555218624543,1.8984303906659115,0.9708822752222924,1
carbohydrateRDC,f__Family XIII,-1.4015257408228707,1.3539877592804317,0.7080173204596105,1
carbohydrateSDC,f__Family XIII,-0.37131011919753465,1.3573874187240462,0.99955643063167,1
timepoint48H,f__Family XIII,-2.3768170176802443,1.5226989423569552,0.8364110051749193,1
obesity_groupobesity,f__Family XIII,-2.085407549442865,0.8789171338058167,0.5434977674781825,1
carbohydrateRDC:timepoint48H,f__Family XIII,1.496071939822913,1.834442454015086,0.6471114403720671,1
carbohydrateSDC:timepoint48H,f__Family XIII,0.2778106929559316,1.8325388748193865,0.9603242272832361,1
carbohydrateRDC,f__Lachnospiraceae,-1.2556324313330514,1.166916458070645,0.7067525930869704,1
carbohydrateSDC,f__Lachnospiraceae,0.016086791229889808,1.1699070484079643,0.99955643063167,1
timepoint48H,f__Lachnospiraceae,0.9375216993038112,1.3117466976742655,0.8949551584981849,1
obesity_groupobesity,f__Lachnospiraceae,-0.4401860537259948,0.6501150178720678,0.9623530565663692,1
carbohydrateRDC:timepoint48H,f__Lachnospiraceae,1.6362808591552307,1.5811194571099192,0.5569864991514918,1
carbohydrateSDC:timepoint48H,f__Lachnospiraceae,1.0271617151249437,1.5795051024857458,0.8933255924318921,1
carbohydrateRDC,f__Ruminococcaceae,-1.4314711977152728,1.229793540351357,0.7067525930869704,1
carbohydrateSDC,f__Ruminococcaceae,-0.06990411522959303,1.2329778075339404,0.99955643063167,1
timepoint48H,f__Ruminococcaceae,1.8794660794922373,1.3821557074605173,0.4699956580442758,1
obesity_groupobesity,f__Ruminococcaceae,-0.7537642464270141,0.6425775382425593,0.8765671172936684,1
carbohydrateRDC:timepoint48H,f__Ruminococcaceae,0.462979615743142,1.6663888125046238,0.8728482904452342,1
carbohydrateSDC:timepoint48H,f__Ruminococcaceae,-0.03287566574358808,1.6647007537826375,0.9894871041560724,1
carbohydrateRDC,o__Clostridiales,-1.1755305712057316,1.373365807983499,0.7378667391594959,1
carbohydrateSDC,o__Clostridiales,-0.015472795452692357,1.3766569451256476,0.9999677389256568,1
timepoint48H,o__Clostridiales,1.5922147403104001,1.5464898401016147,0.68438837429982,1
obesity_groupobesity,o__Clostridiales,-0.6651759227882824,1.773132362886034,0.9954711912516987,1
carbohydrateRDC:timepoint48H,o__Clostridiales,2.0895096500708563,1.8604110088781998,0.5696532886085869,1
carbohydrateSDC:timepoint48H,o__Clostridiales,1.1154901125781078,1.858402316321767,0.9051188139282766,1
carbohydrateRDC,other,-1.0758067327644023,1.0722179322929644,0.7071671792967534,1
carbohydrateSDC,other,-0.03036770563762168,1.0749305052558065,0.99955643063167,1
timepoint48H,other,6.536605908743522,1.2056116164924098,2.0640932537108883e-6,1
obesity_groupobesity,other,1.189623001076444,0.651812626072708,1,1
carbohydrateRDC:timepoint48H,other,1.6000023208538277,1.4527299485807315,0.544988524812409,1
carbohydrateSDC:timepoint48H,other,0.7276385610698056,1.4512316759240227,0.911496946229586,1
