feature,effect,ancom_lfc,ancom_se,ancom_q
Acetanaerobacterium,(Intercept),-0.22604582856296637,0.32148845549973637,0.9605858793945383
Actinomyces,(Intercept),0.029529076340113192,0.32210066323014575,0.9926337278728866
Adlercreutzia,(Intercept),0.25774058341445383,0.3871919535088148,0.9605858793945383
Akkermansia,(Intercept),-0.6591912485483459,0.527959750919401,0.7354807262116696
Alistipes,(Intercept),-1.265713617308358,0.6419902392572264,0.3773490811956549
Anaerococcus,(Intercept),0.6666762188850074,0.68438796693221,0.8420348558127668
Anaerofilum,(Intercept),-0.20100918199060466,0.3543611277668407,0.9605858793945383
Anaerostipes,(Intercept),1.0275323865012242,0.4053443145262728,0.1530346294540056
Anaerotruncus,(Intercept),-1.2284417282874645,0.6700831038720912,0.39690019508285146
Bacteroides,(Intercept),-2.959727196289402,0.6332873733233894,8.049848832397893e-4
Barnesiella,(Intercept),-0.18158407793164857,0.47377143721308923,0.965165334306134
Bifidobacterium,(Intercept),0.154785957854917,0.46221536431255084,0.965165334306134
Bilophila,(Intercept),-1.7262008338042987,0.8658298697609141,0.3773490811956549
Blautia,(Intercept),0.6429910396405158,0.33749662200942077,0.39690019508285146
Butyricimonas,(Intercept),0.0235663870467907,0.3679824991512302,0.9926337278728866
Carnobacterium,(Intercept),0.7299436667056912,0.6472664475717477,0.8208832942702431
Catenibacterium,(Intercept),0.7004137542265683,0.8482716161862729,0.9321323316262838
Clostridium,(Intercept),-1.217062118309325,0.54230370762451,0.2716130110862262
Collinsella,(Intercept),-0.23715667849727431,0.5502799895842007,0.9605858793945383
Coprococcus,(Intercept),0.3567756899121909,0.43061729781903946,0.9321323316262838
Dialister,(Intercept),-0.27386202757859845,0.5251141233289812,0.9605858793945383
Dielma,(Intercept),0.1912777754741018,0.439228396283308,0.9605858793945383
Dorea,(Intercept),1.1077574353657156,0.3694179207036822,0.055856327228061685
Eggerthella,(Intercept),-1.095753114000187,0.4531967816024472,0.20229496844448056
Eisenbergiella,(Intercept),0.4945324594403966,0.7629065603027395,0.9605858793945383
Enterococcus,(Intercept),1.4985660621678532,1.286282419633027,0.7488001648847963
Erysipelatoclostridium,(Intercept),-0.7648193676313596,0.4194443510902821,0.39690019508285146
Escherichia,(Intercept),-1.4472428332206366,1.0308626989812422,0.7186205354570478
Eubacterium,(Intercept),1.2154410941481877,0.38950191380060384,0.055856327228061685
Faecalibacterium,(Intercept),-0.2746376483819831,0.5312922084629347,0.9605858793945383
Faecalitalea,(Intercept),-0.06102585064382088,0.48977489200080643,0.9926337278728866
Finegoldia,(Intercept),-4.087658819048146,1.0215933249532585,0.0075328410142013694
Flavonifractor,(Intercept),0.5739055067546766,0.40807608785505395,0.7186205354570478
Fusicatenibacter,(Intercept),0.6032023941269015,0.4749220150800021,0.7354807262116696
Gordonibacter,(Intercept),-0.10063791712221581,0.3113692467093041,0.965165334306134
Holdemanella,(Intercept),-0.2471534596556673,0.810293393558474,0.9682401904166463
Holdemania,(Intercept),-0.23371957048638986,0.4043245013600199,0.9605858793945383
Hungatella,(Intercept),0.41675642034819826,1.0750627255067255,0.965165334306134
Intestinibacter,(Intercept),-0.29998644952919795,0.5071599744746099,0.9605858793945383
Intestinimonas,(Intercept),-0.25667053734815215,0.43130531523702714,0.9605858793945383
Lachnoclostridium,(Intercept),0.02023881019850134,0.3613964304069694,0.9926337278728866
Lactobacillus,(Intercept),-0.25459701671156354,1.032848827305624,0.9926084760614609
Lactococcus,(Intercept),-0.007743683974662941,0.3765629364331055,0.9940087479185569
Marvinbryantia,(Intercept),0.3094057255901601,0.3910243743603239,0.9407838388388469
Megasphaera,(Intercept),-0.355428711415421,1.5555648476248216,0.9926337278728866
Methanobrevibacter,(Intercept),-1.1543399757770867,0.9051243693300084,0.7354807262116696
Negativicoccus,(Intercept),-0.41687515984605905,0.5952806520464524,0.9605858793945383
Odoribacter,(Intercept),-0.21318423812332757,0.43911886211235485,0.9605858793945383
Other,(Intercept),-0.025589653031424697,0.35671618018948953,0.9926337278728866
Paenibacillus,(Intercept),0.03249808218604853,0.44916061849045696,0.9926337278728866
Parabacteroides,(Intercept),-3.0668981428265565,0.6946561234035391,8.049848832397893e-4
Paraclostridium,(Intercept),-0.9329699088813577,0.777669419919126,0.7488001648847963
Parasutterella,(Intercept),-0.0916278166989842,0.44404238532458534,0.9926337278728866
Peptococcus,(Intercept),-0.024663611023088054,0.7315804594927426,0.9940087479185569
Peptoniphilus,(Intercept),-0.7440114561041073,1.2931288003784658,0.9605858793945383
Phascolarctobacterium,(Intercept),-1.7524174251010056,0.6575515282767942,0.14081027885125819
Robinsoniella,(Intercept),0.5272214630616302,0.7344279255559968,0.9605858793945383
Romboutsia,(Intercept),0.8627506339887141,0.5147475177594912,0.5198410987684592
Roseburia,(Intercept),-0.18039048649666245,0.4256557404257221,0.9605858793945383
Ruminiclostridium,(Intercept),-0.09692795529546305,0.38581834299952344,0.9926084760614609
Ruminococcus,(Intercept),0.5381954426085013,0.554407299680178,0.8420348558127668
Senegalimassilia,(Intercept),-0.2554483509005832,0.5353208354831434,0.9605858793945383
Slackia,(Intercept),-0.15940033194067918,0.4770012943596329,0.965165334306134
Solobacterium,(Intercept),0.12043794998378667,1.0792582703344993,0.9926337278728866
Streptococcus,(Intercept),0.043136698096703875,0.5104240633167383,0.9926337278728866
Subdoligranulum,(Intercept),0.03427310948925141,0.42590941462530135,0.9926337278728866
Succiniclasticum,(Intercept),-0.059163044701198375,0.6379035339297092,0.9926337278728866
Sutterella,(Intercept),-0.6995666982263269,0.6920834915019356,0.8420348558127668
Terrisporobacter,(Intercept),0.6244775471204063,0.49548743006574,0.7354807262116696
Turicibacter,(Intercept),0.7173137913758157,0.49128149152880035,0.7186205354570478
f__Christensenellaceae,(Intercept),0.00313568268102996,0.4144321049833943,0.9940087479185569
f__Coriobacteriaceae,(Intercept),-0.4848461334435287,0.5470152253906363,0.8956723909122984
f__Defluviitaleaceae,(Intercept),-0.35285818694665644,0.3727736716128337,0.8860424525560515
f__Erysipelotrichaceae,(Intercept),0.7520726427475546,0.40771961573837334,0.39690019508285146
f__Family XIII,(Intercept),0.36985646130249955,0.3675456595568801,0.8420348558127668
f__Lachnospiraceae,(Intercept),0.4591748632840115,0.3972168304402027,0.7488001648847963
f__Prevotellaceae,(Intercept),-1.1068222438593256,0.8152057342031346,0.7354807262116696
f__Ruminococcaceae,(Intercept),0.2688944482168028,0.3717836114241878,0.9605858793945383
g__*Soleaferrea,(Intercept),-0.13888264733230357,0.38412715538833986,0.965165334306134
o__Clostridiales,(Intercept),-0.29893829398396116,0.6125321282509171,0.9605858793945383
Acetanaerobacterium,carb_timeNo Added Carb_48H,0,0.4681175019057118,1
Actinomyces,carb_timeNo Added Carb_48H,-0.7640874213575493,0.4062042442919039,0.19140689780562004
Adlercreutzia,carb_timeNo Added Carb_48H,-0.7368025660249776,0.44456577982714474,0.2502305849059519
Akkermansia,carb_timeNo Added Carb_48H,1.4258660156005567,0.5983290280618165,0.09181296181221263
Alistipes,carb_timeNo Added Carb_48H,1.7237007498187327,0.6766677629853509,0.06969119353056072
Anaerococcus,carb_timeNo Added Carb_48H,-1.213698745357931,0.6308556826238385,0.19140689780562004
Anaerofilum,carb_timeNo Added Carb_48H,0,0.4681175019057118,1
Anaerostipes,carb_timeNo Added Carb_48H,-2.263401354906033,0.4641138895160058,3.166497551386966e-5
Anaerotruncus,carb_timeNo Added Carb_48H,1.2747003664422045,0.6510256693603379,0.18675462230556394
Bacteroides,carb_timeNo Added Carb_48H,3.874041604896773,0.5973746879247689,9.101053369752202e-8
Barnesiella,carb_timeNo Added Carb_48H,0,0.4681175019057118,1
Bifidobacterium,carb_timeNo Added Carb_48H,-1.0069438284010228,0.47776274372253597,0.1599871414080943
Bilophila,carb_timeNo Added Carb_48H,1.8219921059120097,0.9337303109125404,0.19098834718658705
Blautia,carb_timeNo Added Carb_48H,-1.4384094693741056,0.3839182464508625,0.0021980443909039842
Butyricimonas,carb_timeNo Added Carb_48H,0,0.4681175019057118,1
Carnobacterium,carb_timeNo Added Carb_48H,0,0.4681175019057118,1
Catenibacterium,carb_timeNo Added Carb_48H,-1.7837792847162621,0.7397523186689904,0.09495099020068544
Clostridium,carb_timeNo Added Carb_48H,2.5157870726357157,0.5109229069609075,3.166497551386966e-5
Collinsella,carb_timeNo Added Carb_48H,-0.17658071070042686,0.4944249917607124,1
Coprococcus,carb_timeNo Added Carb_48H,-0.43786794382693284,0.4515379641386579,0.6200285646260789
Dialister,carb_timeNo Added Carb_48H,-0.089613824927285,0.6156389253377705,1
Dielma,carb_timeNo Added Carb_48H,0,0.4681175019057118,1
Dorea,carb_timeNo Added Carb_48H,-2.1716533965944547,0.4272148642425792,1.9294066534963315e-5
Eggerthella,carb_timeNo Added Carb_48H,1.8800905745947418,0.4461866820122388,4.404215590454213e-4
Eisenbergiella,carb_timeNo Added Carb_48H,-1.0292302003834344,0.730413205085295,0.36447587244616675
Enterococcus,carb_timeNo Added Carb_48H,-2.94803695561277,1.4069053569294785,0.17371219466562324
Erysipelatoclostridium,carb_timeNo Added Carb_48H,0.844908737106772,0.47765120572998615,0.22773201547020994
Escherichia,carb_timeNo Added Carb_48H,1.7458339008541892,0.972250123709575,0.22048975217327108
Eubacterium,carb_timeNo Added Carb_48H,-2.2818126752435446,0.43013729036143616,9.962148331859767e-6
Faecalibacterium,carb_timeNo Added Carb_48H,-0.7755338037591722,0.5565800121795971,0.36447587244616675
Faecalitalea,carb_timeNo Added Carb_48H,-0.5124147563152138,0.6005933900399963,0.6908559165006298
Finegoldia,carb_timeNo Added Carb_48H,3.3425382346380883,0.9758185521440131,0.011754555807760015
Flavonifractor,carb_timeNo Added Carb_48H,0,0.4681175019057118,1
Fusicatenibacter,carb_timeNo Added Carb_48H,-1.842520365945409,0.5450409924862759,0.006153522010528427
Gordonibacter,carb_timeNo Added Carb_48H,0.5180172602418904,0.3776328596549924,0.36447587244616675
Holdemanella,carb_timeNo Added Carb_48H,-0.35269218975237654,0.7313627184234909,1
Holdemania,carb_timeNo Added Carb_48H,0,0.4681175019057118,1
Hungatella,carb_timeNo Added Carb_48H,-0.17666284682320488,1.0451071933068055,1
Intestinibacter,carb_timeNo Added Carb_48H,0.486256956471918,0.5314987162335459,0.6423632913481016
Intestinimonas,carb_timeNo Added Carb_48H,0,0.4681175019057118,1
Lachnoclostridium,carb_timeNo Added Carb_48H,0.5707288476509476,0.4325244002084495,0.385940667462526
Lactobacillus,carb_timeNo Added Carb_48H,-0.54766313913307485,1.255396911498832,1
Lactococcus,carb_timeNo Added Carb_48H,-0.7789315069519541,0.462850246745635,0.2502305849059519
Marvinbryantia,carb_timeNo Added Carb_48H,-1.53647289311997,0.4432934819809592,0.0056900396237321476
Megasphaera,carb_timeNo Added Carb_48H,0,0.4681175019057118,1
Methanobrevibacter,carb_timeNo Added Carb_48H,-0.751364640867378,0.7891217547667774,0.6295084203065413
Negativicoccus,carb_timeNo Added Carb_48H,0,0.4681175019057118,1
Odoribacter,carb_timeNo Added Carb_48H,0,0.4681175019057118,1
Other,carb_timeNo Added Carb_48H,-0.15452128821209274,0.4098696666207544,1
Paenibacillus,carb_timeNo Added Carb_48H,-0.6866892932562877,0.48689690348756526,0.36447587244616675
Parabacteroides,carb_timeNo Added Carb_48H,3.4620833907070305,0.7227539220874828,5.842258440061739e-5
Paraclostridium,carb_timeNo Added Carb_48H,0,0.4681175019057118,1
Parasutterella,carb_timeNo Added Carb_48H,0,0.4681175019057118,1
Peptococcus,carb_timeNo Added Carb_48H,-1.1632909951845736,0.8924283224404664,0.3966160596659369
Peptoniphilus,carb_timeNo Added Carb_48H,0.6785297851996137,1.2623979894493542,0.9997140745787064
Phascolarctobacterium,carb_timeNo Added Carb_48H,2.03286574709125,0.6667105852442735,0.024596672001032768
Robinsoniella,carb_timeNo Added Carb_48H,0,0.4681175019057118,1
Romboutsia,carb_timeNo Added Carb_48H,-0.9631739696192776,0.47443451382609986,0.17371219466562324
Roseburia,carb_timeNo Added Carb_48H,0.05805101828251528,0.5034513464751393,1
Ruminiclostridium,carb_timeNo Added Carb_48H,0.05209661721835092,0.43861140495069884,1
Ruminococcus,carb_timeNo Added Carb_48H,-1.4325844279323998,0.6007012243353211,0.09181296181221263
Senegalimassilia,carb_timeNo Added Carb_48H,0.16142768937206864,0.5213289403914972,1
Slackia,carb_timeNo Added Carb_48H,0.8817388820160338,0.5310688571846033,0.2502305849059519
Solobacterium,carb_timeNo Added Carb_48H,-0.05485199221711858,0.9733989967850507,1
Streptococcus,carb_timeNo Added Carb_48H,-0.8524914151791121,0.5212281597366639,0.2502305849059519
Subdoligranulum,carb_timeNo Added Carb_48H,-0.15047946549986987,0.41861800772150004,1
Succiniclasticum,carb_timeNo Added Carb_48H,0.2599856058855088,0.5813300781445062,1
Sutterella,carb_timeNo Added Carb_48H,0,0.4681175019057118,1
Terrisporobacter,carb_timeNo Added Carb_48H,-0.944511413314255,0.4675461403222319,0.17387938126627692
Turicibacter,carb_timeNo Added Carb_48H,-0.9483826950209768,0.4816537135500321,0.1835576103299255
f__Christensenellaceae,carb_timeNo Added Carb_48H,-0.13982065118840944,0.41919694607754626,1
f__Coriobacteriaceae,carb_timeNo Added Carb_48H,-0.22402361538520013,0.6101655396912253,1
f__Defluviitaleaceae,carb_timeNo Added Carb_48H,0.390357118272906,0.38690593401877443,0.6200285646260789
f__Erysipelotrichaceae,carb_timeNo Added Carb_48H,-1.5100200440844185,0.4199567491455777,0.0036018360263812463
f__Family XIII,carb_timeNo Added Carb_48H,-0.7433376709816422,0.440521372566326,0.2502305849059519
f__Lachnospiraceae,carb_timeNo Added Carb_48H,-0.6072286332087692,0.4322275039258649,0.36447587244616675
f__Prevotellaceae,carb_timeNo Added Carb_48H,1.1225618967132043,0.8441674729085474,0.39062368666270453
f__Ruminococcaceae,carb_timeNo Added Carb_48H,0.11228860669547751,0.419940019162848,1
g__*Soleaferrea,carb_timeNo Added Carb_48H,0,0.4681175019057118,1
o__Clostridiales,carb_timeNo Added Carb_48H,-0.30478637801132236,0.5792768478214145,0.9997140745787064
Acetanaerobacterium,carb_timeRDC_0H,0,0.41486775666312026,1
Actinomyces,carb_timeRDC_0H,-0.03197131666284983,0.2858922327975343,1
Adlercreutzia,carb_timeRDC_0H,0.06521211494545777,0.3335677854030929,1
Akkermansia,carb_timeRDC_0H,-0.15303788624214396,0.5368572467797365,1
Alistipes,carb_timeRDC_0H,-0.32308444230604005,0.6827070271544774,1
Anaerococcus,carb_timeRDC_0H,-0.29282786650433534,0.6262378835570979,1
Anaerofilum,carb_timeRDC_0H,0,0.41486775666312026,1
Anaerostipes,carb_timeRDC_0H,0.07983657278626843,0.3749840297469455,1
Anaerotruncus,carb_timeRDC_0H,0.08641874568896755,0.6304162964445263,1
Bacteroides,carb_timeRDC_0H,-0.11959058417098027,0.5769715753796262,1
Barnesiella,carb_timeRDC_0H,0,0.41486775666312026,1
Bifidobacterium,carb_timeRDC_0H,0.11530187118515993,0.3957310400435026,1
Bilophila,carb_timeRDC_0H,-0.21081325321151012,1.423798458768115,1
Blautia,carb_timeRDC_0H,-0.04543673514935828,0.30828024482781996,1
Butyricimonas,carb_timeRDC_0H,0,0.41486775666312026,1
Carnobacterium,carb_timeRDC_0H,0,0.41486775666312026,1
Catenibacterium,carb_timeRDC_0H,-0.10806840922423255,0.5750903779270916,1
Clostridium,carb_timeRDC_0H,-0.11336311539802728,0.44097394226284553,1
Collinsella,carb_timeRDC_0H,-0.15692200905441256,0.4186384899250203,1
Coprococcus,carb_timeRDC_0H,0.007891958383034988,0.3615091542259858,1
Dialister,carb_timeRDC_0H,0.043957816317991054,0.4772796782638063,1
Dielma,carb_timeRDC_0H,0,0.41486775666312026,1
Dorea,carb_timeRDC_0H,-0.018063603763803022,0.34764195543830284,1
Eggerthella,carb_timeRDC_0H,0.11260311308028544,0.38072776873727093,1
Eisenbergiella,carb_timeRDC_0H,0.3370508142200221,0.7858749765211194,1
Enterococcus,carb_timeRDC_0H,-0.0315019180469843,1.3129260041174067,1
Erysipelatoclostridium,carb_timeRDC_0H,0.12854132973271293,0.36744170671093995,1
Escherichia,carb_timeRDC_0H,-0.5633925452713507,0.9860084307593445,1
Eubacterium,carb_timeRDC_0H,0.07327446430841265,0.3504144989103062,1
Faecalibacterium,carb_timeRDC_0H,-0.04859198978461131,0.45869245071286124,1
Faecalitalea,carb_timeRDC_0H,0.13516846054507894,0.4367191739536959,1
Finegoldia,carb_timeRDC_0H,2.6655407106839357,1.3795028848774753,1
Flavonifractor,carb_timeRDC_0H,0,0.41486775666312026,1
Fusicatenibacter,carb_timeRDC_0H,0.19733622291220432,0.43757656588789295,1
Gordonibacter,carb_timeRDC_0H,-0.21092907100659627,0.29246992649571535,1
Holdemanella,carb_timeRDC_0H,-0.17286046313381428,0.6416730728140327,1
Holdemania,carb_timeRDC_0H,0,0.41486775666312026,1
Hungatella,carb_timeRDC_0H,-0.001224363872151871,1.0344191486883356,1
Intestinibacter,carb_timeRDC_0H,0.09764124763590395,0.4480010946947827,1
Intestinimonas,carb_timeRDC_0H,0,0.41486775666312026,1
Lachnoclostridium,carb_timeRDC_0H,0.00985361834325444,0.35395095507802854,1
Lactobacillus,carb_timeRDC_0H,-0.11279045183356866,1.019315936170121,1
Lactococcus,carb_timeRDC_0H,-0.10703013955943558,0.32208422120271757,1
Marvinbryantia,carb_timeRDC_0H,0.17630618659533817,0.31318047120550957,1
Megasphaera,carb_timeRDC_0H,0,0.41486775666312026,1
Methanobrevibacter,carb_timeRDC_0H,0.8864431466476204,0.6470619553812538,1
Negativicoccus,carb_timeRDC_0H,0,0.41486775666312026,1
Odoribacter,carb_timeRDC_0H,0,0.41486775666312026,1
Other,carb_timeRDC_0H,-0.13983242185900752,0.35735585335265974,1
Paenibacillus,carb_timeRDC_0H,-0.023062765711383645,0.34545351103092603,1
Parabacteroides,carb_timeRDC_0H,-0.007157705401314831,0.7411218633141754,1
Paraclostridium,carb_timeRDC_0H,0,0.41486775666312026,1
Parasutterella,carb_timeRDC_0H,0,0.41486775666312026,1
Peptococcus,carb_timeRDC_0H,-0.09155277361660707,0.6482841413068319,1
Peptoniphilus,carb_timeRDC_0H,0.06621429671646141,1.3314530706076735,1
Phascolarctobacterium,carb_timeRDC_0H,-0.008052232200576314,0.662343229491695,1
Robinsoniella,carb_timeRDC_0H,0,0.41486775666312026,1
Romboutsia,carb_timeRDC_0H,0.015956117041432853,0.3926996513566881,1
Roseburia,carb_timeRDC_0H,0.07985788049232809,0.4161983344115464,1
Ruminiclostridium,carb_timeRDC_0H,-0.030759810700716286,0.3550342911250338,1
Ruminococcus,carb_timeRDC_0H,0.5872746623534599,0.4911705831945209,1
Senegalimassilia,carb_timeRDC_0H,-0.08253425199393803,0.4455070416220059,1
Slackia,carb_timeRDC_0H,0.11074575491395762,0.46718022302132395,1
Solobacterium,carb_timeRDC_0H,-0.4919702143003776,0.8778917351377474,1
Streptococcus,carb_timeRDC_0H,0.10414693381831354,0.4255902788975686,1
Subdoligranulum,carb_timeRDC_0H,0.1006847851858251,0.34202902413162717,1
Succiniclasticum,carb_timeRDC_0H,-0.24619184789553383,0.4511768424719923,1
Sutterella,carb_timeRDC_0H,0,0.41486775666312026,1
Terrisporobacter,carb_timeRDC_0H,0.27309400197576145,0.3857267932987756,1
Turicibacter,carb_timeRDC_0H,-0.0337957401119477,0.39370558027713287,1
f__Christensenellaceae,carb_timeRDC_0H,-0.051947580333319046,0.33479662591104853,1
f__Coriobacteriaceae,carb_timeRDC_0H,-0.14607781519363292,0.44753687204404097,1
f__Defluviitaleaceae,carb_timeRDC_0H,-0.18799281363413725,0.3160979329192501,1
f__Erysipelotrichaceae,carb_timeRDC_0H,-0.08700512178047376,0.3400757461979097,1
f__Family XIII,carb_timeRDC_0H,-0.04167275551400708,0.3370332585242554,1
f__Lachnospiraceae,carb_timeRDC_0H,-0.046827279888886283,0.3533596715765356,1
f__Prevotellaceae,carb_timeRDC_0H,0.8598812921438542,1.0229962242809607,1
f__Ruminococcaceae,carb_timeRDC_0H,-0.043755761039404845,0.3425432680768165,1
g__*Soleaferrea,carb_timeRDC_0H,0,0.41486775666312026,1
o__Clostridiales,carb_timeRDC_0H,-0.06245537402072842,0.48456417849667144,1
Acetanaerobacterium,carb_timeRDC_48H,0.12915364563583628,0.30061914555160746,0.8095824305960925
Actinomyces,carb_timeRDC_48H,-0.7000220132609546,0.3269245740589559,0.1242197354096428
Adlercreutzia,carb_timeRDC_48H,-1.2227975872242989,0.38716623726447746,0.012438018997841064
Akkermansia,carb_timeRDC_48H,0.9164213393414461,0.5357789105597569,0.2221796652384354
Alistipes,carb_timeRDC_48H,1.5119626085529478,0.639400604445881,0.08109017894935643
Anaerococcus,carb_timeRDC_48H,-1.2498619505574393,0.5982283107890835,0.1365615262197416
Anaerofilum,carb_timeRDC_48H,-0.14888521426691703,0.35869897686645175,0.8095824305960925
Anaerostipes,carb_timeRDC_48H,-1.8314421880293716,0.3976596073160873,8.93898304471321e-5
Anaerotruncus,carb_timeRDC_48H,1.2142114933179213,0.6183581693799549,0.15368619223614766
Bacteroides,carb_timeRDC_48H,3.668629475728624,0.5496074447798459,3.3538431180471587e-8
Barnesiella,carb_timeRDC_48H,0.10044376629355893,0.36380069378177526,0.8840826073108405
Bifidobacterium,carb_timeRDC_48H,0.34587669384941633,0.40594879646682563,0.5830465775488725
Bilophila,carb_timeRDC_48H,2.1932048592805464,0.904877206525371,0.08109017894935643
Blautia,carb_timeRDC_48H,-1.4720090978756557,0.3199847684687179,8.93898304471321e-5
Butyricimonas,carb_timeRDC_48H,-0.363330439827047,0.3621054231625036,0.5477089138805102
Carnobacterium,carb_timeRDC_48H,-0.8658265294904685,0.4090018473491117,0.1365615262197416
Catenibacterium,carb_timeRDC_48H,-1.5428522023045124,0.6123069157548223,0.0724599190237221
Clostridium,carb_timeRDC_48H,2.2107235560894236,0.44229567680019477,2.3625299800103103e-5
Collinsella,carb_timeRDC_48H,0.14758626036721162,0.4205205675208421,0.8296663980806357
Coprococcus,carb_timeRDC_48H,-0.5950063315835623,0.3779652071650886,0.28338711865490834
Dialister,carb_timeRDC_48H,0.6674070864005345,0.5678402204993459,0.47710667122726336
Dielma,carb_timeRDC_48H,-0.36423273520790544,0.42472853018849777,0.5872498191146196
Dorea,carb_timeRDC_48H,-1.5055035108816306,0.3611348451105838,3.744134544231939e-4
Eggerthella,carb_timeRDC_48H,1.3034189888374768,0.383423203042724,0.005469322127359871
Eisenbergiella,carb_timeRDC_48H,-1.3913345289574774,0.6969943386519656,0.1575222500970246
Enterococcus,carb_timeRDC_48H,-1.7010921090274747,1.3408772159061986,0.44657415471426937
Erysipelatoclostridium,carb_timeRDC_48H,0.9789861046488512,0.4267972305108051,0.09039330479386735
Escherichia,carb_timeRDC_48H,2.6011629433825876,0.91733912824116,0.025785918615877236
Eubacterium,carb_timeRDC_48H,-2.025286558257873,0.36574953325829035,3.10965908847644e-6
Faecalibacterium,carb_timeRDC_48H,0.1971212223594029,0.47272356569789276,0.8095824305960925
Faecalitalea,carb_timeRDC_48H,-1.1296258488204904,0.5307698121170616,0.1307524510393584
Finegoldia,carb_timeRDC_48H,3.0610905742929817,0.9351272504888513,0.015170176146046249
Flavonifractor,carb_timeRDC_48H,-0.4761397306145809,0.3880398799721702,0.47710667122726336
Fusicatenibacter,carb_timeRDC_48H,-1.97649382850969,0.45493498693719664,2.070566897705516e-4
Gordonibacter,carb_timeRDC_48H,-0.02689451338006263,0.3158628951701213,0.9813796802050005
Holdemanella,carb_timeRDC_48H,-0.6899360578697663,0.6292294751371112,0.5034562870372711
Holdemania,carb_timeRDC_48H,0.06021335661674839,0.3440097328721437,0.9247606505688237
Hungatella,carb_timeRDC_48H,-0.6092316763614396,1.0220814705832875,0.71449970178108
Intestinibacter,carb_timeRDC_48H,0.46930241081364177,0.46047477788925134,0.5267447447998395
Intestinimonas,carb_timeRDC_48H,0.3832886281399498,0.3983014822832122,0.5599684766976555
Lachnoclostridium,carb_timeRDC_48H,-0.020743289080105778,0.36720304997166825,0.9922018210901652
Lactobacillus,carb_timeRDC_48H,0.9331146099245565,0.9744248214630289,0.5477089138805102
Lactococcus,carb_timeRDC_48H,-0.5529357740197941,0.3868823262737531,0.3670980154198709
Marvinbryantia,carb_timeRDC_48H,-1.363453553283337,0.36391972513747217,0.002129579811440849
Megasphaera,carb_timeRDC_48H,1.2212699563801448,1.6724907863710814,0.6403918073901989
Methanobrevibacter,carb_timeRDC_48H,-0.8468916234332635,0.8237819415274195,0.5267447447998395
Negativicoccus,carb_timeRDC_48H,0.20414661727629732,0.465370677279879,0.8095824305960925
Odoribacter,carb_timeRDC_48H,-0.17260237950513396,0.3464055088585917,0.7762713785345878
Other,carb_timeRDC_48H,6.653162292189138e-4,0.35274934491700194,0.9984993243450201
Paenibacillus,carb_timeRDC_48H,-0.4829405578176708,0.4132030263891,0.47710667122726336
Parabacteroides,carb_timeRDC_48H,3.114076226432602,0.6839253804932947,1.3448014929664034e-4
Paraclostridium,carb_timeRDC_48H,0.897649053657321,0.8543185252233632,0.5267447447998395
Parasutterella,carb_timeRDC_48H,0.09241095885856226,0.3828576357796577,0.8929133731292208
Peptococcus,carb_timeRDC_48H,-1.1974577822636137,0.8690523972246729,0.41011335870965693
Peptoniphilus,carb_timeRDC_48H,0.04961380524740343,1.2364194434762523,0.9929708407518919
Phascolarctobacterium,carb_timeRDC_48H,1.9002027453794432,0.6209864280206816,0.020370693166583752
Robinsoniella,carb_timeRDC_48H,-0.6325412428514465,0.6012130733757369,0.5477089138805102
Romboutsia,carb_timeRDC_48H,-0.7186509424573403,0.4051798297386745,0.20630714716862011
Roseburia,carb_timeRDC_48H,0.07161288126167789,0.426922944887258,0.9247606505688237
Ruminiclostridium,carb_timeRDC_48H,-0.1345213454722377,0.37018009577005884,0.8296663980806357
Ruminococcus,carb_timeRDC_48H,-1.9221624420393284,0.5242491505599497,0.002479654023816879
Senegalimassilia,carb_timeRDC_48H,0.2589977160754101,0.4505332230493345,0.720425591497793
Slackia,carb_timeRDC_48H,0.5360325491769453,0.4815233502768741,0.5034562870372711
Solobacterium,carb_timeRDC_48H,0.21981438013835575,0.8428730003853471,0.8840826073108405
Streptococcus,carb_timeRDC_48H,-0.4825930568643579,0.44285679581789356,0.5034562870372711
Subdoligranulum,carb_timeRDC_48H,-0.32582747796610523,0.3523837765078218,0.5477089138805102
Succiniclasticum,carb_timeRDC_48H,0.5693504908217846,0.5529947148747475,0.5267447447998395
Sutterella,carb_timeRDC_48H,0.3319681094828415,0.45765404078816607,0.6403918073901989
Terrisporobacter,carb_timeRDC_48H,-0.5288412745362036,0.41087350683537727,0.43369009389145224
Turicibacter,carb_timeRDC_48H,-0.3482055203546178,0.4135012691544772,0.5830465775488725
f__Christensenellaceae,carb_timeRDC_48H,-0.6899044688340045,0.3555747557204752,0.15368619223614766
f__Coriobacteriaceae,carb_timeRDC_48H,0.430979205878911,0.5429796584153825,0.602481790218624
f__Defluviitaleaceae,carb_timeRDC_48H,-0.20846590513837882,0.3406400497507765,0.71449970178108
f__Erysipelotrichaceae,carb_timeRDC_48H,-1.8000838837815198,0.35696916103720394,2.3625299800103103e-5
f__Family XIII,carb_timeRDC_48H,-0.7626851842105681,0.38052653059184594,0.14325144182610755
f__Lachnospiraceae,carb_timeRDC_48H,-0.8530314610806794,0.3652337748897987,0.08109017894935643
f__Prevotellaceae,carb_timeRDC_48H,1.0775348090228998,0.8073136565105957,0.4310250023720378
f__Ruminococcaceae,carb_timeRDC_48H,-0.6152687511495737,0.35618693204373814,0.2201488024190914
g__*Soleaferrea,carb_timeRDC_48H,-0.0013666665817631196,0.31414090482248913,0.9984993243450201
o__Clostridiales,carb_timeRDC_48H,-0.3307979920430648,0.507793855893814,0.6881329221559778
Acetanaerobacterium,carb_timeSDC_0H,0,0.4132764341113591,1
Actinomyces,carb_timeSDC_0H,0.06656275203271436,0.2818454996522845,1
Adlercreutzia,carb_timeSDC_0H,0.17441888578059025,0.3346406868203801,1
Akkermansia,carb_timeSDC_0H,-0.3139049684569659,0.5339134390338688,1
Alistipes,carb_timeSDC_0H,-0.49641627457968446,0.669060752208821,1
Anaerococcus,carb_timeSDC_0H,0.06699616355579663,0.7133476613991008,1
Anaerofilum,carb_timeSDC_0H,0,0.4132764341113591,1
Anaerostipes,carb_timeSDC_0H,0.007896299266241255,0.37241051067699577,1
Anaerotruncus,carb_timeSDC_0H,0.005621239269171107,0.6225163765076638,1
Bacteroides,carb_timeSDC_0H,0.028155638457498335,0.5866676341150591,1
Barnesiella,carb_timeSDC_0H,0,0.4132764341113591,1
Bifidobacterium,carb_timeSDC_0H,0.10238077148250445,0.3932506953899173,1
Bilophila,carb_timeSDC_0H,-0.2418787606939061,1.0338089935974228,1
Blautia,carb_timeSDC_0H,-0.0017279716476142197,0.3053256752890323,1
Butyricimonas,carb_timeSDC_0H,0,0.4132764341113591,1
Carnobacterium,carb_timeSDC_0H,-4.058005643891157,0.909355295970295,0.21131346811941787
Catenibacterium,carb_timeSDC_0H,-0.31067349402992894,0.5469569308725432,1
Clostridium,carb_timeSDC_0H,0.12628197775046587,0.44013901068056205,1
Collinsella,carb_timeSDC_0H,-0.1331236006963996,0.4164614106204359,1
Coprococcus,carb_timeSDC_0H,-0.1577292530481469,0.35863658398432,1
Dialister,carb_timeSDC_0H,0.05745188251512243,0.4706255930846119,1
Dielma,carb_timeSDC_0H,0,0.4132764341113591,1
Dorea,carb_timeSDC_0H,6.430049641389602e-5,0.344369634242372,1
Eggerthella,carb_timeSDC_0H,0.09113660445367293,0.37700869637228684,1
Eisenbergiella,carb_timeSDC_0H,-0.5266841682605917,0.7293765722375951,1
Enterococcus,carb_timeSDC_0H,-0.34044970473496133,1.1882159408762434,1
Erysipelatoclostridium,carb_timeSDC_0H,0.26806168880633613,0.36704376357117835,1
Escherichia,carb_timeSDC_0H,-0.27743634922993493,0.9726704362306624,1
Eubacterium,carb_timeSDC_0H,0.019662546084185592,0.34715552078250056,1
Faecalibacterium,carb_timeSDC_0H,0.025807794535115516,0.4561811676237498,1
Faecalitalea,carb_timeSDC_0H,-0.03303720402654026,0.4248001160071988,1
Finegoldia,carb_timeSDC_0H,1.5972362333191998,1.2589637784873517,1
Flavonifractor,carb_timeSDC_0H,0,0.4132764341113591,1
Fusicatenibacter,carb_timeSDC_0H,0.09013480692271145,0.43442285846824935,1
Gordonibacter,carb_timeSDC_0H,-0.11998052159342253,0.29184628042792327,1
Holdemanella,carb_timeSDC_0H,-0.10937265021688271,0.6256425987571832,1
Holdemania,carb_timeSDC_0H,-1.221429734927623,0.5952315363586315,1
Hungatella,carb_timeSDC_0H,-0.06570968181265457,0.9866746055873878,1
Intestinibacter,carb_timeSDC_0H,0.05847068521913962,0.4449331237207867,1
Intestinimonas,carb_timeSDC_0H,0,0.4132764341113591,1
Lachnoclostridium,carb_timeSDC_0H,-0.058198089531051954,0.35129335149933366,1
Lactobacillus,carb_timeSDC_0H,-0.367654517590272,0.9618209291489009,1
Lactococcus,carb_timeSDC_0H,0.08252492373004226,0.32196665742000413,1
Marvinbryantia,carb_timeSDC_0H,0.10611961877882113,0.30986734222099577,1
Megasphaera,carb_timeSDC_0H,0.9784348530560373,2.752432491572248,1
Methanobrevibacter,carb_timeSDC_0H,0.8237306658439009,0.647306244835374,1
Negativicoccus,carb_timeSDC_0H,-1.1592190643658271,1.190392166834692,1
Odoribacter,carb_timeSDC_0H,-0.6190888095136479,0.7963775584045574,1
Other,carb_timeSDC_0H,0.02813253816598379,0.3616378835264564,1
Paenibacillus,carb_timeSDC_0H,0.05438926806611691,0.34471142699319435,1
Parabacteroides,carb_timeSDC_0H,0.19010959958438028,0.7534162502505248,1
Paraclostridium,carb_timeSDC_0H,-2.084796268677286,2.6962409101298923,1
Parasutterella,carb_timeSDC_0H,0,0.4132764341113591,1
Peptococcus,carb_timeSDC_0H,0.06365427862124748,0.6409570003746872,1
Peptoniphilus,carb_timeSDC_0H,-0.49463388604417485,1.2697333576748018,1
Phascolarctobacterium,carb_timeSDC_0H,0.2841908469881699,0.6536730552776835,1
Robinsoniella,carb_timeSDC_0H,0,0.4132764341113591,1
Romboutsia,carb_timeSDC_0H,0.05639196345494543,0.38990487061703005,1
Roseburia,carb_timeSDC_0H,-0.08812045556327364,0.41006524112666637,1
Ruminiclostridium,carb_timeSDC_0H,-0.0606843990594475,0.3525573541138642,1
Ruminococcus,carb_timeSDC_0H,0.23298283564957906,0.4881815054414557,1
Senegalimassilia,carb_timeSDC_0H,0.0674661162683244,0.43384490107260654,1
Slackia,carb_timeSDC_0H,-0.03705163869903742,0.46605126369305344,1
Solobacterium,carb_timeSDC_0H,-0.05063866465109858,0.8281301336764875,1
Streptococcus,carb_timeSDC_0H,0.0845418762797123,0.42230569437260035,1
Subdoligranulum,carb_timeSDC_0H,0.08868158828513856,0.3393402265926602,1
Succiniclasticum,carb_timeSDC_0H,-0.20620405899786734,0.4227705866460071,1
Sutterella,carb_timeSDC_0H,-0.6891579233498498,1.7512963877634429,1
Terrisporobacter,carb_timeSDC_0H,0.2623666387677573,0.37972747227174575,1
Turicibacter,carb_timeSDC_0H,-0.0410373967995515,0.39047333866238265,1
f__Christensenellaceae,carb_timeSDC_0H,-0.09271698417778383,0.33129892365246694,1
f__Coriobacteriaceae,carb_timeSDC_0H,-0.08932829520651189,0.4454761380450295,1
f__Defluviitaleaceae,carb_timeSDC_0H,-0.14615802216267848,0.2999302365400108,1
f__Erysipelotrichaceae,carb_timeSDC_0H,-0.10294828332379238,0.3370483882010581,1
f__Family XIII,carb_timeSDC_0H,-0.0474488749984842,0.3339509625008115,1
f__Lachnospiraceae,carb_timeSDC_0H,-0.029613369958797115,0.3507016685102015,1
f__Prevotellaceae,carb_timeSDC_0H,1.0171184863988032,0.9415764968472438,1
f__Ruminococcaceae,carb_timeSDC_0H,-0.04523052163785232,0.33927838558165535,1
g__*Soleaferrea,carb_timeSDC_0H,0,0.4132764341113591,1
o__Clostridiales,carb_timeSDC_0H,0.0650818980989864,0.4772618039960884,1
Acetanaerobacterium,carb_timeSDC_48H,0.1590378443275889,0.3057142660202884,0.7810783984839001
Actinomyces,carb_timeSDC_48H,-0.789986700479939,0.3579935517726315,0.11095137431395449
Adlercreutzia,carb_timeSDC_48H,-0.9407440648037146,0.3870719760755118,0.07813249827871317
Akkermansia,carb_timeSDC_48H,1.0893269204041496,0.5410325101131652,0.16562387010884413
Alistipes,carb_timeSDC_48H,1.466896859159499,0.640672075770469,0.0956060797675156
Anaerococcus,carb_timeSDC_48H,-1.169794916245272,0.6145749606003811,0.2038499606992923
Anaerofilum,carb_timeSDC_48H,0.045319308531560284,0.3793980017420856,0.9292864643955792
Anaerostipes,carb_timeSDC_48H,-1.7319501416182266,0.3957449467184037,2.8905397216823735e-4
Anaerotruncus,carb_timeSDC_48H,1.452293867014319,0.6164096455908131,0.08801960685037764
Bacteroides,carb_timeSDC_48H,3.839426104576714,0.5528444597631665,7.90867942814119e-9
Barnesiella,carb_timeSDC_48H,0.07564552393729414,0.377750088324626,0.8982712641329255
Bifidobacterium,carb_timeSDC_48H,0.41227183216123775,0.40871825256449223,0.5401113881567909
Bilophila,carb_timeSDC_48H,1.770011790344327,0.9105475386501439,0.19374241677863085
Blautia,carb_timeSDC_48H,-1.0510094470457207,0.3248487438807389,0.009121700071404974
Butyricimonas,carb_timeSDC_48H,-0.1957133159439841,0.36266310370673277,0.7783542090187425
Carnobacterium,carb_timeSDC_48H,-0.8048123783518311,0.4129620302252845,0.2332833784666338
Catenibacterium,carb_timeSDC_48H,-0.7132787500707518,0.5837546665417636,0.4679904587725748
Clostridium,carb_timeSDC_48H,2.5938678567493634,0.4472670479597719,6.655498564927711e-7
Collinsella,carb_timeSDC_48H,0.13517951057281088,0.4241461478844082,0.8667580237422499
Coprococcus,carb_timeSDC_48H,-0.6921745081535652,0.37834030269721936,0.2113830779646383
Dialister,carb_timeSDC_48H,0.22104943313060516,0.5506605035202337,0.8110350227441022
Dielma,carb_timeSDC_48H,-0.42941352142737826,0.4274592950261981,0.5401113881567909
Dorea,carb_timeSDC_48H,-1.5402794365446129,0.3653612245393764,3.9685492244278007e-4
Eggerthella,carb_timeSDC_48H,1.3739867446137464,0.3866110676659808,0.003817716602113917
Eisenbergiella,carb_timeSDC_48H,-1.2852099742669145,0.7041483180901879,0.2332833784666338
Enterococcus,carb_timeSDC_48H,-1.9365623106681589,1.3572755269747288,0.39193512717930606
Erysipelatoclostridium,carb_timeSDC_48H,1.095937499453614,0.4253424619601826,0.056564512924935056
Escherichia,carb_timeSDC_48H,2.627333281247714,0.9167975788459374,0.02692432632468599
Eubacterium,carb_timeSDC_48H,-1.9902504592937396,0.36723107481744166,2.8158433818745237e-6
Faecalibacterium,carb_timeSDC_48H,0.23253369128044946,0.4702454759465186,0.7810783984839001
Faecalitalea,carb_timeSDC_48H,-1.4883165994913106,0.5094460756925691,0.026987329130224422
Finegoldia,carb_timeSDC_48H,2.953628366240303,0.9367088286734215,0.02224281938828044
Flavonifractor,carb_timeSDC_48H,-0.3987909623048572,0.39144483750624637,0.5401113881567909
Fusicatenibacter,carb_timeSDC_48H,-0.3385437170883567,0.4520415365842507,0.6994611397559239
Gordonibacter,carb_timeSDC_48H,0.04728468194387213,0.3183599807329466,0.9270760630349334
Holdemanella,carb_timeSDC_48H,-0.37478838306416096,0.6245354973200224,0.7584890556281446
Holdemania,carb_timeSDC_48H,0.0012603775309454994,0.35053846645030384,0.9971596379028105
Hungatella,carb_timeSDC_48H,-0.4643194833046553,1.0059488314766714,0.7834450112218676
Intestinibacter,carb_timeSDC_48H,0.4273719584867442,0.4645475856859406,0.5855693095157267
Intestinimonas,carb_timeSDC_48H,0.31253960953793397,0.4037366729160996,0.6994611397559239
Lachnoclostridium,carb_timeSDC_48H,-0.2778090399421873,0.368914493440045,0.6994611397559239
Lactobacillus,carb_timeSDC_48H,0.6753144565760274,1.0053605883860923,0.7435397890633874
Lactococcus,carb_timeSDC_48H,-0.39078857207420786,0.38700745012753435,0.5401113881567909
Marvinbryantia,carb_timeSDC_48H,-1.3328376576260883,0.35784565884062336,0.0028907692631376094
Megasphaera,carb_timeSDC_48H,0.7922602457322263,1.6473442333914072,0.7810783984839001
Methanobrevibacter,carb_timeSDC_48H,-0.9138409616532749,0.7413881351623197,0.4679904587725748
Negativicoccus,carb_timeSDC_48H,-0.3002575237758101,0.45860653476381896,0.7435397890633874
Odoribacter,carb_timeSDC_48H,-0.049210741380655634,0.3585689654188106,0.9270760630349334
Other,carb_timeSDC_48H,0.3634889408794327,0.36295900654467006,0.5401113881567909
Paenibacillus,carb_timeSDC_48H,-0.5613386991672361,0.41633307564510463,0.4126450537386114
Parabacteroides,carb_timeSDC_48H,4.053411178690333,0.683873834851167,6.655498564927711e-7
Paraclostridium,carb_timeSDC_48H,0.3725637482577714,0.843149578682949,0.7914818834221743
Parasutterella,carb_timeSDC_48H,0.2645662121743539,0.3911241161588121,0.7435397890633874
Peptococcus,carb_timeSDC_48H,-0.9565856010025742,0.8153666315215162,0.48815873894696976
Peptoniphilus,carb_timeSDC_48H,-0.359713585830504,1.251270325044316,0.8667580237422499
Phascolarctobacterium,carb_timeSDC_48H,2.218249677617833,0.6126874095340172,0.0057052055936048715
Robinsoniella,carb_timeSDC_48H,-0.7250142361568248,0.6034635994882169,0.48564073744840386
Romboutsia,carb_timeSDC_48H,-0.7964477195770466,0.40737810126431967,0.1798883865593724
Roseburia,carb_timeSDC_48H,0.10591619549049365,0.4359154708098219,0.8857574743847673
Ruminiclostridium,carb_timeSDC_48H,0.10704700550276287,0.37327054708980933,0.8667580237422499
Ruminococcus,carb_timeSDC_48H,-1.949260796040502,0.5332079112057274,0.0031491019926207318
Senegalimassilia,carb_timeSDC_48H,-0.12489116861346242,0.44549349355873497,0.8667580237422499
Slackia,carb_timeSDC_48H,0.28779252459196897,0.47133245128725404,0.7584890556281446
Solobacterium,carb_timeSDC_48H,0.19345985515216438,0.8410141424051272,0.8857574743847673
Streptococcus,carb_timeSDC_48H,-0.6541232390602318,0.44466685526053523,0.35640092666829554
Subdoligranulum,carb_timeSDC_48H,-0.19731849367783827,0.3566883839651759,0.7741393323444742
Succiniclasticum,carb_timeSDC_48H,0.7355077522722148,0.5358611426177732,0.4126450537386114
Sutterella,carb_timeSDC_48H,0.28905529313828027,0.4366247538966984,0.7435397890633874
Terrisporobacter,carb_timeSDC_48H,-0.6348280801982947,0.41309605932024107,0.3278020235722956
Turicibacter,carb_timeSDC_48H,-0.4417503940086218,0.41663463233794357,0.5401113881567909
f__Christensenellaceae,carb_timeSDC_48H,-0.5681827682907713,0.366956155250748,0.3278020235722956
f__Coriobacteriaceae,carb_timeSDC_48H,0.9090168629488319,0.5389451708406997,0.26163552338443363
f__Defluviitaleaceae,carb_timeSDC_48H,0.19512363900529658,0.3395427520978184,0.7741393323444742
f__Erysipelotrichaceae,carb_timeSDC_48H,-1.5323863667164754,0.3605331124152678,3.9685492244278007e-4
f__Family XIII,carb_timeSDC_48H,-0.5255292206760156,0.3927193369321469,0.4126450537386114
f__Lachnospiraceae,carb_timeSDC_48H,-0.4557884445768571,0.3692012253805619,0.4679904587725748
f__Prevotellaceae,carb_timeSDC_48H,1.898336937008821,0.7631960220940298,0.08763088493618018
f__Ruminococcaceae,carb_timeSDC_48H,-0.3547597102771742,0.35905212828872995,0.5401113881567909
g__*Soleaferrea,carb_timeSDC_48H,-0.15948004792419554,0.3263707002756226,0.7810783984839001
o__Clostridiales,carb_timeSDC_48H,-0.025277505389885734,0.5141335299145148,0.973038398906654
Acetanaerobacterium,obesity_groupobesity,0.09581459604236113,0.32906566591830216,0.984922689747989
Actinomyces,obesity_groupobesity,0.07471780973137802,0.28217147245853647,0.984922689747989
Adlercreutzia,obesity_groupobesity,-0.3825423552977,0.37097906742430786,0.984922689747989
Akkermansia,obesity_groupobesity,0.20013789082296501,0.36714398309445806,0.984922689747989
Alistipes,obesity_groupobesity,-0.1031477191382054,0.33302621348522377,0.984922689747989
Anaerococcus,obesity_groupobesity,0.3727151925469618,0.5868545685773815,0.984922689747989
Anaerofilum,obesity_groupobesity,-0.05615653971433378,0.4433020451036207,0.984922689747989
Anaerostipes,obesity_groupobesity,-0.3262292172858389,0.35095906504443203,0.984922689747989
Anaerotruncus,obesity_groupobesity,-0.41554229428852385,0.5560832379120847,0.984922689747989
Bacteroides,obesity_groupobesity,-0.09723188563313077,0.5389682082824827,0.984922689747989
Barnesiella,obesity_groupobesity,-0.5219056738687649,0.6566533225504525,0.984922689747989
Bifidobacterium,obesity_groupobesity,-0.442183410840503,0.4464795433878714,0.984922689747989
Bilophila,obesity_groupobesity,-0.15104797177859036,0.4602420273366137,0.984922689747989
Blautia,obesity_groupobesity,0.22006577261431046,0.2880688127410483,0.984922689747989
Butyricimonas,obesity_groupobesity,-0.052461243515113054,0.40011207962080925,0.984922689747989
Carnobacterium,obesity_groupobesity,0.03630700566380999,0.7241621217814271,0.984922689747989
Catenibacterium,obesity_groupobesity,0.4942473934424054,0.9318935174826144,0.984922689747989
Clostridium,obesity_groupobesity,-0.3107952757069503,0.5516419113061449,0.984922689747989
Collinsella,obesity_groupobesity,0.3898821169490817,0.5941588648977821,0.984922689747989
Coprococcus,obesity_groupobesity,-0.11961983768865087,0.42126499102711334,0.984922689747989
Dialister,obesity_groupobesity,-0.2809154306451197,0.49711797323282525,0.984922689747989
Dielma,obesity_groupobesity,-0.6259223921437833,0.5387079692977255,0.984922689747989
Dorea,obesity_groupobesity,-0.4799509187816188,0.30715621231297874,0.984922689747989
Eggerthella,obesity_groupobesity,0.24603540304770793,0.4473891340076958,0.984922689747989
Eisenbergiella,obesity_groupobesity,0.04793736314357981,0.5827221987703697,0.984922689747989
Enterococcus,obesity_groupobesity,-0.019473706548850528,0.8905874084090848,0.9942846871926483
Erysipelatoclostridium,obesity_groupobesity,0.3352323933524699,0.39301704734856996,0.984922689747989
Escherichia,obesity_groupobesity,-0.5521155862998384,0.8015622237886018,0.984922689747989
Eubacterium,obesity_groupobesity,-0.31984319055533145,0.3499805289411093,0.984922689747989
Faecalibacterium,obesity_groupobesity,0.5169869248068716,0.50756228534331,0.984922689747989
Faecalitalea,obesity_groupobesity,0.332490318911884,0.42679605879355625,0.984922689747989
Finegoldia,obesity_groupobesity,1.1185365868937034,0.6788483857371366,0.984922689747989
Flavonifractor,obesity_groupobesity,-0.5045762920325085,0.42053954471363575,0.984922689747989
Fusicatenibacter,obesity_groupobesity,-0.07891415238262992,0.41447360220595453,0.984922689747989
Gordonibacter,obesity_groupobesity,0.04710454725108911,0.2524068235056324,0.984922689747989
Holdemanella,obesity_groupobesity,0.4780682136629659,0.8697104554733153,0.984922689747989
Holdemania,obesity_groupobesity,0.11450282582027473,0.42317926076805673,0.984922689747989
Hungatella,obesity_groupobesity,-0.7487412469984144,0.6432448632246676,0.984922689747989
Intestinibacter,obesity_groupobesity,0.10735739778907681,0.4829064534621498,0.984922689747989
Intestinimonas,obesity_groupobesity,-0.9921273365508243,0.5669506484189749,0.984922689747989
Lachnoclostridium,obesity_groupobesity,0.06821977443086304,0.2756225831910701,0.984922689747989
Lactobacillus,obesity_groupobesity,-0.1978319843299545,0.8525948973375742,0.984922689747989
Lactococcus,obesity_groupobesity,0.03364634682524827,0.3493184469365795,0.984922689747989
Marvinbryantia,obesity_groupobesity,-0.29022650996141985,0.3978145631011352,0.984922689747989
Megasphaera,obesity_groupobesity,-1.2459884261195324,0.9868440909975372,0.984922689747989
Methanobrevibacter,obesity_groupobesity,0.8347447251612511,1.0521310990526638,0.984922689747989
Negativicoccus,obesity_groupobesity,0.5042745206254043,0.665225548857292,0.984922689747989
Odoribacter,obesity_groupobesity,0.3478428511221729,0.5144220670893839,0.984922689747989
Other,obesity_groupobesity,-0.1757251584615622,0.27910401538698293,0.984922689747989
Paenibacillus,obesity_groupobesity,0.10824309409115707,0.46802066377260026,0.984922689747989
Parabacteroides,obesity_groupobesity,0.024499797717431132,0.38860508264433613,0.984922689747989
Paraclostridium,obesity_groupobesity,1.1909002975763072,0.8380123879138773,0.984922689747989
Parasutterella,obesity_groupobesity,-0.13269768935223727,0.5116566785132037,0.984922689747989
Peptococcus,obesity_groupobesity,0.7104015223817995,0.7012234656274261,0.984922689747989
Peptoniphilus,obesity_groupobesity,0.5367758578264549,0.6661800480987902,0.984922689747989
Phascolarctobacterium,obesity_groupobesity,0.152500862081,0.4362023847632962,0.984922689747989
Robinsoniella,obesity_groupobesity,0.006291531088993879,0.86804025419344,0.9942846871926483
Romboutsia,obesity_groupobesity,-0.754516233125149,0.5539565850868596,0.984922689747989
Roseburia,obesity_groupobesity,0.1609209880255609,0.32135178242250784,0.984922689747989
Ruminiclostridium,obesity_groupobesity,0.12717374035673526,0.3288848392997037,0.984922689747989
Ruminococcus,obesity_groupobesity,0.12831606023314548,0.5445276608302808,0.984922689747989
Senegalimassilia,obesity_groupobesity,0.15658757669687104,0.570590715719896,0.984922689747989
Slackia,obesity_groupobesity,-0.29457936509805294,0.4107042413166197,0.984922689747989
Solobacterium,obesity_groupobesity,-1.4596993714967146,1.0229962865158577,0.984922689747989
Streptococcus,obesity_groupobesity,0.38017706114629746,0.5113620978701746,0.984922689747989
Subdoligranulum,obesity_groupobesity,0.18303288346321075,0.4313949206629785,0.984922689747989
Succiniclasticum,obesity_groupobesity,-0.22636003788543665,0.7815667258708748,0.984922689747989
Sutterella,obesity_groupobesity,0.46602855667108034,0.8847963675657665,0.984922689747989
Terrisporobacter,obesity_groupobesity,-0.7917448805910966,0.518298240072716,0.984922689747989
Turicibacter,obesity_groupobesity,-0.8482588643187435,0.5066331950904932,0.984922689747989
f__Christensenellaceae,obesity_groupobesity,0.2746012382169786,0.41909967353280486,0.984922689747989
f__Coriobacteriaceae,obesity_groupobesity,-0.04241542853881952,0.5534548916134713,0.984922689747989
f__Defluviitaleaceae,obesity_groupobesity,0.19242471019395563,0.3852000978996652,0.984922689747989
f__Erysipelotrichaceae,obesity_groupobesity,-0.06835561712317022,0.3997753132550372,0.984922689747989
f__Family XIII,obesity_groupobesity,-0.4092966868027243,0.31989631308031274,0.984922689747989
f__Lachnospiraceae,obesity_groupobesity,-0.19086891577930057,0.36116497731001584,0.984922689747989
f__Prevotellaceae,obesity_groupobesity,-0.40489579916869695,0.5304140916715375,0.984922689747989
f__Ruminococcaceae,obesity_groupobesity,-0.08053322474982332,0.32020891238347743,0.984922689747989
g__*Soleaferrea,obesity_groupobesity,0.10413809051444464,0.41683025396878726,0.984922689747989
o__Clostridiales,obesity_groupobesity,-0.07013003364017645,0.6812369863957755,0.984922689747989
