sample_key,customer_label,donor_id,aliquot_id,carbohydrate,timepoint,group,gene_copies_per_ul,asv_read_depth
116__116A__No Added Carb__1.0__0H,116A.NC.0H,116,116A,No Added Carb,0H,control,1817086478.0,54792.0
116__116A__No Added Carb__1.0__48H,116A.NC.48H,116,116A,No Added Carb,48H,control,1123858335.0,72846.0
116__116A__RDC__1.0__0H,116A.R1.0H,116,116A,RDC,0H,control,186787551.0,38095.0
116__116A__RDC__1.0__48H,116A.R1.48H,116,116A,RDC,48H,control,4193765739.0,67182.0
116__116A__RDC__2.0__0H,116A.R2.0H,116,116A,RDC,0H,control,2178225284.0,43781.0
116__116A__RDC__2.0__48H,116A.R2.48H,116,116A,RDC,48H,control,2872385791.0,41712.0
116__116A__SDC__1.0__0H,116A.S1.0H,116,116A,SDC,0H,control,1280864961.0,54435.0
116__116A__SDC__1.0__48H,116A.S1.48H,116,116A,SDC,48H,control,14355173753.0,59432.0
116__116A__SDC__2.0__0H,116A.S2.0H,116,116A,SDC,0H,control,4049355204.0,42889.0
116__116A__SDC__2.0__48H,116A.S2.48H,116,116A,SDC,48H,control,4333304443.0,57502.0
116__116B__No Added Carb__1.0__48H,116B.NC.48H,116,116B,No Added Carb,48H,control,259301655.0,59676.0
116__116B__RDC__1.0__48H,116B.R1.48H,116,116B,RDC,48H,control,199516846.0,63151.0
116__116B__RDC__2.0__48H,116B.R2.48H,116,116B,RDC,48H,control,2968947414.0,47519.0
116__116B__SDC__1.0__48H,116B.S1.48H,116,116B,SDC,48H,control,444694096.0,55048.0
116__116B__SDC__2.0__48H,116B.S2.48H,116,116B,SDC,48H,control,4037127596.0,48039.0
123__123A__No Added Carb__1.0__0H,123A.NC.0H,123,123A,No Added Carb,0H,case,59897079.0,58058.0
123__123A__RDC__1.0__0H,123A.R1.0H,123,123A,RDC,0H,case,891204954.0,43132.0
123__123A__RDC__1.0__48H,123A.R1.48H,123,123A,RDC,48H,case,1623744667.0,68720.0
123__123A__RDC__2.0__0H,123A.R2.0H,123,123A,RDC,0H,case,212041060.0,77651.0
123__123A__RDC__2.0__48H,123A.R2.48H,123,123A,RDC,48H,case,10175050812.0,100764.0
123__123A__SDC__1.0__0H,123A.S1.0H,123,123A,SDC,0H,case,52684518.0,60261.0
123__123A__SDC__1.0__48H,123A.S1.48H,123,123A,SDC,48H,case,2026015078.0,66268.0
123__123A__SDC__2.0__0H,123A.S2.0H,123,123A,SDC,0H,case,7636787.0,67518.0
123__123A__SDC__2.0__48H,123A.S2.48H,123,123A,SDC,48H,case,21285170199.0,59784.0
123__123B__No Added Carb__1.0__48H,123B.NC.48H,123,123B,No Added Carb,48H,case,3574226485.0,55437.0
123__123B__RDC__1.0__48H,123B.R1.48H,123,123B,RDC,48H,case,1574716521.0,76075.0
123__123B__RDC__2.0__48H,123B.R2.48H,123,123B,RDC,48H,case,4257213000.0,84800.0
123__123B__SDC__1.0__48H,123B.S1.48H,123,123B,SDC,48H,case,3581196601.0,52740.0
123__123B__SDC__2.0__48H,123B.S2.48H,123,123B,SDC,48H,case,7951703692.0,48787.0
137__137A__No Added Carb__1.0__0H,137A.NC.0H,137,137A,No Added Carb,0H,case,141509368.0,53681.0
137__137A__No Added Carb__1.0__48H,137A.NC.48H,137,137A,No Added Carb,48H,case,9427401035.0,57516.0
137__137A__RDC__1.0__0H,137A.R1.0H,137,137A,RDC,0H,case,64515805.0,47454.0
137__137A__RDC__1.0__48H,137A.R1.48H,137,137A,RDC,48H,case,12613070520.0,42704.0
137__137A__RDC__2.0__0H,137A.R2.0H,137,137A,RDC,0H,case,282084470.0,41592.0
137__137A__SDC__1.0__0H,137A.S1.0H,137,137A,SDC,0H,case,195693730.0,53839.0
137__137A__SDC__1.0__48H,137A.S1.48H,137,137A,SDC,48H,case,11833334059.0,48659.0
137__137A__SDC__2.0__0H,137A.S2.0H,137,137A,SDC,0H,case,146060017.0,45975.0
137__137A__SDC__2.0__48H,137A.S2.48H,137,137A,SDC,48H,case,1779331662.0,64028.0
137__137B__No Added Carb__1.0__0H,137B.NC.0H,137,137B,No Added Carb,0H,case,89215251.0,59751.0
137__137B__No Added Carb__1.0__48H,137B.NC.48H,137,137B,No Added Carb,48H,case,4178280239.0,64426.0
137__137B__RDC__1.0__0H,137B.R1.0H,137,137B,RDC,0H,case,103980818.0,56052.0
137__137B__RDC__1.0__48H,137B.R1.48H,137,137B,RDC,48H,case,4410849263.0,37546.0
137__137B__RDC__2.0__0H,137B.R2.0H,137,137B,RDC,0H,case,111486050.0,53324.0
137__137B__RDC__2.0__48H,137B.R2.48H,137,137B,RDC,48H,case,6745124846.0,59022.0
137__137B__SDC__1.0__0H,137B.S1.0H,137,137B,SDC,0H,case,23724934.0,47367.0
137__137B__SDC__1.0__48H,137B.S1.48H,137,137B,SDC,48H,case,2307591097.0,70996.0
137__137B__SDC__2.0__0H,137B.S2.0H,137,137B,SDC,0H,case,190973279.0,52433.0
137__137B__SDC__2.0__48H,137B.S2.48H,137,137B,SDC,48H,case,845707343.0,60553.0
161__161A__No Added Carb__1.0__0H,161A.NC.0H,161,161A,No Added Carb,0H,case,51977749.0,51241.0
161__161A__No Added Carb__1.0__48H,161A.NC.48H,161,161A,No Added Carb,48H,case,815836561.0,51324.0
161__161A__RDC__1.0__0H,161A.R1.0H,161,161A,RDC,0H,case,26456989.0,55478.0
161__161A__RDC__1.0__48H,161A.R1.48H,161,161A,RDC,48H,case,1023012055.0,57042.0
161__161A__RDC__2.0__0H,161A.R2.0H,161,161A,RDC,0H,case,24070307.0,63559.0
161__161A__RDC__2.0__48H,161A.R2.48H,161,161A,RDC,48H,case,1368506895.0,47816.0
161__161A__SDC__1.0__0H,161A.S1.0H,161,161A,SDC,0H,case,16828476.0,52143.0
161__161A__SDC__1.0__48H,161A.S1.48H,161,161A,SDC,48H,case,3834339095.0,45244.0
161__161A__SDC__2.0__0H,161A.S2.0H,161,161A,SDC,0H,case,69961541.0,51601.0
161__161A__SDC__2.0__48H,161A.S2.48H,161,161A,SDC,48H,case,1022522789.0,56980.0
161__161B__No Added Carb__1.0__0H,161B.NC.0H,161,161B,No Added Carb,0H,case,390031027.0,39573.0
161__161B__No Added Carb__1.0__48H,161B.NC.48H,161,161B,No Added Carb,48H,case,1412282466.0,57366.0
161__161B__RDC__1.0__0H,161B.R1.0H,161,161B,RDC,0H,case,482918512.0,46707.0
161__161B__RDC__1.0__48H,161B.R1.48H,161,161B,RDC,48H,case,2755715327.0,51856.0
161__161B__RDC__2.0__0H,161B.R2.0H,161,161B,RDC,0H,case,390984234.0,51690.0
161__161B__RDC__2.0__48H,161B.R2.48H,161,161B,RDC,48H,case,171641231.0,55419.0
161__161B__SDC__1.0__0H,161B.S1.0H,161,161B,SDC,0H,case,301612360.0,43129.0
161__161B__SDC__1.0__48H,161B.S1.48H,161,161B,SDC,48H,case,1158348157.0,49324.0
161__161B__SDC__2.0__0H,161B.S2.0H,161,161B,SDC,0H,case,969164672.0,45910.0
161__161B__SDC__2.0__48H,161B.S2.48H,161,161B,SDC,48H,case,1720097547.0,61021.0
176__176A__No Added Carb__1.0__0H,176A.NC.0H,176,176A,No Added Carb,0H,control,49244224.0,48394.0
176__176A__No Added Carb__1.0__48H,176A.NC.48H,176,176A,No Added Carb,48H,control,2576026041.0,55934.0
176__176A__RDC__1.0__0H,176A.R1.0H,176,176A,RDC,0H,control,247013311.0,52089.0
176__176A__RDC__1.0__48H,176A.R1.48H,176,176A,RDC,48H,control,4891177441.0,51457.0
176__176A__RDC__2.0__0H,176A.R2.0H,176,176A,RDC,0H,control,5222556.0,50447.0
176__176A__RDC__2.0__48H,176A.R2.48H,176,176A,RDC,48H,control,17192998226.0,48789.0
176__176A__SDC__1.0__0H,176A.S1.0H,176,176A,SDC,0H,control,59093553.0,79742.0
176__176A__SDC__1.0__48H,176A.S1.48H,176,176A,SDC,48H,control,3674608902.0,55159.0
176__176A__SDC__2.0__0H,176A.S2.0H,176,176A,SDC,0H,control,179975.0,27141.0
176__176A__SDC__2.0__48H,176A.S2.48H,176,176A,SDC,48H,control,8474784417.0,52512.0
176__176B__No Added Carb__1.0__48H,176B.NC.48H,176,176B,No Added Carb,48H,control,56747075.0,50343.0
176__176B__RDC__1.0__0H,176B.R1.0H,176,176B,RDC,0H,control,2883725956.0,51980.0
176__176B__RDC__1.0__48H,176B.R1.48H,176,176B,RDC,48H,control,138325874.0,62836.0
176__176B__RDC__2.0__0H,176B.R2.0H,176,176B,RDC,0H,control,1515146338.0,66576.0
176__176B__RDC__2.0__48H,176B.R2.48H,176,176B,RDC,48H,control,7411421124.0,49681.0
176__176B__SDC__1.0__0H,176B.S1.0H,176,176B,SDC,0H,control,1679794997.0,51797.0
176__176B__SDC__1.0__48H,176B.S1.48H,176,176B,SDC,48H,control,378748439.0,55831.0
176__176B__SDC__2.0__48H,176B.S2.48H,176,176B,SDC,48H,control,9337738001.0,63332.0
21__21A__No Added Carb__1.0__0H,21A.NC.0H,21,21A,No Added Carb,0H,case,445930959.0,52458.0
21__21A__RDC__1.0__0H,21A.R1.0H,21,21A,RDC,0H,case,465532838.0,46601.0
21__21A__RDC__1.0__48H,21A.R1.48H,21,21A,RDC,48H,case,794085812.0,50100.0
21__21A__RDC__2.0__0H,21A.R2.0H,21,21A,RDC,0H,case,805489017.0,34775.0
21__21A__RDC__2.0__48H,21A.R2.48H,21,21A,RDC,48H,case,1242364024.0,55118.0
21__21A__SDC__1.0__0H,21A.S1.0H,21,21A,SDC,0H,case,447110867.0,47652.0
21__21A__SDC__1.0__48H,21A.S1.48H,21,21A,SDC,48H,case,2005239831.0,44687.0
21__21A__SDC__2.0__0H,21A.S2.0H,21,21A,SDC,0H,case,5373.0,71710.0
21__21A__SDC__2.0__48H,21A.S2.48H,21,21A,SDC,48H,case,288770599.0,52058.0
21__21B__No Added Carb__1.0__0H,21B.NC.0H,21,21B,No Added Carb,0H,case,442798674.0,69856.0
21__21B__No Added Carb__1.0__48H,21B.NC.48H,21,21B,No Added Carb,48H,case,7374639108.0,59970.0
21__21B__RDC__1.0__0H,21B.R1.0H,21,21B,RDC,0H,case,57.0,1499.0
21__21B__RDC__1.0__48H,21B.R1.48H,21,21B,RDC,48H,case,1134432959.0,65388.0
21__21B__RDC__2.0__0H,21B.R2.0H,21,21B,RDC,0H,case,458890507.0,58492.0
21__21B__RDC__2.0__48H,21B.R2.48H,21,21B,RDC,48H,case,2086063197.0,62180.0
21__21B__SDC__1.0__0H,21B.S1.0H,21,21B,SDC,0H,case,3233524599.0,53218.0
21__21B__SDC__1.0__48H,21B.S1.48H,21,21B,SDC,48H,case,1570538539.0,51763.0
21__21B__SDC__2.0__0H,21B.S2.0H,21,21B,SDC,0H,case,1218255525.0,57229.0
21__21B__SDC__2.0__48H,21B.S2.48H,21,21B,SDC,48H,case,1276096250.0,54543.0
239__239A__No Added Carb__1.0__0H,239A.NC.0H,239,239A,No Added Carb,0H,case,370738212.0,56324.0
239__239A__No Added Carb__1.0__48H,239A.NC.48H,239,239A,No Added Carb,48H,case,2833877723.0,55072.0
239__239A__RDC__1.0__0H,239A.R1.0H,239,239A,RDC,0H,case,1126747363.0,50530.0
239__239A__RDC__1.0__48H,239A.R1.48H,239,239A,RDC,48H,case,2997483963.0,47452.0
239__239A__RDC__2.0__0H,239A.R2.0H,239,239A,RDC,0H,case,126157054.0,53344.0
239__239A__RDC__2.0__48H,239A.R2.48H,239,239A,RDC,48H,case,1090917661.0,51414.0
239__239A__SDC__1.0__0H,239A.S1.0H,239,239A,SDC,0H,case,277962228.0,53481.0
239__239A__SDC__1.0__48H,239A.S1.48H,239,239A,SDC,48H,case,777955854.0,59467.0
239__239A__SDC__2.0__0H,239A.S2.0H,239,239A,SDC,0H,case,336618231.0,47733.0
239__239A__SDC__2.0__48H,239A.S2.48H,239,239A,SDC,48H,case,1069195436.0,50235.0
239__239B__No Added Carb__1.0__0H,239B.NC.0H,239,239B,No Added Carb,0H,case,83954537.0,62517.0
239__239B__No Added Carb__1.0__48H,239B.NC.48H,239,239B,No Added Carb,48H,case,6729563593.0,59035.0
239__239B__RDC__1.0__0H,239B.R1.0H,239,239B,RDC,0H,case,8.0,10774.0
239__239B__RDC__1.0__48H,239B.R1.48H,239,239B,RDC,48H,case,11046759049.0,44101.0
239__239B__RDC__2.0__0H,239B.R2.0H,239,239B,RDC,0H,case,203327129.0,57811.0
239__239B__RDC__2.0__48H,239B.R2.48H,239,239B,RDC,48H,case,11341006077.0,59774.0
239__239B__SDC__1.0__0H,239B.S1.0H,239,239B,SDC,0H,case,187518385.0,44876.0
239__239B__SDC__1.0__48H,239B.S1.48H,239,239B,SDC,48H,case,332924179.0,60642.0
239__239B__SDC__2.0__0H,239B.S2.0H,239,239B,SDC,0H,case,199268563.0,46844.0
239__239B__SDC__2.0__48H,239B.S2.48H,239,239B,SDC,48H,case,3870121413.0,47997.0
276__276A__No Added Carb__1.0__48H,276A.NC.48H,276,276A,No Added Carb,48H,control,3373927663.0,53351.0
276__276A__RDC__1.0__48H,276A.R1.48H,276,276A,RDC,48H,control,4545411285.0,55941.0
276__276A__RDC__2.0__48H,276A.R2.48H,276,276A,RDC,48H,control,3237834683.0,58093.0
276__276A__SDC__1.0__48H,276A.S1.48H,276,276A,SDC,48H,control,7223877512.0,59715.0
276__276A__SDC__2.0__48H,276A.S2.48H,276,276A,SDC,48H,control,6826267798.0,49851.0
276__276B__No Added Carb__1.0__48H,276B.NC.48H,276,276B,No Added Carb,48H,control,420397102.0,42288.0
276__276B__RDC__1.0__48H,276B.R1.48H,276,276B,RDC,48H,control,723771862.0,49964.0
276__276B__RDC__2.0__48H,276B.R2.48H,276,276B,RDC,48H,control,3246961238.0,55906.0
276__276B__SDC__1.0__48H,276B.S1.48H,276,276B,SDC,48H,control,749045833.0,49409.0
276__276B__SDC__2.0__48H,276B.S2.48H,276,276B,SDC,48H,control,1422775881.0,69874.0
41__41A__No Added Carb__1.0__48H,41A.NC.48H,41,41A,No Added Carb,48H,case,395000939.0,61902.0
41__41A__RDC__1.0__0H,41A.R1.0H,41,41A,RDC,0H,case,52329940.0,66395.0
41__41A__RDC__1.0__48H,41A.R1.48H,41,41A,RDC,48H,case,4863596030.0,73690.0
41__41A__RDC__2.0__0H,41A.R2.0H,41,41A,RDC,0H,case,996259214.0,46360.0
41__41A__RDC__2.0__48H,41A.R2.48H,41,41A,RDC,48H,case,17840105271.0,53986.0
41__41A__SDC__1.0__0H,41A.S1.0H,41,41A,SDC,0H,case,1643236297.0,39486.0
41__41A__SDC__1.0__48H,41A.S1.48H,41,41A,SDC,48H,case,3929625041.0,69865.0
41__41A__SDC__2.0__0H,41A.S2.0H,41,41A,SDC,0H,case,3301154900.0,38976.0
41__41A__SDC__2.0__48H,41A.S2.48H,41,41A,SDC,48H,case,5557204552.0,57126.0
41__41B__No Added Carb__1.0__0H,41B.NC.0H,41,41B,No Added Carb,0H,case,263835860.0,61578.0
41__41B__No Added Carb__1.0__48H,41B.NC.48H,41,41B,No Added Carb,48H,case,1440785245.0,52655.0
41__41B__RDC__1.0__0H,41B.R1.0H,41,41B,RDC,0H,case,159230801.0,53670.0
41__41B__RDC__1.0__48H,41B.R1.48H,41,41B,RDC,48H,case,2140547893.0,48773.0
41__41B__RDC__2.0__0H,41B.R2.0H,41,41B,RDC,0H,case,33.0,9191.0
41__41B__RDC__2.0__48H,41B.R2.48H,41,41B,RDC,48H,case,2587197838.0,43070.0
41__41B__SDC__1.0__0H,41B.S1.0H,41,41B,SDC,0H,case,210329870.0,45908.0
41__41B__SDC__1.0__48H,41B.S1.48H,41,41B,SDC,48H,case,1455042334.0,75446.0
41__41B__SDC__2.0__0H,41B.S2.0H,41,41B,SDC,0H,case,61129591.0,58836.0
41__41B__SDC__2.0__48H,41B.S2.48H,41,41B,SDC,48H,case,3416878237.0,63921.0
50__50A__No Added Carb__1.0__0H,50A.NC.0H,50,50A,No Added Carb,0H,case,121715684.0,53245.0
50__50A__No Added Carb__1.0__48H,50A.NC.48H,50,50A,No Added Carb,48H,case,584768374.0,59011.0
50__50A__RDC__1.0__0H,50A.R1.0H,50,50A,RDC,0H,case,2004834925.0,38611.0
50__50A__RDC__1.0__48H,50A.R1.48H,50,50A,RDC,48H,case,1065125247.0,60563.0
50__50A__RDC__2.0__0H,50A.R2.0H,50,50A,RDC,0H,case,1078184125.0,51718.0
50__50A__RDC__2.0__48H,50A.R2.48H,50,50A,RDC,48H,case,2178216832.0,65997.0
50__50A__SDC__1.0__0H,50A.S1.0H,50,50A,SDC,0H,case,686946484.0,58333.0
50__50A__SDC__1.0__48H,50A.S1.48H,50,50A,SDC,48H,case,1413994523.0,64241.0
50__50A__SDC__2.0__0H,50A.S2.0H,50,50A,SDC,0H,case,100746269.0,54168.0
50__50A__SDC__2.0__48H,50A.S2.48H,50,50A,SDC,48H,case,5968184215.0,61941.0
50__50B__No Added Carb__1.0__0H,50B.NC.0H,50,50B,No Added Carb,0H,case,109990452.0,76614.0
50__50B__No Added Carb__1.0__48H,50B.NC.48H,50,50B,No Added Carb,48H,case,1260196907.0,52765.0
50__50B__RDC__1.0__0H,50B.R1.0H,50,50B,RDC,0H,case,89215251.0,37042.0
50__50B__RDC__1.0__48H,50B.R1.48H,50,50B,RDC,48H,case,926094377.0,59053.0
50__50B__RDC__2.0__0H,50B.R2.0H,50,50B,RDC,0H,case,123370716.0,59373.0
50__50B__RDC__2.0__48H,50B.R2.48H,50,50B,RDC,48H,case,1528783018.0,70709.0
50__50B__SDC__1.0__0H,50B.S1.0H,50,50B,SDC,0H,case,341942455.0,30165.0
50__50B__SDC__1.0__48H,50B.S1.48H,50,50B,SDC,48H,case,6543815855.0,44219.0
50__50B__SDC__2.0__0H,50B.S2.0H,50,50B,SDC,0H,case,196595353.0,41277.0
50__50B__SDC__2.0__48H,50B.S2.48H,50,50B,SDC,48H,case,3424003823.0,54540.0
58__58A__No Added Carb__1.0__0H,58A.NC.0H,58,58A,No Added Carb,0H,case,718414713.0,45420.0
58__58A__No Added Carb__1.0__48H,58A.NC.48H,58,58A,No Added Carb,48H,case,4142560005.0,46425.0
58__58A__RDC__1.0__0H,58A.R1.0H,58,58A,RDC,0H,case,596920913.0,73164.0
58__58A__RDC__1.0__48H,58A.R1.48H,58,58A,RDC,48H,case,5392591518.0,63421.0
58__58A__RDC__2.0__0H,58A.R2.0H,58,58A,RDC,0H,case,388766968.0,49057.0
58__58A__RDC__2.0__48H,58A.R2.48H,58,58A,RDC,48H,case,5997467669.0,58046.0
58__58A__SDC__1.0__0H,58A.S1.0H,58,58A,SDC,0H,case,468026491.0,42289.0
58__58A__SDC__1.0__48H,58A.S1.48H,58,58A,SDC,48H,case,16935882600.0,51159.0
58__58A__SDC__2.0__0H,58A.S2.0H,58,58A,SDC,0H,case,361628247.0,45962.0
58__58A__SDC__2.0__48H,58A.S2.48H,58,58A,SDC,48H,case,9832863499.0,61324.0
58__58B__No Added Carb__1.0__0H,58B.NC.0H,58,58B,No Added Carb,0H,case,275557205.0,39071.0
58__58B__No Added Carb__1.0__48H,58B.NC.48H,58,58B,No Added Carb,48H,case,930568429.0,59382.0
58__58B__RDC__1.0__0H,58B.R1.0H,58,58B,RDC,0H,case,45219743.0,53325.0
58__58B__RDC__1.0__48H,58B.R1.48H,58,58B,RDC,48H,case,951823942.0,57083.0
58__58B__RDC__2.0__0H,58B.R2.0H,58,58B,RDC,0H,case,1713058163.0,44532.0
58__58B__RDC__2.0__48H,58B.R2.48H,58,58B,RDC,48H,case,92494644.0,91598.0
58__58B__SDC__1.0__0H,58B.S1.0H,58,58B,SDC,0H,case,2026806004.0,47200.0
58__58B__SDC__1.0__48H,58B.S1.48H,58,58B,SDC,48H,case,1626026998.0,75596.0
58__58B__SDC__2.0__0H,58B.S2.0H,58,58B,SDC,0H,case,1925058184.0,46126.0
58__58B__SDC__2.0__48H,58B.S2.48H,58,58B,SDC,48H,case,666193157.0,86675.0
66__66A__No Added Carb__1.0__0H,66A.NC.0H,66,66A,No Added Carb,0H,control,1224190.0,47559.0
66__66A__No Added Carb__1.0__48H,66A.NC.48H,66,66A,No Added Carb,48H,control,1851.0,75268.0
66__66A__RDC__1.0__0H,66A.R1.0H,66,66A,RDC,0H,control,255581376.0,55249.0
66__66A__RDC__1.0__48H,66A.R1.48H,66,66A,RDC,48H,control,2658404318.0,82365.0
66__66A__RDC__2.0__0H,66A.R2.0H,66,66A,RDC,0H,control,199969065.0,36256.0
66__66A__RDC__2.0__48H,66A.R2.48H,66,66A,RDC,48H,control,3606478176.0,59259.0
66__66A__SDC__1.0__0H,66A.S1.0H,66,66A,SDC,0H,control,558291052.0,53678.0
66__66A__SDC__1.0__48H,66A.S1.48H,66,66A,SDC,48H,control,5867705620.0,70238.0
66__66A__SDC__2.0__0H,66A.S2.0H,66,66A,SDC,0H,control,1424277.0,46232.0
66__66A__SDC__2.0__48H,66A.S2.48H,66,66A,SDC,48H,control,1697012599.0,57587.0
66__66B__No Added Carb__1.0__0H,66B.NC.0H,66,66B,No Added Carb,0H,control,197927445.0,69233.0
66__66B__No Added Carb__1.0__48H,66B.NC.48H,66,66B,No Added Carb,48H,control,1762575656.0,45622.0
66__66B__RDC__1.0__0H,66B.R1.0H,66,66B,RDC,0H,control,360521129.0,42104.0
66__66B__RDC__1.0__48H,66B.R1.48H,66,66B,RDC,48H,control,2463161116.0,67311.0
66__66B__RDC__2.0__0H,66B.R2.0H,66,66B,RDC,0H,control,2762439707.0,55212.0
66__66B__SDC__1.0__0H,66B.S1.0H,66,66B,SDC,0H,control,1350454377.0,52177.0
66__66B__SDC__1.0__48H,66B.S1.48H,66,66B,SDC,48H,control,2084209634.0,60524.0
66__66B__SDC__2.0__0H,66B.S2.0H,66,66B,SDC,0H,control,3192761646.0,50272.0
67__67A__No Added Carb__1.0__0H,67A.NC.0H,67,67A,No Added Carb,0H,control,369642683.0,43080.0
67__67A__No Added Carb__1.0__48H,67A.NC.48H,67,67A,No Added Carb,48H,control,11656402383.0,42195.0
67__67A__RDC__1.0__0H,67A.R1.0H,67,67A,RDC,0H,control,38384472.0,53577.0
67__67A__RDC__2.0__0H,67A.R2.0H,67,67A,RDC,0H,control,250929040.0,47372.0
67__67A__RDC__2.0__48H,67A.R2.48H,67,67A,RDC,48H,control,7098969017.0,53667.0
67__67A__SDC__1.0__0H,67A.S1.0H,67,67A,SDC,0H,control,171077365.0,61778.0
67__67A__SDC__1.0__48H,67A.S1.48H,67,67A,SDC,48H,control,1960340590.0,57229.0
67__67A__SDC__2.0__0H,67A.S2.0H,67,67A,SDC,0H,control,289130124.0,61094.0
67__67A__SDC__2.0__48H,67A.S2.48H,67,67A,SDC,48H,control,1015855360.0,50795.0
67__67B__No Added Carb__1.0__0H,67B.NC.0H,67,67B,No Added Carb,0H,control,24896912.0,41986.0
67__67B__No Added Carb__1.0__48H,67B.NC.48H,67,67B,No Added Carb,48H,control,13101.0,83725.0
67__67B__RDC__1.0__0H,67B.R1.0H,67,67B,RDC,0H,control,388568024.0,45984.0
67__67B__RDC__1.0__48H,67B.R1.48H,67,67B,RDC,48H,control,2201517547.0,51734.0
67__67B__RDC__2.0__0H,67B.R2.0H,67,67B,RDC,0H,control,129104383.0,42132.0
67__67B__RDC__2.0__48H,67B.R2.48H,67,67B,RDC,48H,control,3105451489.0,53642.0
67__67B__SDC__1.0__0H,67B.S1.0H,67,67B,SDC,0H,control,39674060.0,62526.0
67__67B__SDC__1.0__48H,67B.S1.48H,67,67B,SDC,48H,control,2858589301.0,47424.0
67__67B__SDC__2.0__0H,67B.S2.0H,67,67B,SDC,0H,control,49244224.0,57168.0
67__67B__SDC__2.0__48H,67B.S2.48H,67,67B,SDC,48H,control,2582064664.0,48043.0
73__73A__No Added Carb__1.0__0H,73A.NC.0H,73,73A,No Added Carb,0H,control,453155684.0,50257.0
73__73A__No Added Carb__1.0__48H,73A.NC.48H,73,73A,No Added Carb,48H,control,2743798064.0,60799.0
73__73A__RDC__1.0__0H,73A.R1.0H,73,73A,RDC,0H,control,300901174.0,67199.0
73__73A__RDC__1.0__48H,73A.R1.48H,73,73A,RDC,48H,control,6286389958.0,53244.0
73__73A__RDC__2.0__0H,73A.R2.0H,73,73A,RDC,0H,control,13695968.0,46571.0
73__73A__RDC__2.0__48H,73A.R2.48H,73,73A,RDC,48H,control,5974756985.0,61250.0
73__73A__SDC__1.0__0H,73A.S1.0H,73,73A,SDC,0H,control,320324215.0,43691.0
73__73A__SDC__1.0__48H,73A.S1.48H,73,73A,SDC,48H,control,4655429922.0,67414.0
73__73A__SDC__2.0__0H,73A.S2.0H,73,73A,SDC,0H,control,367126520.0,58327.0
73__73A__SDC__2.0__48H,73A.S2.48H,73,73A,SDC,48H,control,8568504459.0,43609.0
73__73B__No Added Carb__1.0__48H,73B.NC.48H,73,73B,No Added Carb,48H,control,116870699.0,68852.0
73__73B__RDC__1.0__0H,73B.R1.0H,73,73B,RDC,0H,control,49244224.0,59897.0
73__73B__RDC__1.0__48H,73B.R1.48H,73,73B,RDC,48H,control,859236813.0,60614.0
73__73B__RDC__2.0__0H,73B.R2.0H,73,73B,RDC,0H,control,26456989.0,45789.0
73__73B__RDC__2.0__48H,73B.R2.48H,73,73B,RDC,48H,control,1095713000.0,57963.0
73__73B__SDC__1.0__0H,73B.S1.0H,73,73B,SDC,0H,control,57908430.0,53654.0
73__73B__SDC__1.0__48H,73B.S1.48H,73,73B,SDC,48H,control,2039735638.0,64506.0
73__73B__SDC__2.0__0H,73B.S2.0H,73,73B,SDC,0H,control,53593430.0,49271.0
73__73B__SDC__2.0__48H,73B.S2.48H,73,73B,SDC,48H,control,3116705025.0,39807.0
84__84A__No Added Carb__1.0__48H,84A.NC.48H,84,84A,No Added Carb,48H,control,792022957.0,63964.0
84__84A__RDC__1.0__0H,84A.R1.0H,84,84A,RDC,0H,control,585259088.0,62425.0
84__84A__RDC__1.0__48H,84A.R1.48H,84,84A,RDC,48H,control,3209975601.0,66345.0
84__84A__RDC__2.0__0H,84A.R2.0H,84,84A,RDC,0H,control,759502672.0,69568.0
84__84A__RDC__2.0__48H,84A.R2.48H,84,84A,RDC,48H,control,3155311185.0,57149.0
84__84A__SDC__1.0__0H,84A.S1.0H,84,84A,SDC,0H,control,220225709.0,47796.0
84__84A__SDC__1.0__48H,84A.S1.48H,84,84A,SDC,48H,control,5950707744.0,56583.0
84__84A__SDC__2.0__0H,84A.S2.0H,84,84A,SDC,0H,control,1078596034.0,44743.0
84__84A__SDC__2.0__48H,84A.S2.48H,84,84A,SDC,48H,control,13136439622.0,49432.0
84__84B__No Added Carb__1.0__0H,84B.NC.0H,84,84B,No Added Carb,0H,control,29475742.0,38071.0
84__84B__No Added Carb__1.0__48H,84B.NC.48H,84,84B,No Added Carb,48H,control,6551578611.0,49618.0
84__84B__RDC__1.0__0H,84B.R1.0H,84,84B,RDC,0H,control,436750725.0,50834.0
84__84B__RDC__1.0__48H,84B.R1.48H,84,84B,RDC,48H,control,7516743486.0,53584.0
84__84B__RDC__2.0__0H,84B.R2.0H,84,84B,RDC,0H,control,725174.0,71701.0
84__84B__RDC__2.0__48H,84B.R2.48H,84,84B,RDC,48H,control,2421014467.0,92462.0
84__84B__SDC__1.0__0H,84B.S1.0H,84,84B,SDC,0H,control,19827635.0,55591.0
84__84B__SDC__1.0__48H,84B.S1.48H,84,84B,SDC,48H,control,2001315168.0,62909.0
84__84B__SDC__2.0__0H,84B.S2.0H,84,84B,SDC,0H,control,92904281.0,53329.0
84__84B__SDC__2.0__48H,84B.S2.48H,84,84B,SDC,48H,control,26388008008.0,42998.0
92__92A__No Added Carb__1.0__0H,92A.NC.0H,92,92A,No Added Carb,0H,control,232127069.0,56914.0
92__92A__No Added Carb__1.0__48H,92A.NC.48H,92,92A,No Added Carb,48H,control,539952732.0,65777.0
92__92A__RDC__1.0__0H,92A.R1.0H,92,92A,RDC,0H,control,39674060.0,68397.0
92__92A__RDC__1.0__48H,92A.R1.48H,92,92A,RDC,48H,control,1012997419.0,66117.0
92__92A__RDC__2.0__0H,92A.R2.0H,92,92A,RDC,0H,control,217552864.0,51860.0
92__92A__RDC__2.0__48H,92A.R2.48H,92,92A,RDC,48H,control,408341139.0,39338.0
92__92A__SDC__1.0__0H,92A.S1.0H,92,92A,SDC,0H,control,168313723.0,48915.0
92__92A__SDC__1.0__48H,92A.S1.48H,92,92A,SDC,48H,control,53943367.0,52390.0
92__92A__SDC__2.0__0H,92A.S2.0H,92,92A,SDC,0H,control,24258659.0,56474.0
92__92A__SDC__2.0__48H,92A.S2.48H,92,92A,SDC,48H,control,2828924141.0,48656.0
92__92B__No Added Carb__1.0__0H,92B.NC.0H,92,92B,No Added Carb,0H,control,10434833956.0,47083.0
92__92B__No Added Carb__1.0__48H,92B.NC.48H,92,92B,No Added Carb,48H,control,716396281.0,58672.0
92__92B__RDC__1.0__0H,92B.R1.0H,92,92B,RDC,0H,control,2059053917.0,55731.0
92__92B__RDC__1.0__48H,92B.R1.48H,92,92B,RDC,48H,control,6505499928.0,59570.0
92__92B__RDC__2.0__0H,92B.R2.0H,92,92B,RDC,0H,control,1692566337.0,61080.0
92__92B__RDC__2.0__48H,92B.R2.48H,92,92B,RDC,48H,control,1039224140.0,44629.0
92__92B__SDC__1.0__0H,92B.S1.0H,92,92B,SDC,0H,control,1675600028.0,58831.0
92__92B__SDC__1.0__48H,92B.S1.48H,92,92B,SDC,48H,control,2670529723.0,52470.0
92__92B__SDC__2.0__0H,92B.S2.0H,92,92B,SDC,0H,control,1640659312.0,49134.0
92__92B__SDC__2.0__48H,92B.S2.48H,92,92B,SDC,48H,control,2981727798.0,70098.0
