#taxa	21B.R1.48H	21B.R2.48H	21A.R1.48H	21A.R2.48H	41B.R1.48H	41B.R2.48H	50B.R1.48H	50B.R2.48H	161A.R1.48H	161A.R2.48H	123A.R1.48H	123A.R2.48H	58B.R1.48H	58B.R2.48H	123B.R1.48H	123B.R2.48H	239B.R1.48H	239B.R2.48H	58A.R1.48H	58A.R2.48H	137A.R1.48H	41A.R1.48H	41A.R2.48H	161B.R1.48H	161B.R2.48H	50A.R1.48H	50A.R2.48H	239A.R1.48H	239A.R2.48H	21B.S1.48H	21B.S2.48H	21A.S1.48H	21A.S2.48H	41B.S1.48H	41B.S2.48H	50B.S1.48H	50B.S2.48H	161A.S1.48H	161A.S2.48H	123A.S1.48H	123A.S2.48H	58B.S1.48H	58B.S2.48H	123B.S1.48H	123B.S2.48H	239B.S1.48H	239B.S2.48H	58A.S1.48H	58A.S2.48H	137A.S1.48H	137A.S2.48H	41A.S1.48H	41A.S2.48H	161B.S1.48H	161B.S2.48H	50A.S1.48H	50A.S2.48H	239A.S1.48H	239A.S2.48H
k__Archaea;p__Euryarchaeota;c__Methanobacteria;o__Methanobacteriales;f__Methanobacteriaceae;g__Methanobrevibacter;s__smithii	0	0	0	0	0	0	0	0	363	0	0	0	0	0	0	0	0	0	0	0	65	74	0	99	0	0	0	0	0	0	0	0	0	86	0	0	0	229	0	0	0	0	0	0	0	0	0	0	0	65	0	34	0	99	16	0	0	0	0
k__Bacteria;p__Actinobacteria;c__Actinobacteria;o__Actinomycetales;f__Actinomycetaceae;g__Actinomyces;s__odontolyticus	0	11	0	0	20	0	0	0	0	0	0	0	11	0	0	0	0	0	0	0	0	12	0	0	0	0	0	0	0	0	0	0	0	13	0	0	0	0	0	0	0	0	0	0	0	0	0	0	0	0	0	0	0	0	0	0	0	0	12
k__Bacteria;p__Actinobacteria;c__Actinobacteria;o__Bifidobacteriales;f__Bifidobacteriaceae;g__Bifidobacterium;s__NA	0	0	0	0	0	0	0	0	0	0	0	0	0	0	0	0	0	0	0	0	0	0	0	0	0	0	0	0	0	0	0	0	0	0	0	0	0	0	0	0	0	0	0	0	0	0	0	0	0	0	0	0	0	11	0	0	0	0	0
k__Bacteria;p__Actinobacteria;c__Actinobacteria;o__Bifidobacteriales;f__Bifidobacteriaceae;g__Bifidobacterium;s__adolescentis-faecale	0	0	0	0	254	7040	1636	21378	636	4895	0	0	0	12687	0	343	477	4149	83	403	2623	568	5351	105	2860	1139	5037	8666	5209	0	0	0	0	2082	12063	9235	9713	519	15590	376	1424	0	2022	0	141	3684	6169	120	81	2500	23301	1704	3928	781	4288	2082	4783	854	11309
k__Bacteria;p__Actinobacteria;c__Actinobacteria;o__Bifidobacteriales;f__Bifidobacteriaceae;g__Bifidobacterium;s__adolescentis-faecale-ruminantium	0	0	0	0	0	0	0	0	0	0	0	0	0	0	0	0	0	0	0	0	0	0	0	0	0	0	0	0	0	0	0	0	0	0	0	0	0	0	0	0	0	0	0	0	0	0	0	0	0	0	833	0	0	0	0	0	0	0	0
k__Bacteria;p__Actinobacteria;c__Actinobacteria;o__Bifidobacteriales;f__Bifidobacteriaceae;g__Bifidobacterium;s__angulatum	0	0	0	0	0	0	0	0	3136	8347	0	0	0	0	0	1031	0	0	0	0	0	0	0	1013	8119	0	0	0	0	0	0	0	0	2849	0	0	0	1987	6276	0	0	0	0	0	402	0	0	0	0	0	0	0	0	2237	2827	0	0	0	0
k__Bacteria;p__Actinobacteria;c__Actinobacteria;o__Bifidobacteriales;f__Bifidobacteriaceae;g__Bifidobacterium;s__biavatii	0	0	0	0	0	0	0	0	0	0	0	0	0	0	0	0	0	0	0	0	0	0	0	0	0	0	0	0	0	0	0	0	0	0	0	0	0	0	0	0	0	0	0	0	0	0	0	0	0	0	0	0	0	0	11	0	0	0	0
k__Bacteria;p__Actinobacteria;c__Actinobacteria;o__Bifidobacteriales;f__Bifidobacteriaceae;g__Bifidobacterium;s__bifidum	0	0	0	0	13	510	88	151	0	0	142	56	83	15	119	96	96	320	22	669	118	53	288	0	0	63	321	58	69	0	0	0	0	12	63	102	164	0	16	73	30	0	0	75	49	67	59	20	0	99	1736	16	13	0	0	60	38	157	210
k__Bacteria;p__Actinobacteria;c__Actinobacteria;o__Bifidobacteriales;f__Bifidobacteriaceae;g__Bifidobacterium;s__breve	0	0	0	0	0	0	0	0	0	0	0	0	0	0	0	0	0	0	0	0	13	0	0	0	0	0	0	0	0	0	0	0	0	0	0	0	0	0	0	0	0	0	0	0	0	0	0	0	0	12	304	0	0	0	0	0	0	0	0
k__Bacteria;p__Actinobacteria;c__Actinobacteria;o__Bifidobacteriales;f__Bifidobacteriaceae;g__Bifidobacterium;s__breve-longum-saguini	0	0	0	0	0	0	0	0	0	0	0	0	0	0	0	0	0	0	0	0	0	0	0	0	0	0	0	0	18	0	0	0	0	0	0	0	0	0	0	0	0	0	0	0	0	0	0	0	0	0	0	0	0	0	0	0	0	0	0
k__Bacteria;p__Actinobacteria;c__Actinobacteria;o__Bifidobacteriales;f__Bifidobacteriaceae;g__Bifidobacterium;s__catenulatum-kashiwanohense-pseudocatenulatum	0	0	0	0	0	0	0	0	21	151	0	0	128	344	0	109	1191	8351	60	906	676	174	173	0	47	15	34	5495	4101	0	0	0	0	111	0	0	0	24	41	202	0	0	0	50	36	1677	3157	91	83	1152	3748	23	294	16	0	62	34	1933	11138
k__Bacteria;p__Actinobacteria;c__Actinobacteria;o__Bifidobacteriales;f__Bifidobacteriaceae;g__Bifidobacterium;s__kashiwanohense	0	0	0	0	0	0	0	0	0	0	0	0	0	135	0	0	0	0	0	0	0	0	0	0	0	0	0	0	0	0	0	0	0	0	0	0	0	0	0	0	0	0	0	0	0	0	0	0	0	0	982	0	0	0	0	0	0	0	0
k__Bacteria;p__Actinobacteria;c__Actinobacteria;o__Bifidobacteriales;f__Bifidobacteriaceae;g__Bifidobacterium;s__longum	1683	985	3374	3763	20	279	1490	1095	62	144	0	0	769	47443	0	165	2391	3061	679	5161	2998	222	304	50	110	646	1320	3781	3713	166	444	2605	2858	423	0	1609	1910	29	601	61	0	1265	24079	0	75	2367	2159	644	1952	2143	8242	62	156	29	113	586	658	4800	4856
k__Bacteria;p__Actinobacteria;c__Actinobacteria;o__Bifidobacteriales;f__Bifidobacteriaceae;g__Bifidobacterium;s__longum-saguini	0	0	0	0	0	0	0	0	0	0	0	0	0	0	0	0	0	0	0	0	0	0	0	0	0	0	0	0	0	0	0	0	0	19	0	0	0	11	0	0	0	0	0	0	0	0	0	0	0	0	0	0	0	0	0	0	0	0	0
k__Bacteria;p__Actinobacteria;c__Actinobacteria;o__Bifidobacteriales;f__Bifidobacteriaceae;g__Bifidobacterium;s__pullorum	0	0	0	0	0	12	0	0	0	0	0	0	0	0	0	0	0	0	0	0	0	0	0	0	0	0	0	0	0	0	0	0	0	20	0	0	0	0	0	0	0	0	0	0	0	0	0	0	0	0	0	0	0	0	0	0	0	0	0
k__Bacteria;p__Actinobacteria;c__Actinobacteria;o__Bifidobacteriales;f__Bifidobacteriaceae;g__Bifidobacterium;s__pullorum-saeculare	0	0	0	0	0	0	0	0	0	0	0	0	0	0	0	0	0	0	0	0	0	0	0	0	0	0	0	0	0	0	0	0	0	0	0	0	0	0	0	0	0	0	0	0	0	0	0	0	0	0	0	0	0	0	17	0	0	0	0
k__Bacteria;p__Actinobacteria;c__Actinobacteria;o__Bifidobacteriales;f__Bifidobacteriaceae;g__Bifidobacterium;s__saguini	0	0	0	0	0	0	0	0	0	0	0	0	0	0	0	0	0	0	0	0	0	0	0	0	0	0	0	12	0	0	0	0	0	0	0	0	0	0	0	0	0	0	0	0	0	0	0	0	0	0	0	0	0	0	0	0	0	0	0
k__Bacteria;p__Actinobacteria;c__Actinobacteria;o__Bifidobacteriales;f__Bifidobacteriaceae;g__Bifidobacterium;s__sp4971	0	0	0	0	0	0	0	0	0	0	0	0	0	0	0	0	0	0	0	0	0	0	0	0	0	0	0	0	0	0	0	0	0	0	0	0	0	0	0	0	0	0	0	0	0	0	0	0	0	0	0	0	0	0	16	0	0	0	0
k__Bacteria;p__Actinobacteria;c__Coriobacteriia;o__Coriobacteriales;f__Coriobacteriaceae;g__Adlercreutzia-Asaccharobacter;s__celatus-equolifaciens	0	0	0	0	0	0	0	0	0	0	0	0	0	0	0	0	0	0	0	0	0	0	0	0	0	0	0	0	17	0	0	0	0	0	0	0	0	0	0	0	0	0	0	0	0	0	0	0	0	0	0	0	0	0	0	14	0	33	0
k__Bacteria;p__Actinobacteria;c__Coriobacteriia;o__Coriobacteriales;f__Coriobacteriaceae;g__Collinsella-Olsenella;s__intestinalis-sp10464-sp10466	0	0	0	0	0	0	0	0	0	0	0	0	0	0	0	0	0	0	0	0	0	0	0	0	0	0	0	0	0	0	0	0	0	25	0	0	0	0	0	0	0	0	0	0	0	0	0	0	0	0	0	0	0	0	0	0	0	0	0
k__Bacteria;p__Actinobacteria;c__Coriobacteriia;o__Coriobacteriales;f__Coriobacteriaceae;g__Collinsella;s__aerofaciens	14745	6799	12163	12752	7559	8335	3131	147	14103	20738	1761	2078	146	0	3630	6018	8814	14203	121	1525	78	3742	7391	19052	23012	1188	213	7551	7695	13249	3221	10201	13630	6932	8892	1034	1634	8782	16197	1945	1638	52	0	2527	3244	12587	13429	152	41	173	395	3751	4235	13981	23279	1086	1036	14080	8498
k__Bacteria;p__Actinobacteria;c__Coriobacteriia;o__Coriobacteriales;f__Coriobacteriaceae;g__Collinsella;s__intestinalis	0	0	0	0	0	0	0	0	0	0	0	0	0	0	0	0	0	0	0	0	0	0	0	0	0	0	0	0	0	0	0	0	0	18	0	0	0	0	0	0	0	0	0	0	0	0	0	0	0	0	0	0	0	0	0	0	0	0	0
k__Bacteria;p__Actinobacteria;c__Coriobacteriia;o__Coriobacteriales;f__Coriobacteriaceae;g__Collinsella;s__intestinalis-stercoris	0	0	0	0	0	0	0	0	16	0	0	0	0	0	0	0	0	0	0	0	0	0	0	0	0	0	0	0	0	0	0	0	0	0	0	0	0	0	0	0	0	0	0	0	0	0	0	0	0	0	0	0	0	0	0	0	0	0	0
k__Bacteria;p__Actinobacteria;c__Coriobacteriia;o__Coriobacteriales;f__Coriobacteriaceae;g__Collinsella;s__sp10410	0	0	0	0	0	0	0	0	62	19	0	0	0	0	0	0	0	0	0	0	0	0	0	79	12	0	0	0	0	0	0	0	0	63	0	0	0	53	23	0	0	0	0	0	0	0	0	0	0	0	0	0	0	25	22	0	0	0	0
k__Bacteria;p__Actinobacteria;c__Coriobacteriia;o__Coriobacteriales;f__Coriobacteriaceae;g__Denitrobacterium;s__detoxificans-sp10543	0	0	0	0	0	0	16	0	0	0	0	0	0	0	0	0	0	0	0	0	0	0	0	0	0	0	0	0	0	0	0	0	0	0	0	12	12	0	0	0	0	0	0	0	0	0	0	0	0	0	0	0	0	0	0	0	0	0	0
k__Bacteria;p__Actinobacteria;c__Coriobacteriia;o__Coriobacteriales;f__Coriobacteriaceae;g__Eggerthella;s__lenta	279	951	1222	310	379	15	48	0	0	0	1453	77	966	378	325	13	190	31	148	227	265	271	88	25	0	55	0	99	267	674	1164	837	161	365	60	20	20	0	0	682	0	1046	969	147	0	209	27	95	126	243	434	181	147	0	0	45	0	409	36
k__Bacteria;p__Actinobacteria;c__Coriobacteriia;o__Coriobacteriales;f__Coriobacteriaceae;g__Eggerthella;s__sinensis	0	0	0	0	0	0	0	0	0	0	0	0	461	141	0	0	0	0	79	59	0	0	0	0	0	0	0	0	0	0	0	0	0	0	0	0	0	0	0	0	0	457	451	0	0	0	0	33	42	0	0	0	0	0	0	0	0	0	0
k__Bacteria;p__Actinobacteria;c__Coriobacteriia;o__Coriobacteriales;f__Coriobacteriaceae;g__Enterorhabdus;s__caecimuris	0	0	0	0	0	0	43	11	0	0	0	0	0	0	0	0	0	0	0	0	0	0	0	0	0	20	12	0	0	0	0	0	0	17	0	14	38	0	0	0	0	0	0	0	0	0	0	0	0	0	0	0	0	0	0	26	11	0	0
k__Bacteria;p__Actinobacteria;c__Coriobacteriia;o__Coriobacteriales;f__Coriobacteriaceae;g__Gordonibacter;s__faecihominis	0	14	0	0	0	0	0	0	0	0	0	0	0	0	0	0	0	0	0	0	0	0	0	0	0	0	0	0	0	0	14	11	0	0	0	0	0	0	0	0	0	0	0	0	0	0	0	0	0	0	0	0	0	0	0	0	0	0	0
k__Bacteria;p__Actinobacteria;c__Coriobacteriia;o__Coriobacteriales;f__Coriobacteriaceae;g__Gordonibacter;s__pamelaeae	0	0	0	0	37	0	0	0	0	0	0	0	0	0	0	0	0	0	0	0	0	17	14	0	0	0	0	0	0	0	0	0	0	28	20	0	0	0	0	0	0	0	0	0	0	14	0	0	0	0	0	23	13	0	0	0	0	0	0
k__Bacteria;p__Actinobacteria;c__Coriobacteriia;o__Coriobacteriales;f__Coriobacteriaceae;g__NA;s__sp10494	0	0	0	0	0	0	0	0	122	166	0	0	0	0	0	156	0	0	0	0	0	0	0	75	189	0	0	0	0	0	0	0	0	96	0	0	0	91	214	0	0	0	0	0	58	0	0	0	0	0	0	0	0	86	47	0	0	0	0
k__Bacteria;p__Actinobacteria;c__Coriobacteriia;o__Coriobacteriales;f__Coriobacteriaceae;g__NA;s__sp10524	0	0	0	0	0	0	0	0	62	28	0	0	0	0	0	0	0	0	0	0	0	0	0	32	52	0	0	0	0	0	0	0	0	134	0	0	0	64	91	0	0	0	0	0	0	0	0	0	0	0	0	0	0	35	64	0	0	0	0
k__Bacteria;p__Actinobacteria;c__Coriobacteriia;o__Coriobacteriales;f__Coriobacteriaceae;g__Olsenella;s__scatoligenes-sp10465	0	0	0	0	0	0	0	0	85	42	0	0	0	0	0	0	0	0	0	0	0	0	0	31	76	0	0	0	0	0	0	0	0	0	0	0	0	46	105	0	0	0	0	0	0	0	0	0	0	0	0	0	0	43	61	0	0	0	0
k__Bacteria;p__Actinobacteria;c__Coriobacteriia;o__Coriobacteriales;f__Coriobacteriaceae;g__Senegalimassilia;s__anaerobia	0	0	0	0	0	0	57	0	129	77	0	0	0	0	0	0	0	0	0	0	0	0	0	118	128	79	27	0	0	0	0	0	0	20	0	19	35	100	240	0	0	0	0	0	0	0	0	0	0	0	0	0	0	112	78	94	23	0	0
k__Bacteria;p__Actinobacteria;c__Coriobacteriia;o__Coriobacteriales;f__Coriobacteriaceae;g__Slackia;s__isoflavoniconvertens	0	0	0	0	0	0	121	11	0	0	0	0	0	0	0	0	0	0	0	0	0	0	0	0	0	112	0	0	0	0	0	0	0	250	0	43	51	0	0	0	0	0	0	0	0	0	0	0	0	0	0	0	0	0	0	76	13	0	0
k__Bacteria;p__Actinobacteria;c__Coriobacteriia;o__Coriobacteriales;f__Coriobacteriaceae;g__Slackia;s__piriformis	0	0	0	0	0	0	0	0	293	46	0	0	0	0	0	0	0	0	0	0	0	0	0	127	34	0	0	0	0	0	0	0	0	0	0	0	0	194	81	0	0	0	0	0	0	0	0	0	0	0	0	0	0	42	35	0	0	0	0
k__Bacteria;p__Bacteroidetes;c__Bacteroidia;o__Bacteroidales;f__Bacteroidaceae;g__Bacteroides;s__acidifaciens	0	0	0	0	0	0	0	0	0	0	21	0	0	0	39	0	0	0	0	0	0	0	0	0	0	0	0	0	0	0	0	0	0	92	0	0	0	0	0	25	0	0	0	13	0	11	0	0	0	0	0	0	0	0	0	0	0	0	0
k__Bacteria;p__Bacteroidetes;c__Bacteroidia;o__Bacteroidales;f__Bacteroidaceae;g__Bacteroides;s__acidifaciens-caccae	0	20	0	0	0	0	0	0	0	0	0	0	0	0	0	0	0	0	0	0	0	0	0	0	0	0	0	0	0	0	0	0	0	0	0	0	0	0	0	0	0	0	0	0	0	0	0	0	0	0	0	0	0	0	0	0	0	0	0
k__Bacteria;p__Bacteroidetes;c__Bacteroidia;o__Bacteroidales;f__Bacteroidaceae;g__Bacteroides;s__caccae	49	1938	1487	14	164	109	1154	14	618	0	5922	1393	3381	0	3025	1166	1204	0	1520	585	111	3320	616	1316	12	4395	55	197	581	5250	2238	776	24	911	598	248	491	333	0	3779	245	0	0	1255	809	1638	216	638	210	126	24	3571	424	1246	405	3043	437	803	0
k__Bacteria;p__Bacteroidetes;c__Bacteroidia;o__Bacteroidales;f__Bacteroidaceae;g__Bacteroides;s__cellulosilyticus	0	0	0	0	30	13	0	0	0	0	0	0	0	0	0	0	0	0	80	0	0	162	29	0	0	0	0	0	0	0	0	0	0	82	12	0	0	0	0	0	0	0	0	0	0	0	0	93	32	0	0	181	71	0	0	13	0	0	0
k__Bacteria;p__Bacteroidetes;c__Bacteroidia;o__Bacteroidales;f__Bacteroidaceae;g__Bacteroides;s__dorei	0	0	0	0	0	0	0	0	0	0	0	0	0	0	0	0	0	0	71	100	0	0	0	0	0	23	0	0	0	0	0	0	0	0	0	0	11	0	0	0	0	0	0	0	0	0	0	65	146	0	0	0	0	0	0	13	0	0	0
k__Bacteria;p__Bacteroidetes;c__Bacteroidia;o__Bacteroidales;f__Bacteroidaceae;g__Bacteroides;s__eggerthii	0	0	0	0	0	0	0	0	0	0	0	0	0	0	0	0	0	0	36	0	66	0	0	0	0	0	0	0	0	0	0	0	0	0	0	0	0	0	0	0	0	0	0	0	0	0	0	27	0	76	0	0	0	0	0	0	0	0	0
k__Bacteria;p__Bacteroidetes;c__Bacteroidia;o__Bacteroidales;f__Bacteroidaceae;g__Bacteroides;s__faecis	0	0	0	0	0	0	0	0	0	0	0	0	446	0	0	0	20	0	169	334	936	69	90	0	0	0	0	0	0	0	0	0	0	0	0	0	0	0	0	0	0	0	0	0	0	0	0	238	86	1866	64	58	42	16	0	34	0	0	0
k__Bacteria;p__Bacteroidetes;c__Bacteroidia;o__Bacteroidales;f__Bacteroidaceae;g__Bacteroides;s__finegoldii	0	11	0	0	0	0	0	0	0	0	0	0	0	0	0	0	0	0	491	18	179	265	74	23	0	0	0	0	0	0	0	0	0	0	0	0	0	0	0	0	0	0	0	0	0	0	0	274	87	194	0	143	82	0	0	16	0	0	0
k__Bacteria;p__Bacteroidetes;c__Bacteroidia;o__Bacteroidales;f__Bacteroidaceae;g__Bacteroides;s__fragilis	393	1485	1028	92	43	14	0	0	0	0	0	0	0	0	55	0	3195	0	195	65	0	126	63	0	0	0	0	705	2116	1248	2387	599	182	1884	53	0	0	0	0	0	0	0	0	0	0	4103	843	75	0	0	0	92	84	0	0	14	0	2378	0
k__Bacteria;p__Bacteroidetes;c__Bacteroidia;o__Bacteroidales;f__Bacteroidaceae;g__Bacteroides;s__fragilis-ovatus	1126	467	4439	1372	0	0	19	0	29	0	677	308	0	0	336	208	254	0	489	277	44	0	18	32	0	189	0	106	232	547	596	1055	1416	0	0	0	0	28	0	570	67	0	0	194	147	371	151	294	159	24	17	15	0	38	35	157	66	95	0
k__Bacteria;p__Bacteroidetes;c__Bacteroidia;o__Bacteroidales;f__Bacteroidaceae;g__Bacteroides;s__intestinalis	0	0	0	0	0	0	0	0	0	0	0	0	0	0	0	0	0	0	0	0	0	0	0	0	0	65	0	0	0	0	0	0	0	0	0	0	0	0	0	0	0	0	0	0	0	0	0	0	0	0	0	0	0	0	0	89	0	0	0
k__Bacteria;p__Bacteroidetes;c__Bacteroidia;o__Bacteroidales;f__Bacteroidaceae;g__Bacteroides;s__intestinalis-stercorirosoris	0	0	0	0	0	0	0	0	0	0	0	0	0	0	0	0	0	0	0	0	0	0	0	0	0	27	0	0	0	0	0	0	0	0	0	0	0	0	0	0	0	0	0	0	0	0	0	0	0	0	0	0	0	0	0	21	0	0	0
k__Bacteria;p__Bacteroidetes;c__Bacteroidia;o__Bacteroidales;f__Bacteroidaceae;g__Bacteroides;s__massiliensis	0	0	0	0	13	120	0	0	0	0	0	0	0	0	0	0	0	0	222	95	0	715	279	80	0	21	12	0	0	0	0	0	0	60	426	0	0	0	0	0	0	0	0	0	0	0	0	51	21	17	0	545	336	39	47	0	0	0	0
k__Bacteria;p__Bacteroidetes;c__Bacteroidia;o__Bacteroidales;f__Bacteroidaceae;g__Bacteroides;s__nordii	0	0	0	0	0	0	0	0	0	0	0	0	0	0	0	0	0	0	0	0	0	0	0	0	0	0	0	0	0	0	0	0	0	16	0	0	0	0	0	0	0	0	0	0	0	0	0	0	0	0	0	0	0	0	0	0	0	0	0
k__Bacteria;p__Bacteroidetes;c__Bacteroidia;o__Bacteroidales;f__Bacteroidaceae;g__Bacteroides;s__ovatus	234	86	882	303	0	0	41	0	0	0	1517	546	468	0	683	399	16	0	169	59	104	19	19	0	0	375	12	31	53	101	118	199	321	0	0	30	55	0	0	1101	145	0	0	447	284	163	13	82	35	46	0	0	21	0	41	318	221	50	0
k__Bacteria;p__Bacteroidetes;c__Bacteroidia;o__Bacteroidales;f__Bacteroidaceae;g__Bacteroides;s__salyersiae	0	0	0	0	14	0	0	0	0	0	0	0	0	0	0	0	0	0	0	0	0	166	33	0	0	0	0	0	0	0	0	0	0	40	24	0	0	0	0	0	0	0	0	0	0	0	0	0	0	11	0	148	80	0	0	0	0	0	0
k__Bacteria;p__Bacteroidetes;c__Bacteroidia;o__Bacteroidales;f__Bacteroidaceae;g__Bacteroides;s__sp12288-thetaiotaomicron	29	217	127	11	0	0	251	0	0	0	4777	823	0	0	3206	890	12	0	152	215	21	46	37	38	0	886	40	0	0	328	70	194	19	0	0	24	65	19	0	2803	127	0	0	1811	689	0	0	134	209	48	23	48	23	55	95	750	123	0	0
k__Bacteria;p__Bacteroidetes;c__Bacteroidia;o__Bacteroidales;f__Bacteroidaceae;g__Bacteroides;s__sp12293-thetaiotaomicron	0	0	0	0	0	0	0	0	0	0	1223	322	0	0	782	224	0	0	0	0	0	0	0	0	0	0	0	0	0	0	0	0	0	0	0	0	0	0	0	838	0	0	0	444	181	0	0	0	0	0	0	0	0	0	0	0	0	0	0
k__Bacteria;p__Bacteroidetes;c__Bacteroidia;o__Bacteroidales;f__Bacteroidaceae;g__Bacteroides;s__stercorirosoris	0	0	0	0	0	0	0	0	0	0	0	0	0	0	0	0	49	0	0	0	0	0	0	0	0	0	0	17	50	0	0	0	0	0	0	0	0	0	0	0	0	0	0	0	0	85	0	0	0	0	0	0	0	0	0	0	0	30	0
k__Bacteria;p__Bacteroidetes;c__Bacteroidia;o__Bacteroidales;f__Bacteroidaceae;g__Bacteroides;s__stercoris	1465	1619	716	1189	290	0	0	0	39	0	0	0	0	0	0	0	0	0	129	151	102	414	255	98	0	17	0	0	0	459	743	420	2090	351	22	0	0	0	0	0	0	0	0	0	0	0	0	90	66	112	0	345	73	60	0	0	11	0	0
k__Bacteria;p__Bacteroidetes;c__Bacteroidia;o__Bacteroidales;f__Bacteroidaceae;g__Bacteroides;s__thetaiotaomicron	0	0	0	0	0	0	0	0	0	0	0	0	0	0	0	0	0	0	39	0	0	0	0	0	0	0	0	0	0	0	0	0	0	0	0	0	0	0	0	0	0	0	0	0	0	0	0	0	0	0	0	14	13	0	0	0	0	0	0
k__Bacteria;p__Bacteroidetes;c__Bacteroidia;o__Bacteroidales;f__Bacteroidaceae;g__Bacteroides;s__uniformis	1753	4665	216	1564	561	612	58	0	0	0	0	0	301	0	0	0	61	0	398	243	224	943	263	327	0	225	13	0	12	3315	2102	442	1435	1027	1012	23	39	13	0	0	0	0	0	0	0	156	40	340	292	185	0	1029	296	311	359	253	31	0	0
k__Bacteria;p__Bacteroidetes;c__Bacteroidia;o__Bacteroidales;f__Bacteroidaceae;g__Bacteroides;s__vulgatus	7865	2091	868	13234	522	718	971	40	546	0	6823	3311	3786	0	6319	3015	966	0	613	625	507	1536	1541	805	15	2021	47	360	1093	1670	939	369	11067	1172	735	306	444	447	0	2282	464	0	0	3898	1883	1375	181	377	183	542	100	855	849	535	308	1653	394	662	0
k__Bacteria;p__Bacteroidetes;c__Bacteroidia;o__Bacteroidales;f__Bacteroidaceae;g__Bacteroides;s__xylanisolvens	598	306	20	939	115	291	26	0	0	0	1394	474	113	0	624	366	0	0	710	351	279	373	234	0	0	116	11	0	0	267	218	25	1001	169	159	11	11	0	0	1046	114	0	0	379	290	0	0	441	76	211	25	329	133	0	0	154	38	0	0
k__Bacteria;p__Bacteroidetes;c__Bacteroidia;o__Bacteroidales;f__NA;g__NA;s__sp12662	0	0	0	0	0	0	0	0	0	0	0	0	0	0	0	0	0	0	0	0	0	0	0	0	0	20	0	0	0	0	0	0	0	0	0	0	0	0	0	0	0	0	0	0	0	0	0	0	0	0	0	0	0	0	0	23	0	0	0
k__Bacteria;p__Bacteroidetes;c__Bacteroidia;o__Bacteroidales;f__Porphyromonadaceae;g__Barnesiella;s__intestinihominis	0	0	0	0	0	0	0	0	0	0	0	0	0	0	0	0	0	0	0	0	0	0	0	0	0	0	0	0	0	0	0	0	0	11	0	0	0	0	0	0	0	0	0	0	0	0	0	0	0	0	0	0	0	0	0	0	0	0	0
k__Bacteria;p__Bacteroidetes;c__Bacteroidia;o__Bacteroidales;f__Porphyromonadaceae;g__Barnesiella;s__sp13054	0	0	0	0	0	0	0	0	0	0	0	0	0	0	0	0	45	0	187	12	53	20	0	0	0	0	0	0	37	0	0	0	0	0	0	0	0	0	0	0	0	0	0	0	0	120	0	109	26	0	0	0	0	0	0	0	0	0	0
k__Bacteria;p__Bacteroidetes;c__Bacteroidia;o__Bacteroidales;f__Porphyromonadaceae;g__Butyricimonas;s__paravirosa	0	0	0	0	0	0	0	0	12	0	0	0	0	0	0	0	0	0	0	0	0	29	0	0	0	0	0	0	0	0	0	0	0	0	0	0	0	0	0	0	0	0	0	0	0	0	0	0	0	0	0	19	0	12	0	0	0	0	0
k__Bacteria;p__Bacteroidetes;c__Bacteroidia;o__Bacteroidales;f__Porphyromonadaceae;g__Butyricimonas;s__sp13062	0	0	0	0	14	0	0	0	0	0	0	0	0	0	0	0	0	0	0	0	0	21	0	0	0	0	0	0	0	0	0	0	0	23	0	0	0	0	0	0	0	0	0	0	0	0	0	0	0	0	0	16	0	0	0	0	0	0	0
k__Bacteria;p__Bacteroidetes;c__Bacteroidia;o__Bacteroidales;f__Porphyromonadaceae;g__Butyricimonas;s__virosa	0	0	0	0	0	0	0	0	47	0	0	0	0	0	0	0	0	0	20	0	0	86	0	49	0	0	0	0	0	0	0	0	0	45	0	0	0	30	0	0	0	0	0	0	0	0	0	0	0	0	0	60	0	45	0	0	0	0	0
k__Bacteria;p__Bacteroidetes;c__Bacteroidia;o__Bacteroidales;f__Porphyromonadaceae;g__Odoribacter;s__sp13171	0	0	44	0	0	0	25	0	11	0	0	0	147	0	0	0	0	0	82	0	73	14	0	11	0	102	0	0	0	0	0	38	0	0	0	0	0	11	0	0	0	0	0	0	0	0	0	49	0	87	0	14	0	0	0	97	0	0	0
k__Bacteria;p__Bacteroidetes;c__Bacteroidia;o__Bacteroidales;f__Porphyromonadaceae;g__Parabacteroides;s__distasonis	321	3107	3445	304	1604	500	416	0	364	0	0	0	575	0	18	0	810	0	571	540	524	1057	670	462	0	556	19	263	744	7580	2369	4762	692	942	8808	116	196	930	0	7062	0	0	0	0	0	2918	481	1545	396	1292	87	2919	3959	818	2166	2105	391	697	0
k__Bacteria;p__Bacteroidetes;c__Bacteroidia;o__Bacteroidales;f__Porphyromonadaceae;g__Parabacteroides;s__goldsteinii	0	0	0	0	376	34	0	0	45	0	0	0	0	0	0	0	0	0	212	0	0	984	122	37	0	78	0	0	0	0	0	0	0	83	87	0	0	74	0	0	0	0	0	0	0	0	0	104	0	36	0	970	94	63	98	49	19	0	0
k__Bacteria;p__Bacteroidetes;c__Bacteroidia;o__Bacteroidales;f__Porphyromonadaceae;g__Parabacteroides;s__merdae	0	97	60	0	0	0	204	0	192	0	0	0	0	0	0	0	0	0	918	1092	497	129	90	250	0	523	0	0	0	28	61	73	0	126	0	54	100	169	0	0	0	0	0	0	0	0	0	1214	743	508	58	112	160	278	310	1088	178	0	0
k__Bacteria;p__Bacteroidetes;c__Bacteroidia;o__Bacteroidales;f__Porphyromonadaceae;g__Parabacteroides;s__sp13286	0	0	0	0	0	0	0	0	0	0	0	0	0	0	0	0	0	0	0	11	0	0	0	0	0	0	0	0	0	0	0	0	0	0	0	0	0	0	0	0	0	0	0	0	0	0	0	0	0	0	0	0	0	0	0	0	0	0	0
k__Bacteria;p__Bacteroidetes;c__Bacteroidia;o__Bacteroidales;f__Prevotellaceae;g__NA;s__sp13885	0	0	0	0	0	0	0	0	0	0	0	0	0	0	0	0	0	0	0	0	0	0	0	0	0	0	0	0	0	0	0	0	0	0	0	0	0	0	0	0	0	0	0	0	0	0	0	11	0	0	0	0	0	0	0	0	0	0	0
k__Bacteria;p__Bacteroidetes;c__Bacteroidia;o__Bacteroidales;f__Prevotellaceae;g__NA;s__sp13896	0	0	0	0	0	0	0	0	0	0	0	0	0	0	0	0	0	0	0	0	0	0	0	0	0	0	0	0	0	0	0	0	0	0	0	0	0	0	0	0	0	0	0	0	0	0	0	0	0	0	0	0	0	0	0	0	183	0	0
k__Bacteria;p__Bacteroidetes;c__Bacteroidia;o__Bacteroidales;f__Prevotellaceae;g__NA;s__sp13896-sp13916	0	0	0	0	0	0	38	0	0	0	0	0	0	0	0	0	0	0	0	0	0	0	12	0	0	21	0	0	0	0	0	0	0	0	0	20	31	0	0	0	0	0	0	0	0	0	0	0	62	0	0	0	26	0	0	22	853	0	0
k__Bacteria;p__Bacteroidetes;c__Bacteroidia;o__Bacteroidales;f__Prevotellaceae;g__NA;s__sp13940	0	0	0	0	0	0	0	0	0	0	0	0	0	0	0	0	0	0	0	0	0	0	0	0	0	44	0	0	0	0	0	0	0	0	0	0	0	0	0	0	0	0	0	0	0	0	0	0	0	0	0	0	0	0	0	16	35	0	0
k__Bacteria;p__Bacteroidetes;c__Bacteroidia;o__Bacteroidales;f__Prevotellaceae;g__NA;s__sp13942	0	0	0	0	0	0	0	0	0	0	0	0	0	0	0	0	0	0	0	0	0	0	0	0	0	0	0	0	0	0	0	0	0	0	0	0	0	0	11	0	0	0	0	0	0	0	0	0	0	0	0	0	0	0	27	0	0	0	0
k__Bacteria;p__Bacteroidetes;c__Bacteroidia;o__Bacteroidales;f__Prevotellaceae;g__Prevotella;s__copri	0	0	0	0	0	0	0	0	0	0	0	0	0	0	0	0	0	0	0	0	0	0	0	0	0	0	0	0	0	0	0	0	0	0	0	0	0	0	0	0	0	0	0	0	0	0	0	0	0	0	0	0	0	0	0	0	334	0	0
k__Bacteria;p__Bacteroidetes;c__Bacteroidia;o__Bacteroidales;f__Prevotellaceae;g__Prevotella;s__copri-sp13942	0	0	0	0	0	0	0	0	0	0	0	0	0	0	0	0	0	0	0	0	0	0	0	0	0	0	0	0	0	0	0	0	0	0	0	0	0	0	0	0	0	0	0	0	0	0	0	0	0	0	0	0	0	0	26	0	123	0	0
k__Bacteria;p__Bacteroidetes;c__Bacteroidia;o__Bacteroidales;f__Rikenellaceae;g__Alistipes;s__finegoldii	0	32	19	0	0	0	0	0	0	0	134	0	0	0	105	0	66	0	58	0	26	20	0	26	0	28	0	0	19	20	30	16	0	21	0	0	0	0	0	14	0	0	0	24	0	102	0	30	0	13	0	19	0	0	0	20	0	16	0
k__Bacteria;p__Bacteroidetes;c__Bacteroidia;o__Bacteroidales;f__Rikenellaceae;g__Alistipes;s__indistinctus	0	0	0	0	0	0	0	0	13	0	0	0	0	0	0	0	0	0	0	0	0	0	0	13	0	0	0	0	0	0	0	0	0	0	0	0	0	0	0	0	0	0	0	0	0	0	0	0	0	0	0	0	0	17	11	0	0	0	0
k__Bacteria;p__Bacteroidetes;c__Bacteroidia;o__Bacteroidales;f__Rikenellaceae;g__Alistipes;s__onderdonkii	0	37	44	0	68	0	141	0	0	0	84	20	336	0	269	21	170	0	35	0	36	35	19	0	0	55	0	81	227	51	39	21	0	34	14	11	33	0	0	98	0	0	0	1545	16	326	0	18	15	29	0	33	15	0	0	78	0	127	0
k__Bacteria;p__Bacteroidetes;c__Bacteroidia;o__Bacteroidales;f__Rikenellaceae;g__Alistipes;s__putredinis	0	0	0	0	22	0	0	0	0	0	33	0	156	0	33	0	13	0	89	0	25	34	0	0	0	0	0	0	18	0	0	0	0	26	0	0	0	0	0	85	0	0	0	30	0	24	0	26	0	26	0	30	0	0	0	0	0	17	0
k__Bacteria;p__Bacteroidetes;c__Bacteroidia;o__Bacteroidales;f__Rikenellaceae;g__Alistipes;s__senegalensis	0	0	0	0	0	0	0	0	0	0	0	0	22	0	0	0	0	0	0	0	0	0	0	0	0	0	0	0	0	0	0	0	0	0	0	0	0	0	0	0	0	0	0	0	0	0	0	0	0	0	0	0	0	0	0	0	0	0	0
k__Bacteria;p__Bacteroidetes;c__Bacteroidia;o__Bacteroidales;f__Rikenellaceae;g__Alistipes;s__shahii	0	31	53	0	38	0	18	0	28	0	0	0	0	0	0	0	0	0	130	23	24	101	33	27	0	31	0	0	0	17	26	32	0	71	0	0	0	24	0	0	0	0	0	0	0	0	0	47	0	35	0	82	34	11	13	48	0	0	0
k__Bacteria;p__Bacteroidetes;c__Bacteroidia;o__Bacteroidales;f__Rikenellaceae;g__Alistipes;s__sp14363	0	0	0	0	0	0	0	0	130	0	0	0	0	0	0	0	0	0	0	0	0	0	0	11	0	19	0	0	0	0	0	0	0	0	0	0	0	79	0	0	0	0	0	0	0	0	0	0	0	0	0	0	0	25	20	27	0	0	0
k__Bacteria;p__Bacteroidetes;c__Bacteroidia;o__Bacteroidales;f__Rikenellaceae;g__Alistipes;s__sp14388	0	0	0	0	33	0	0	0	0	0	0	0	0	0	0	0	0	0	0	0	31	20	0	0	0	0	0	0	0	0	0	0	0	19	0	0	0	0	0	0	0	0	0	0	0	0	0	0	0	20	0	15	0	0	0	0	0	0	0
k__Bacteria;p__Bacteroidetes;c__Bacteroidia;o__Bacteroidales;f__Rikenellaceae;g__NA;s__sp14461	0	0	0	0	0	0	0	0	0	0	0	0	0	0	0	0	0	0	18	33	16	0	0	0	0	0	0	0	0	0	0	0	0	0	0	0	0	0	0	0	0	0	0	0	0	0	0	22	12	15	0	0	0	0	0	0	0	0	0
k__Bacteria;p__Firmicutes;c__Bacilli;o__Bacillales;f__Bacillaceae;g__Bacillus;s__NA	0	0	0	0	0	0	0	0	0	0	0	0	22	46	0	0	0	0	0	0	0	0	0	0	0	0	0	0	0	0	0	0	0	0	0	0	0	0	0	0	0	0	124	0	0	0	0	0	0	0	0	0	0	0	0	0	0	0	0
k__Bacteria;p__Firmicutes;c__Bacilli;o__Bacillales;f__Paenibacillaceae;g__Paenibacillus;s__borealis	18	51	0	0	33	19	26	48	0	0	0	0	0	0	159	45	0	0	0	0	0	0	0	17	42	0	0	0	0	0	55	0	0	23	31	27	32	0	0	0	0	0	0	54	22	14	0	0	0	0	0	0	0	41	26	0	0	0	0
k__Bacteria;p__Firmicutes;c__Bacilli;o__Lactobacillales;f__Carnobacteriaceae;g__Carnobacterium;s__mobile	5063	8489	0	0	3425	592	2997	276	0	0	0	0	0	0	10850	6653	341	190	0	0	0	0	0	2975	1092	0	0	0	0	1200	9713	0	0	3089	828	1784	3047	0	0	0	0	0	0	8108	3462	817	113	0	0	0	0	0	0	4000	460	0	0	0	0
k__Bacteria;p__Firmicutes;c__Bacilli;o__Lactobacillales;f__Enterococcaceae;g__Enterococcus;s__NA	0	27	0	53	0	0	0	0	513	188	610	652	0	0	205	1005	0	0	0	0	0	0	0	43	1424	0	0	0	0	0	0	0	0	0	0	0	0	404	228	188	99	0	0	129	572	0	0	0	0	0	0	0	0	327	380	0	0	0	0
k__Bacteria;p__Firmicutes;c__Bacilli;o__Lactobacillales;f__Enterococcaceae;g__Enterococcus;s__avium	0	0	0	0	0	0	0	0	0	0	0	0	0	0	0	0	0	0	0	0	0	0	0	0	0	0	0	0	0	0	0	0	0	0	0	0	0	0	0	0	0	0	0	0	0	0	0	11	0	0	0	0	0	0	0	0	0	0	0
k__Bacteria;p__Firmicutes;c__Bacilli;o__Lactobacillales;f__Enterococcaceae;g__Enterococcus;s__faecalis	0	0	0	0	0	0	0	0	0	0	0	0	0	0	0	15	0	0	0	0	0	0	0	0	0	0	0	0	0	0	0	0	0	0	0	0	0	0	0	0	0	0	0	12	0	11	0	0	0	0	0	0	0	0	0	0	0	0	0
k__Bacteria;p__Firmicutes;c__Bacilli;o__Lactobacillales;f__Enterococcaceae;g__Enterococcus;s__faecium	0	0	0	0	0	0	0	0	33	0	0	0	0	0	0	0	0	0	0	0	0	0	0	0	0	0	0	0	0	0	0	0	0	0	0	0	0	0	0	0	0	0	0	0	0	0	0	0	0	0	0	0	0	0	0	0	0	0	0
k__Bacteria;p__Firmicutes;c__Bacilli;o__Lactobacillales;f__Enterococcaceae;g__Enterococcus;s__faecium-lactis	12	0	86	280	0	0	0	0	0	0	0	0	0	0	0	0	0	0	0	0	0	0	0	0	0	0	0	0	0	0	0	0	44	0	0	0	0	0	0	0	0	0	0	0	0	0	0	0	0	0	0	0	0	0	0	0	0	0	0
k__Bacteria;p__Firmicutes;c__Bacilli;o__Lactobacillales;f__Lactobacillaceae;g__Lactobacillus;s__fermentum	0	0	0	0	0	0	0	0	0	0	0	0	0	0	0	19	0	0	0	0	0	0	0	0	0	0	0	0	0	0	0	0	0	0	0	0	0	0	0	0	0	0	0	0	0	0	0	0	0	0	0	0	0	0	0	0	0	0	0
k__Bacteria;p__Firmicutes;c__Bacilli;o__Lactobacillales;f__Lactobacillaceae;g__Lactobacillus;s__gasseri	147	0	0	0	0	0	0	0	0	0	0	0	0	0	0	0	0	24	0	0	0	0	0	0	0	0	0	52	24	0	0	0	0	0	0	0	0	0	0	0	0	0	0	0	0	0	0	0	0	0	28	0	0	0	0	0	0	0	16
k__Bacteria;p__Firmicutes;c__Bacilli;o__Lactobacillales;f__Lactobacillaceae;g__Lactobacillus;s__rhamnosus	0	0	0	0	0	0	0	0	0	0	0	0	0	0	0	0	0	0	0	0	0	0	0	0	0	0	0	0	0	0	0	0	0	0	0	0	0	0	0	0	0	0	0	0	0	0	0	0	0	0	0	0	0	0	0	0	0	0	165
k__Bacteria;p__Firmicutes;c__Bacilli;o__Lactobacillales;f__Lactobacillaceae;g__Lactobacillus;s__ruminis	61	15	0	0	0	0	74	749	0	398	0	0	0	0	0	0	0	125	0	0	0	0	0	0	1276	28	604	0	0	0	0	0	0	0	0	278	384	0	1833	0	0	0	0	0	0	0	0	0	0	0	0	0	0	280	125	33	0	0	0
k__Bacteria;p__Firmicutes;c__Bacilli;o__Lactobacillales;f__Lactobacillaceae;g__Pediococcus;s__acidilactici-lolii	0	0	0	0	0	0	0	0	0	0	0	0	0	1309	0	0	0	0	0	0	0	0	0	0	0	0	0	0	0	0	0	0	0	0	0	0	0	0	0	0	0	0	74	0	0	0	0	0	0	0	0	0	0	0	0	0	0	0	0
k__Bacteria;p__Firmicutes;c__Bacilli;o__Lactobacillales;f__Leuconostocaceae;g__Leuconostoc;s__carnosum	0	0	0	0	0	0	0	0	0	0	0	0	0	0	0	0	13	0	0	0	0	0	0	0	0	0	0	0	0	0	0	0	0	0	0	0	0	0	0	0	0	0	0	0	0	16	0	0	0	0	0	0	0	0	0	0	0	23	0
k__Bacteria;p__Firmicutes;c__Bacilli;o__Lactobacillales;f__Leuconostocaceae;g__Weissella;s__cibaria-confusa	0	0	0	0	0	0	0	0	0	0	0	0	0	0	0	0	0	0	0	0	0	0	0	0	0	0	0	0	0	0	0	0	0	0	0	0	0	0	0	0	0	0	0	0	0	12	0	0	0	0	0	0	0	0	0	0	0	0	0
k__Bacteria;p__Firmicutes;c__Bacilli;o__Lactobacillales;f__NA;g__NA;s__NA	0	0	0	0	0	0	0	0	0	0	0	0	0	0	0	0	0	0	0	0	0	0	0	0	0	0	0	0	0	0	0	0	0	0	0	0	0	0	0	0	0	0	0	0	0	0	0	0	0	0	0	0	0	0	0	0	13	0	0
k__Bacteria;p__Firmicutes;c__Bacilli;o__Lactobacillales;f__Streptococcaceae;g__Lactococcus;s__lactis	0	15	25	11	0	0	0	0	0	0	0	0	16	33	0	0	16	0	0	0	0	0	0	0	0	0	0	0	19	0	18	18	11	14	0	0	0	0	0	0	0	0	29	0	0	16	0	0	0	0	0	0	0	0	0	0	0	15	26
k__Bacteria;p__Firmicutes;c__Bacilli;o__Lactobacillales;f__Streptococcaceae;g__Streptococcus;s__NA	0	0	0	0	0	0	18	0	0	0	0	0	0	0	0	0	0	0	0	0	0	0	0	0	0	0	0	0	0	0	0	0	0	0	0	0	0	0	0	0	0	0	0	0	0	0	0	0	0	0	0	0	0	0	0	0	0	0	0
k__Bacteria;p__Firmicutes;c__Bacilli;o__Lactobacillales;f__Streptococcaceae;g__Streptococcus;s__equinus	0	0	0	0	0	0	0	0	0	0	0	0	0	0	0	0	0	0	0	0	0	0	0	0	0	0	0	0	0	0	0	0	0	0	0	20	0	0	0	0	0	0	0	0	0	0	0	0	0	0	0	0	0	0	0	0	0	0	0
k__Bacteria;p__Firmicutes;c__Bacilli;o__Lactobacillales;f__Streptococcaceae;g__Streptococcus;s__equinus-infantarius-lutetiensis	0	0	0	0	0	0	20268	38710	0	0	0	0	0	0	0	0	0	0	0	11	13	40	749	0	0	6754	23816	0	0	0	0	0	0	0	0	17959	18554	0	0	0	0	0	0	0	0	0	0	26	0	0	15	23	56	0	0	4775	30594	0	0
k__Bacteria;p__Firmicutes;c__Bacilli;o__Lactobacillales;f__Streptococcaceae;g__Streptococcus;s__infantis-sanguinis	0	0	0	0	0	0	0	0	0	0	0	0	0	0	0	0	0	11	0	0	0	0	0	0	0	0	0	0	0	0	0	0	0	0	0	0	0	0	0	0	0	0	0	0	0	0	0	0	0	0	0	0	0	0	0	0	0	0	0
k__Bacteria;p__Firmicutes;c__Bacilli;o__Lactobacillales;f__Streptococcaceae;g__Streptococcus;s__loxodontisalivarius-saliviloxodontae	0	0	0	0	0	0	0	0	0	0	0	18	0	0	0	0	0	0	0	0	0	0	0	0	0	0	0	0	0	0	0	0	0	0	0	0	0	0	0	0	0	0	0	0	0	0	0	0	0	0	0	0	0	0	0	0	0	0	0
k__Bacteria;p__Firmicutes;c__Bacilli;o__Lactobacillales;f__Streptococcaceae;g__Streptococcus;s__oralis-parasanguinis	12	12	0	0	0	0	0	0	0	0	0	0	0	11	0	0	0	0	0	0	0	0	0	0	0	0	0	0	0	0	0	16	0	0	0	0	0	0	0	0	0	0	0	0	0	0	0	0	0	0	0	0	0	0	0	0	0	0	0
k__Bacteria;p__Firmicutes;c__Bacilli;o__Lactobacillales;f__Streptococcaceae;g__Streptococcus;s__parasanguinis	13	26	12	0	0	0	0	0	0	0	12	14	0	13	12	0	0	0	0	0	0	0	0	0	0	0	0	0	0	0	0	11	0	0	0	0	0	0	0	12	0	0	0	0	0	0	0	0	0	0	0	0	0	0	0	0	0	0	0
k__Bacteria;p__Firmicutes;c__Bacilli;o__Lactobacillales;f__Streptococcaceae;g__Streptococcus;s__salivarius-thermophilus	0	49	47	0	0	0	0	0	0	0	140	47	0	126	0	58	82	130	0	0	0	0	0	0	0	0	0	130	148	0	0	27	0	0	0	0	0	0	0	81	0	0	89	53	0	136	92	0	0	0	0	0	0	0	0	0	0	238	202
k__Bacteria;p__Firmicutes;c__Bacilli;o__Lactobacillales;f__Streptococcaceae;g__Streptococcus;s__salivarius-vestibularis	67	221	69	49	108	45	0	0	0	0	90	45	50	110	85	51	30	0	14	0	14	63	28	0	0	0	0	0	36	54	98	63	63	68	67	0	0	0	0	75	44	69	74	81	43	74	27	0	12	0	62	46	22	0	0	0	0	55	61
k__Bacteria;p__Firmicutes;c__Clostridia;o__Clostridiales;f__Christensenellaceae;g__Catabacter;s__hongkongensis	0	0	0	0	32	0	0	0	16	0	0	0	0	0	0	0	0	0	0	0	0	0	0	0	0	0	0	0	0	0	13	0	0	19	0	0	0	13	0	0	0	0	0	0	0	12	0	0	0	0	0	0	0	0	0	0	0	12	0
k__Bacteria;p__Firmicutes;c__Clostridia;o__Clostridiales;f__Christensenellaceae;g__NA;s__sp30156	0	0	0	0	0	0	0	0	0	0	0	0	0	0	0	0	0	0	0	0	0	13	0	0	0	0	0	0	0	0	0	0	0	0	0	0	0	0	0	0	0	0	0	0	0	0	0	0	0	0	0	0	0	0	0	0	0	0	0
k__Bacteria;p__Firmicutes;c__Clostridia;o__Clostridiales;f__Christensenellaceae;g__NA;s__sp30164	0	0	0	0	0	0	11	0	32	0	0	0	0	0	0	0	0	0	0	0	0	0	0	0	0	17	0	0	0	0	0	0	0	0	0	0	0	40	0	0	0	0	0	0	0	0	0	0	0	0	0	0	0	0	0	26	0	0	0
k__Bacteria;p__Firmicutes;c__Clostridia;o__Clostridiales;f__Christensenellaceae;g__NA;s__sp30221	0	0	0	0	11	0	0	0	0	0	0	0	0	0	0	0	0	0	0	0	0	0	0	0	0	17	0	0	0	0	0	0	0	0	0	0	0	0	0	0	0	0	0	0	0	0	0	0	0	0	0	0	0	0	0	16	0	0	0
k__Bacteria;p__Firmicutes;c__Clostridia;o__Clostridiales;f__Christensenellaceae;g__NA;s__sp30266	0	0	0	0	0	0	37	0	0	0	0	0	0	0	0	0	0	0	0	0	0	0	0	0	0	65	0	0	0	0	0	0	0	0	0	0	0	0	0	0	0	0	0	0	0	0	0	0	0	0	0	0	0	0	0	31	0	0	0
k__Bacteria;p__Firmicutes;c__Clostridia;o__Clostridiales;f__Christensenellaceae;g__NA;s__sp30326	0	20	0	0	0	0	0	0	11	0	0	0	0	0	0	0	0	0	0	0	0	14	0	0	0	12	0	0	0	0	0	0	0	0	0	0	0	0	0	0	0	0	0	0	0	0	0	0	0	0	0	0	0	0	0	0	0	0	0
k__Bacteria;p__Firmicutes;c__Clostridia;o__Clostridiales;f__Christensenellaceae;g__NA;s__sp30384	0	0	0	0	0	0	0	0	48	0	0	0	0	0	0	0	0	0	0	0	0	0	0	18	0	0	0	0	0	0	0	0	0	0	0	0	0	11	0	0	0	0	0	0	0	0	0	0	0	0	0	0	0	0	0	0	0	0	0
k__Bacteria;p__Firmicutes;c__Clostridia;o__Clostridiales;f__Christensenellaceae;g__NA;s__sp30398	14	0	11	0	57	0	425	47	32	0	0	0	0	0	0	0	0	0	37	26	28	67	15	0	0	254	0	0	0	0	22	0	0	54	0	229	392	30	0	0	0	0	0	0	0	0	0	13	0	33	0	50	0	0	0	240	30	0	0
k__Bacteria;p__Firmicutes;c__Clostridia;o__Clostridiales;f__Christensenellaceae;g__NA;s__sp30399	0	0	0	0	0	0	41	0	34	0	0	0	0	0	0	0	0	0	0	0	0	0	0	0	0	94	0	0	0	0	0	0	0	0	0	14	52	20	0	0	0	0	0	0	0	0	0	0	0	0	0	0	0	0	0	161	11	0	0
k__Bacteria;p__Firmicutes;c__Clostridia;o__Clostridiales;f__Christensenellaceae;g__NA;s__sp30402	0	0	0	0	0	0	0	0	0	0	0	0	0	0	0	0	0	0	0	0	0	13	0	0	0	0	0	0	0	0	0	0	0	0	0	0	0	0	0	0	0	0	0	0	0	0	0	0	0	0	0	0	0	0	0	0	0	0	0
k__Bacteria;p__Firmicutes;c__Clostridia;o__Clostridiales;f__Christensenellaceae;g__NA;s__sp30418	0	0	0	0	0	0	0	0	14	0	0	0	0	0	0	0	0	0	0	0	0	0	0	0	0	0	0	0	0	0	0	0	0	0	0	0	0	0	0	0	0	0	0	0	0	0	0	0	0	0	0	0	0	0	0	0	0	0	0
k__Bacteria;p__Firmicutes;c__Clostridia;o__Clostridiales;f__Christensenellaceae;g__NA;s__sp30424	0	0	0	0	71	0	67	13	37	0	0	0	528	17	0	0	0	0	1487	177	0	94	0	0	0	164	0	0	0	0	0	0	0	82	0	42	44	36	0	0	0	190	0	0	0	0	0	791	89	26	0	92	14	0	0	193	0	0	0
k__Bacteria;p__Firmicutes;c__Clostridia;o__Clostridiales;f__Christensenellaceae;g__NA;s__sp30441	0	0	0	0	0	0	0	0	0	0	0	0	0	0	0	0	0	0	0	0	100	0	0	0	0	0	0	0	0	0	0	0	0	0	0	0	0	0	0	0	0	0	0	0	0	0	0	0	0	28	0	0	0	0	0	0	0	0	0
k__Bacteria;p__Firmicutes;c__Clostridia;o__Clostridiales;f__Clostridiaceae;g__Clostridium-Sarcina;s__perfringens-sp30952	0	0	0	0	0	0	0	0	0	0	0	0	0	0	0	0	0	0	0	0	0	0	0	0	0	0	0	0	0	0	0	0	0	0	0	0	0	0	0	0	19	0	0	0	0	0	0	0	0	0	0	0	0	0	0	0	0	0	0
k__Bacteria;p__Firmicutes;c__Clostridia;o__Clostridiales;f__Clostridiaceae;g__Clostridium;s__botulinum	0	0	0	0	0	0	0	0	0	0	0	0	0	0	0	0	0	0	0	0	0	0	0	0	0	0	0	0	0	0	0	0	0	0	0	0	0	0	0	0	0	0	0	0	0	0	0	0	0	0	0	0	0	25	0	0	0	0	0
k__Bacteria;p__Firmicutes;c__Clostridia;o__Clostridiales;f__Clostridiaceae;g__Clostridium;s__butyricum	0	0	0	0	0	0	0	0	0	0	0	0	0	51	0	0	0	0	52	0	0	0	0	0	0	0	11	375	1199	0	0	0	0	36	0	318	391	0	0	0	0	129	15680	0	0	0	0	0	0	0	0	0	0	0	0	33	47	0	0
k__Bacteria;p__Firmicutes;c__Clostridia;o__Clostridiales;f__Clostridiaceae;g__Clostridium;s__celatum	0	0	0	0	708	225	68	122	71	4335	141	0	2185	8452	0	0	0	0	610	48	0	295	104	277	221	83	39	0	0	0	0	0	0	2304	153	48	84	142	3741	0	0	2296	2095	0	0	0	0	47	99	32	225	488	293	330	71	71	35	0	0
k__Bacteria;p__Firmicutes;c__Clostridia;o__Clostridiales;f__Clostridiaceae;g__Clostridium;s__celatum-quinii	0	0	0	0	0	0	0	0	0	0	0	0	0	0	0	0	0	0	0	0	0	0	0	0	0	0	0	0	0	0	0	0	0	0	0	0	0	0	0	0	0	0	0	0	0	0	0	0	0	0	0	13	0	0	0	0	0	0	0
k__Bacteria;p__Firmicutes;c__Clostridia;o__Clostridiales;f__Clostridiaceae;g__Clostridium;s__celatum-sp30555	0	0	0	0	0	0	0	0	0	0	0	0	0	0	0	0	0	0	82	0	0	315	0	0	0	83	0	0	0	0	0	0	0	55	0	0	0	0	0	0	0	0	0	0	0	0	0	73	55	0	16	362	0	0	0	84	0	0	0
k__Bacteria;p__Firmicutes;c__Clostridia;o__Clostridiales;f__Clostridiaceae;g__Clostridium;s__paraputrificum	0	3294	160	34	0	0	100	0	0	0	0	0	2548	636	0	44	0	0	648	535	236	389	17	445	0	69	0	0	0	996	0	35	0	427	0	19	39	0	0	268	0	3996	2627	0	24	0	0	429	799	197	16	548	77	548	466	88	0	0	0
k__Bacteria;p__Firmicutes;c__Clostridia;o__Clostridiales;f__Clostridiaceae;g__Clostridium;s__perfringens	0	0	0	0	845	6719	0	0	555	377	386	77397	2965	5804	1075	31872	0	18	21	78	0	163	218	148	1668	0	21	20	41	0	0	0	0	5451	1644	0	0	482	539	14082	43817	8688	1263	2122	17921	28	0	55	40	0	186	144	1650	1121	716	114	67	0	218
k__Bacteria;p__Firmicutes;c__Clostridia;o__Clostridiales;f__Clostridiaceae;g__Clostridium;s__sartagoforme	0	0	0	0	33	36	0	0	0	0	0	0	0	0	0	0	0	0	0	0	0	0	0	0	0	0	0	0	0	0	0	0	0	34	16	0	0	0	0	0	0	0	0	0	0	0	0	0	0	0	0	0	0	0	0	0	0	0	0
k__Bacteria;p__Firmicutes;c__Clostridia;o__Clostridiales;f__Clostridiaceae;g__Clostridium;s__subterminale-sulfidigenes-thiosulfatireducens	0	24	0	0	0	0	0	0	0	0	0	0	0	0	153	0	89	0	93	0	0	70	0	130	0	0	0	0	0	0	0	0	0	0	0	0	0	0	0	0	0	0	0	107	0	72	0	88	0	0	0	23	0	59	0	0	0	0	0
k__Bacteria;p__Firmicutes;c__Clostridia;o__Clostridiales;f__Clostridiaceae;g__Clostridium;s__tertium	0	415	0	0	157	0	0	0	0	0	4668	44	4098	2151	11168	732	1428	0	5906	4588	2098	7529	3399	174	0	3810	194	0	0	0	14321	281	0	1382	0	0	0	0	0	2753	86	10252	2119	3002	505	1251	17	3923	5282	2512	1209	6737	4000	235	93	3572	64	0	0
k__Bacteria;p__Firmicutes;c__Clostridia;o__Clostridiales;f__Clostridiaceae;g__Clostridium;s__vulturis	0	0	0	0	0	0	0	0	33	0	0	0	0	0	0	0	0	0	0	0	0	0	0	0	0	0	0	0	0	0	0	0	0	0	0	0	0	0	0	0	0	0	0	0	0	0	0	0	0	0	0	0	0	0	0	0	0	0	0
k__Bacteria;p__Firmicutes;c__Clostridia;o__Clostridiales;f__Defluviitaleaceae;g__NA;s__sp31146	0	0	0	0	0	0	0	0	0	0	0	0	0	0	0	0	0	0	0	0	0	20	0	0	0	0	0	0	0	0	0	0	0	0	0	0	0	0	0	0	0	0	0	0	0	0	0	0	0	0	0	19	0	0	0	0	0	0	0
k__Bacteria;p__Firmicutes;c__Clostridia;o__Clostridiales;f__Eubacteriaceae;g__Anaerofustis;s__stercorihominis	0	0	0	0	0	0	0	0	0	0	0	0	0	0	0	0	0	0	0	0	0	0	0	0	0	0	0	0	0	0	0	14	0	0	0	0	0	0	0	0	0	0	0	0	0	0	0	0	0	0	0	0	0	0	0	0	0	0	0
k__Bacteria;p__Firmicutes;c__Clostridia;o__Clostridiales;f__Eubacteriaceae;g__Eubacterium;s__callanderi-limosum	0	0	0	0	0	0	0	0	0	0	0	0	0	0	0	0	850	12	28	28	336	31	11	0	0	0	0	56	173	0	0	0	0	0	0	0	0	0	0	0	0	0	0	0	0	453	45	20	13	241	28	15	0	0	0	0	0	293	0
k__Bacteria;p__Firmicutes;c__Clostridia;o__Clostridiales;f__Family XI;g__Anaerococcus;s__NA	0	21	0	0	0	0	0	0	0	0	0	0	0	0	0	0	0	0	0	0	0	12	0	0	0	0	0	0	0	12	44	0	0	0	0	0	0	0	0	0	0	0	0	0	0	0	0	0	0	0	0	12	0	0	0	0	0	0	0
k__Bacteria;p__Firmicutes;c__Clostridia;o__Clostridiales;f__Family XI;g__Anaerococcus;s__octavius	0	12	0	0	0	0	0	0	0	0	0	0	0	0	0	0	0	0	0	0	0	0	0	0	0	0	0	0	0	0	16	0	0	0	0	0	0	0	0	0	0	0	0	0	0	0	0	0	0	0	0	0	0	0	0	0	0	0	0
k__Bacteria;p__Firmicutes;c__Clostridia;o__Clostridiales;f__Family XI;g__Anaerococcus;s__prevotii-tetradius	0	37	18	0	33	0	0	0	0	0	0	0	0	0	0	0	21	0	0	0	0	22	0	14	0	0	0	0	0	0	18	14	0	0	0	0	0	0	0	0	0	0	0	0	0	18	0	0	0	0	0	30	0	18	0	0	0	17	0
k__Bacteria;p__Firmicutes;c__Clostridia;o__Clostridiales;f__Family XI;g__Anaerococcus;s__vaginalis	0	129	61	0	0	0	0	0	160	0	12	0	0	0	20	0	22	0	13	0	0	0	0	131	0	0	0	0	11	22	88	22	0	0	0	0	0	110	0	0	0	0	0	0	0	22	0	0	0	0	0	0	0	141	0	0	0	21	0
k__Bacteria;p__Firmicutes;c__Clostridia;o__Clostridiales;f__Family XI;g__Finegoldia;s__magna	0	129	78	0	0	0	0	0	36	0	0	0	0	0	0	0	205	18	19	0	0	0	0	44	0	0	0	125	377	0	313	19	0	0	0	0	0	25	0	0	0	0	0	14	0	288	25	0	0	0	0	0	0	86	22	0	0	423	58
k__Bacteria;p__Firmicutes;c__Clostridia;o__Clostridiales;f__Family XI;g__Peptoniphilus;s__gorbachii-rhinitidis	0	0	0	0	0	0	0	0	0	0	14	0	0	0	31	0	816	0	15	0	0	0	0	0	0	0	0	291	913	14	229	27	0	0	0	0	0	0	0	23	0	0	0	20	0	695	0	0	0	0	0	0	0	0	0	0	0	1597	0
k__Bacteria;p__Firmicutes;c__Clostridia;o__Clostridiales;f__Family XI;g__Peptoniphilus;s__grossensis	0	165	52	0	0	0	0	0	54	0	0	0	0	0	0	0	48	0	0	0	0	364	0	109	0	12	0	0	37	0	223	0	0	0	0	0	0	16	0	0	0	0	0	0	0	61	0	0	0	0	0	83	0	43	34	0	0	145	0
k__Bacteria;p__Firmicutes;c__Clostridia;o__Clostridiales;f__Family XI;g__Peptoniphilus;s__grossensis-harei	0	0	14	0	0	0	0	0	0	0	0	0	0	0	0	0	0	0	0	0	0	0	0	0	0	0	0	0	0	0	0	0	0	0	0	0	0	0	0	0	0	0	0	0	0	0	0	0	0	0	0	0	0	0	0	0	0	0	0
k__Bacteria;p__Firmicutes;c__Clostridia;o__Clostridiales;f__Family XI;g__Peptoniphilus;s__harei	0	0	0	0	503	0	0	0	66	0	0	0	0	0	63	0	0	0	0	0	0	384	12	150	0	0	0	0	0	0	0	0	0	17	0	0	0	0	0	0	0	0	0	0	0	0	0	0	0	0	0	302	0	0	0	0	0	0	0
k__Bacteria;p__Firmicutes;c__Clostridia;o__Clostridiales;f__Family XI;g__Peptoniphilus;s__senegalensis-tyrrelliae	0	0	0	0	0	0	0	0	0	0	35	0	0	0	652	0	0	0	0	0	0	0	0	0	0	0	0	0	0	0	0	0	0	0	0	0	0	0	0	34	0	0	0	60	0	0	0	0	0	0	0	0	0	0	0	0	0	0	0
k__Bacteria;p__Firmicutes;c__Clostridia;o__Clostridiales;f__Family XI;g__Peptoniphilus;s__sp31311	0	12	0	0	0	0	0	0	0	0	0	0	0	0	0	0	0	0	0	0	0	0	0	30	0	0	0	0	0	0	19	0	0	0	0	0	0	0	0	0	0	0	0	0	0	0	0	0	0	0	0	0	0	0	19	0	0	0	0
k__Bacteria;p__Firmicutes;c__Clostridia;o__Clostridiales;f__Family XIII;g__Mogibacterium;s__sp31608	0	0	0	0	0	0	58	0	0	0	0	0	0	0	0	0	0	0	0	0	0	0	0	0	0	30	0	0	0	0	0	0	0	0	0	0	60	0	0	0	0	0	0	0	0	0	0	0	0	0	0	0	0	0	0	19	0	0	0
k__Bacteria;p__Firmicutes;c__Clostridia;o__Clostridiales;f__Family XIII;g__NA;s__sp31533	0	19	0	0	47	0	0	0	96	15	0	0	0	0	0	0	0	0	0	0	0	153	0	17	0	11	0	0	0	0	0	0	0	78	0	0	0	68	15	0	0	0	0	0	0	0	0	0	0	0	0	198	0	0	0	0	0	0	0
k__Bacteria;p__Firmicutes;c__Clostridia;o__Clostridiales;f__Family XIII;g__NA;s__sp31533-sp31552	0	0	0	0	0	0	0	0	0	0	0	0	0	0	0	0	0	0	0	0	0	0	0	0	0	0	0	0	27	0	0	0	0	0	0	0	0	0	0	0	0	0	0	0	0	0	0	0	0	0	0	0	0	0	0	0	0	64	0
k__Bacteria;p__Firmicutes;c__Clostridia;o__Clostridiales;f__Family XIII;g__NA;s__sp31552	0	0	0	0	0	0	0	0	0	0	0	0	0	0	0	0	0	0	0	0	0	0	0	0	0	0	0	0	0	0	0	0	0	101	0	0	0	0	0	0	0	0	0	0	0	0	0	0	0	0	0	0	0	0	0	0	0	0	0
k__Bacteria;p__Firmicutes;c__Clostridia;o__Clostridiales;f__Lachnospiraceae;g__Anaerostipes;s__caccae	0	0	17	0	0	0	0	0	0	0	60	16	113	0	287	0	0	0	22	12	50	0	0	0	0	0	0	0	0	21	27	0	0	0	0	0	0	0	0	41	0	109	11	125	0	0	0	78	143	65	0	0	0	0	0	0	0	0	0
k__Bacteria;p__Firmicutes;c__Clostridia;o__Clostridiales;f__Lachnospiraceae;g__Anaerostipes;s__hadrus	0	34	0	0	110	88	20	20	0	0	93	0	225	81	170	779	21	1450	887	3918	49	580	2735	0	0	83	0	0	0	23	37	0	0	114	256	14	11	0	0	65	0	429	4110	200	603	25	589	621	706	15	21	338	137	0	0	133	428	15	0
k__Bacteria;p__Firmicutes;c__Clostridia;o__Clostridiales;f__Lachnospiraceae;g__Blautia-Lachnoclostridium;s__producta-sp32052-sp32410	0	0	0	0	55	0	0	0	0	0	0	0	0	0	0	0	0	0	0	0	0	44	0	0	0	0	0	0	0	0	0	0	0	0	0	0	0	0	0	0	0	0	0	0	0	0	0	0	0	0	0	0	0	0	0	0	0	0	0
k__Bacteria;p__Firmicutes;c__Clostridia;o__Clostridiales;f__Lachnospiraceae;g__Blautia-Lachnoclostridium;s__sp31973-sp32345-sp32428	0	0	0	0	0	0	0	0	0	0	0	0	0	0	0	0	0	0	0	0	12	0	0	0	0	0	0	0	0	0	0	0	0	0	0	0	0	0	0	0	0	0	0	0	0	0	0	0	0	0	0	0	0	0	0	0	0	0	0
k__Bacteria;p__Firmicutes;c__Clostridia;o__Clostridiales;f__Lachnospiraceae;g__Blautia-Lachnoclostridium;s__sp32052-sp32410	0	0	0	0	286	57	25	0	37	0	0	0	0	0	0	0	0	0	0	13	0	268	154	26	0	70	0	0	0	0	0	106	0	185	169	0	11	39	0	0	0	0	0	0	0	0	0	0	0	0	0	171	137	52	103	49	17	0	0
k__Bacteria;p__Firmicutes;c__Clostridia;o__Clostridiales;f__Lachnospiraceae;g__Blautia-Marvinbryantia;s__sp32994-wexlerae	0	0	0	0	0	0	0	0	0	0	0	0	61	0	0	0	0	0	0	0	0	0	0	0	0	0	0	0	0	0	0	0	0	0	0	0	0	0	0	0	0	0	0	0	0	0	0	0	0	0	0	0	0	0	0	0	0	0	0
k__Bacteria;p__Firmicutes;c__Clostridia;o__Clostridiales;f__Lachnospiraceae;g__Blautia;s__coccoides-producta	0	0	0	0	0	0	0	0	0	0	0	0	0	0	0	0	32	0	0	16	0	0	0	0	0	0	0	210	616	0	0	0	0	0	0	0	0	0	0	0	0	0	0	0	0	119	0	34	22	0	0	0	0	0	0	0	0	1503	0
k__Bacteria;p__Firmicutes;c__Clostridia;o__Clostridiales;f__Lachnospiraceae;g__Blautia;s__hansenii-producta	12	27	0	0	0	0	0	0	0	0	0	0	34	14	0	0	0	0	211	198	1210	97	48	68	0	11	0	0	0	0	0	0	26	22	0	0	0	0	0	0	0	115	0	0	0	0	0	320	114	993	12	151	25	0	0	52	14	0	0
k__Bacteria;p__Firmicutes;c__Clostridia;o__Clostridiales;f__Lachnospiraceae;g__Blautia;s__hydrogenotrophica	0	1026	2092	0	22	0	0	0	842	0	0	0	0	0	0	0	0	0	0	0	74	100	0	47	0	0	0	0	0	318	1527	590	0	90	0	0	0	872	0	0	0	0	0	0	0	0	0	0	0	99	0	130	0	87	0	0	0	0	0
k__Bacteria;p__Firmicutes;c__Clostridia;o__Clostridiales;f__Lachnospiraceae;g__Blautia;s__luti	0	0	0	0	0	0	53	153	0	0	0	0	0	0	0	0	0	0	0	0	0	0	0	0	0	53	0	0	0	0	0	0	0	0	0	54	70	0	0	0	0	0	0	0	0	0	0	0	0	0	0	0	0	0	47	0	0	0	0
k__Bacteria;p__Firmicutes;c__Clostridia;o__Clostridiales;f__Lachnospiraceae;g__Blautia;s__sp31973	0	0	0	0	0	0	0	0	0	0	0	0	0	0	0	0	0	0	11	0	0	0	0	0	0	0	0	0	0	0	0	0	0	0	0	0	0	0	0	0	0	0	0	0	0	0	0	0	0	0	0	0	0	0	0	0	0	0	0
k__Bacteria;p__Firmicutes;c__Clostridia;o__Clostridiales;f__Lachnospiraceae;g__Blautia;s__sp31989	0	0	0	0	0	0	0	0	0	0	0	0	0	0	0	0	0	0	396	94	53	36	17	0	0	0	0	0	0	0	0	0	0	0	0	0	0	0	0	0	0	0	0	0	0	0	0	38	16	53	0	0	0	0	0	0	0	0	0
k__Bacteria;p__Firmicutes;c__Clostridia;o__Clostridiales;f__Lachnospiraceae;g__Blautia;s__sp32002	34	50	0	0	151	85	338	137	160	0	24	0	25	30	61	38	227	0	38	34	58	91	47	99	0	603	21	66	232	13	31	0	0	123	39	156	233	109	0	0	0	20	0	44	18	280	119	30	39	66	0	78	73	60	66	695	187	789	0
k__Bacteria;p__Firmicutes;c__Clostridia;o__Clostridiales;f__Lachnospiraceae;g__Blautia;s__sp32009	192	68	1429	286	213	211	180	965	83	0	515	125	4593	812	900	474	82	39	5070	3449	28	506	184	17	0	358	141	37	124	26	41	7268	2348	186	309	263	282	1108	13	360	21	3164	11787	905	258	703	355	8318	4367	44	39	1499	304	26	1354	529	52	51	0
k__Bacteria;p__Firmicutes;c__Clostridia;o__Clostridiales;f__Lachnospiraceae;g__Blautia;s__sp32020	45	0	292	55	0	0	0	0	24	0	135	27	0	0	306	162	168	253	0	0	0	0	0	16	0	0	0	128	268	0	0	1708	465	0	0	0	0	314	22	118	11	0	0	277	87	339	373	0	0	0	0	0	0	0	498	0	0	138	0
k__Bacteria;p__Firmicutes;c__Clostridia;o__Clostridiales;f__Lachnospiraceae;g__Blautia;s__sp32046	0	0	0	0	0	0	0	0	0	0	0	0	0	0	0	0	0	0	0	19	0	0	16	0	0	0	0	0	0	0	0	0	0	0	0	0	0	0	0	0	0	0	0	0	0	0	0	0	0	0	0	0	0	0	0	0	0	0	0
k__Bacteria;p__Firmicutes;c__Clostridia;o__Clostridiales;f__Lachnospiraceae;g__Blautia;s__sp32048	65	377	1263	14	407	52	792	160	1147	0	680	100	593	85	85	264	0	0	678	1022	549	463	188	277	0	1244	44	0	0	160	1086	539	103	761	298	506	844	1081	51	1056	124	539	14	418	199	32	22	498	517	485	0	968	398	247	379	984	360	0	0
k__Bacteria;p__Firmicutes;c__Clostridia;o__Clostridiales;f__Lachnospiraceae;g__Blautia;s__sp32048-sp32049	0	0	0	0	0	0	0	0	0	0	0	0	0	0	0	0	0	0	0	0	0	0	0	0	0	0	0	0	0	0	0	0	0	0	0	0	0	21	0	0	0	0	0	0	0	0	0	0	0	0	0	0	0	0	0	0	0	0	0
k__Bacteria;p__Firmicutes;c__Clostridia;o__Clostridiales;f__Lachnospiraceae;g__Blautia;s__sp32054-wexlerae	0	0	70	126	0	0	41	170	0	0	0	0	0	0	0	0	0	0	0	0	0	0	0	0	0	0	43	0	0	0	91	81	131	99	0	68	78	72	0	0	0	0	0	0	0	0	0	0	0	0	0	0	0	0	0	0	0	0	0
k__Bacteria;p__Firmicutes;c__Clostridia;o__Clostridiales;f__Lachnospiraceae;g__Blautia;s__sp32056	843	1047	122	222	929	854	243	456	333	0	230	84	207	67	459	817	1264	161	215	262	1175	1776	387	180	0	1156	127	206	728	564	1065	2868	209	839	639	252	353	491	0	183	36	149	15	429	560	1887	985	107	343	887	139	2127	953	112	98	790	204	2851	0
k__Bacteria;p__Firmicutes;c__Clostridia;o__Clostridiales;f__Lachnospiraceae;g__Blautia;s__wexlerae	4437	8546	4251	4307	533	1136	1162	2826	309	0	646	1013	3867	2576	1260	4266	228	176	8613	4983	4505	1137	1340	198	11	2227	581	170	535	7208	1137	2137	4811	968	4504	1100	1533	2774	471	4052	3715	4026	8457	884	2835	810	1540	5886	9615	8788	759	3380	5757	180	1234	3869	1614	318	0
k__Bacteria;p__Firmicutes;c__Clostridia;o__Clostridiales;f__Lachnospiraceae;g__Coprococcus;s__comes-sp32193	18	142	0	0	410	333	292	33	580	0	128	0	0	0	43	24	369	52	34	146	0	245	668	347	16	561	0	59	170	56	20	340	0	322	353	113	213	453	86	42	0	0	0	51	11	287	276	26	25	0	0	312	243	294	527	367	422	148	59
k__Bacteria;p__Firmicutes;c__Clostridia;o__Clostridiales;f__Lachnospiraceae;g__Coprococcus;s__eutactus	0	0	0	0	0	0	0	0	0	0	0	0	0	0	0	0	0	0	0	0	0	0	0	0	0	21	0	0	0	0	0	0	0	0	0	0	0	0	0	0	0	0	0	0	0	0	0	0	0	0	0	0	0	0	0	21	0	0	0
k__Bacteria;p__Firmicutes;c__Clostridia;o__Clostridiales;f__Lachnospiraceae;g__Dorea;s__formicigenerans	0	13	0	0	165	478	0	12	0	0	0	0	0	0	0	0	43	145	13	148	0	17	184	66	0	0	0	0	0	0	0	0	0	340	913	0	0	0	0	0	0	0	0	0	0	62	201	0	11	0	0	0	17	11	20	0	16	62	0
k__Bacteria;p__Firmicutes;c__Clostridia;o__Clostridiales;f__Lachnospiraceae;g__Dorea;s__longicatena	0	31	0	0	752	892	14	147	52	61	27	0	182	14	135	12	819	169	645	994	175	180	969	77	132	72	17	151	368	0	11	0	0	932	678	19	34	38	406	18	0	59	701	177	0	820	770	507	369	82	45	119	324	107	752	41	136	447	0
k__Bacteria;p__Firmicutes;c__Clostridia;o__Clostridiales;f__Lachnospiraceae;g__Dorea;s__sp32214	0	0	0	0	0	0	0	0	0	0	0	0	0	0	0	0	0	0	12	0	0	0	0	0	0	0	0	0	0	0	0	0	0	0	0	0	0	0	0	0	0	0	0	0	0	0	0	0	0	0	0	0	0	0	0	0	0	0	0
k__Bacteria;p__Firmicutes;c__Clostridia;o__Clostridiales;f__Lachnospiraceae;g__Eisenbergiella;s__sp32221	0	23	0	0	0	0	0	0	0	0	0	0	0	31	0	0	0	0	138	0	0	13	0	0	0	0	0	0	0	0	21	0	0	0	0	0	0	0	0	0	0	195	0	0	0	0	0	28	0	0	0	0	0	0	0	0	0	25	0
k__Bacteria;p__Firmicutes;c__Clostridia;o__Clostridiales;f__Lachnospiraceae;g__Epulopiscium;s__sp32230	0	0	0	0	0	0	0	0	0	0	0	0	0	0	0	0	0	0	0	0	0	0	0	110	0	0	0	0	0	0	0	0	0	0	0	0	0	0	0	0	0	0	0	0	0	0	0	0	0	0	0	0	0	46	0	13	0	0	0
k__Bacteria;p__Firmicutes;c__Clostridia;o__Clostridiales;f__Lachnospiraceae;g__Eubacterium;s__hallii	170	1360	488	3569	195	2105	159	0	58	0	0	0	14	25	15	0	18	0	41	417	0	304	505	152	0	139	0	26	81	19	78	118	1613	277	1278	62	88	78	15	0	0	0	0	17	0	73	285	54	34	0	0	168	183	72	409	185	239	114	0
k__Bacteria;p__Firmicutes;c__Clostridia;o__Clostridiales;f__Lachnospiraceae;g__Eubacterium;s__rectale	237	113	225	563	0	53	0	33	0	0	0	0	0	27	0	0	0	0	24	241	0	63	71	0	0	11	0	0	0	0	132	65	855	24	123	0	0	0	0	0	0	23	0	0	0	12	0	27	25	0	0	91	170	0	59	21	121	0	0
k__Bacteria;p__Firmicutes;c__Clostridia;o__Clostridiales;f__Lachnospiraceae;g__Fusicatenibacter;s__saccharivorans	56	121	19	20	67	33	185	94	24	0	71	330	272	903	39	1584	41	27	53	374	159	30	365	0	0	352	23	74	59	62	104	86	473	347	4527	67	82	91	0	46	549	5990	4814	59	1226	351	0	812	5893	965	148	766	8622	0	148	2425	6987	16	36
k__Bacteria;p__Firmicutes;c__Clostridia;o__Clostridiales;f__Lachnospiraceae;g__Hungatella;s__effluvii	0	0	0	0	0	0	0	0	0	0	0	0	0	0	11	0	377	0	0	0	63	33	0	0	0	0	0	31	117	0	0	0	0	0	0	0	0	0	0	0	0	0	0	25	0	248	0	18	0	32	0	38	20	0	0	0	0	454	0
k__Bacteria;p__Firmicutes;c__Clostridia;o__Clostridiales;f__Lachnospiraceae;g__Hungatella;s__sp32252	0	0	0	0	0	0	0	0	0	0	0	0	0	0	0	0	0	0	0	0	0	58	0	0	0	25	0	0	0	0	0	0	0	0	0	0	0	0	0	0	0	0	0	0	0	0	0	0	0	0	0	0	0	0	0	35	0	0	0
k__Bacteria;p__Firmicutes;c__Clostridia;o__Clostridiales;f__Lachnospiraceae;g__Lachnoclostridium-Roseburia;s__sp32368-sp33144	0	0	0	0	0	0	0	0	0	0	0	0	0	0	0	0	0	0	0	0	0	0	0	0	0	31	0	0	0	0	0	0	0	0	0	0	0	30	0	0	0	0	0	0	0	0	0	0	0	0	0	0	0	0	0	17	61	0	0
k__Bacteria;p__Firmicutes;c__Clostridia;o__Clostridiales;f__Lachnospiraceae;g__Lachnoclostridium;s__bolteae-sp32422-sp32431	0	0	0	0	0	0	0	0	0	0	109	0	94	182	0	0	0	0	87	18	0	79	0	0	0	0	0	0	0	0	0	0	0	0	0	0	0	0	0	0	0	804	0	0	0	0	0	101	51	0	0	0	0	0	0	0	0	0	0
k__Bacteria;p__Firmicutes;c__Clostridia;o__Clostridiales;f__Lachnospiraceae;g__Lachnoclostridium;s__bolteae-sp32431	0	0	0	0	24	0	0	0	0	0	168	0	377	0	439	0	0	0	306	174	34	178	179	31	0	74	0	0	0	0	0	0	0	0	0	0	0	0	0	0	0	209	0	0	0	0	0	150	159	124	0	146	95	0	0	71	66	0	0
k__Bacteria;p__Firmicutes;c__Clostridia;o__Clostridiales;f__Lachnospiraceae;g__Lachnoclostridium;s__sp32336	0	198	339	0	49	0	0	0	0	0	0	0	0	0	0	0	0	0	0	0	0	0	0	0	0	0	0	0	0	17	250	31	0	16	0	0	0	0	0	0	0	0	0	0	0	0	0	0	0	0	0	0	0	0	0	0	0	0	0
k__Bacteria;p__Firmicutes;c__Clostridia;o__Clostridiales;f__Lachnospiraceae;g__Lachnoclostridium;s__sp32341-sp32430	0	0	0	0	0	34	0	0	0	0	1709	1196	158	58	781	425	28	0	127	302	24	54	67	49	0	13	0	27	81	0	0	0	0	0	0	0	0	0	0	595	11	389	12	344	191	13	0	68	595	24	53	19	0	0	0	27	0	30	0
k__Bacteria;p__Firmicutes;c__Clostridia;o__Clostridiales;f__Lachnospiraceae;g__Lachnoclostridium;s__sp32343-sp32393-sp32423	30	283	15	0	0	0	0	0	0	0	0	0	465	0	0	0	0	0	0	0	0	0	0	0	0	0	0	0	0	0	33	0	281	0	0	0	0	0	0	0	0	0	0	0	0	0	0	0	0	0	0	0	0	0	0	0	0	0	0
k__Bacteria;p__Firmicutes;c__Clostridia;o__Clostridiales;f__Lachnospiraceae;g__Lachnoclostridium;s__sp32345	0	0	0	0	0	0	0	0	0	0	0	0	0	0	0	0	0	0	20	51	421	30	0	0	0	0	0	0	0	0	0	0	0	0	0	0	0	0	0	0	0	0	0	0	0	0	0	21	25	443	0	18	0	0	0	12	0	0	0
k__Bacteria;p__Firmicutes;c__Clostridia;o__Clostridiales;f__Lachnospiraceae;g__Lachnoclostridium;s__sp32346	0	0	0	0	0	0	0	0	0	0	0	0	0	0	0	0	0	0	0	0	0	0	0	12	0	0	0	0	0	0	0	0	0	0	0	0	0	0	0	0	0	0	0	0	0	0	0	0	0	0	0	0	0	0	0	0	0	0	0
k__Bacteria;p__Firmicutes;c__Clostridia;o__Clostridiales;f__Lachnospiraceae;g__Lachnoclostridium;s__sp32353-sp32360	0	0	0	0	0	0	0	0	0	0	0	0	0	0	0	0	0	0	0	44	0	193	57	0	0	0	0	0	0	0	0	0	0	163	0	0	0	0	0	0	0	0	0	0	0	0	0	0	0	0	0	0	0	0	0	0	0	0	0
k__Bacteria;p__Firmicutes;c__Clostridia;o__Clostridiales;f__Lachnospiraceae;g__Lachnoclostridium;s__sp32364	0	0	0	0	0	0	0	0	0	0	0	0	0	0	0	0	0	0	0	0	0	0	0	0	0	0	0	0	0	0	0	0	0	0	0	0	0	0	0	0	0	0	0	0	0	0	0	0	0	63	0	32	0	0	0	11	11	0	0
k__Bacteria;p__Firmicutes;c__Clostridia;o__Clostridiales;f__Lachnospiraceae;g__Lachnoclostridium;s__sp32380-sp32437	64	125	21	27	1172	373	2464	200	3842	0	164	160	0	0	254	394	119	46	0	51	0	1555	778	2918	81	5628	41	64	93	44	98	28	31	991	187	871	1431	1951	71	95	78	0	0	228	179	159	81	11	0	58	0	2157	31	1934	842	3521	285	146	11
k__Bacteria;p__Firmicutes;c__Clostridia;o__Clostridiales;f__Lachnospiraceae;g__Lachnoclostridium;s__sp32400	699	1704	369	0	0	0	38	0	0	0	0	0	0	0	0	0	0	0	0	16	0	0	0	0	0	19	0	0	0	363	1821	395	0	0	0	0	0	229	0	0	0	0	0	0	0	0	0	0	0	0	0	0	33	165	0	0	0	0	0
k__Bacteria;p__Firmicutes;c__Clostridia;o__Clostridiales;f__Lachnospiraceae;g__Lachnoclostridium;s__sp32408	0	0	0	0	0	0	148	0	0	0	0	0	0	0	0	0	0	0	0	0	0	0	0	0	0	57	0	0	0	0	0	0	0	21	0	47	84	0	0	0	0	0	0	0	0	0	0	0	0	0	0	0	0	0	0	46	0	0	0
k__Bacteria;p__Firmicutes;c__Clostridia;o__Clostridiales;f__Lachnospiraceae;g__Lachnoclostridium;s__sp32417	0	168	0	0	0	0	0	0	0	0	0	0	0	0	0	49	0	0	0	25	0	15	16	0	0	0	0	0	0	115	102	0	0	0	0	0	0	0	0	0	0	0	0	262	39	0	0	13	0	0	0	0	0	0	0	0	0	0	0
k__Bacteria;p__Firmicutes;c__Clostridia;o__Clostridiales;f__Lachnospiraceae;g__Lachnoclostridium;s__sp32424	0	0	0	0	0	0	0	0	0	0	0	0	0	0	0	0	0	0	0	0	99	16	0	0	0	0	0	0	0	0	0	0	0	0	0	0	0	0	0	0	0	30	0	0	0	0	0	0	0	58	0	0	0	0	0	0	0	0	0
k__Bacteria;p__Firmicutes;c__Clostridia;o__Clostridiales;f__Lachnospiraceae;g__Lachnoclostridium;s__sp32428	0	0	0	0	0	0	0	0	0	0	0	0	263	0	0	0	0	0	2036	527	0	0	0	0	0	0	0	0	0	0	0	0	0	0	0	0	0	0	0	0	0	59	27	0	0	0	0	1386	441	0	0	0	0	0	0	13	0	0	0
k__Bacteria;p__Firmicutes;c__Clostridia;o__Clostridiales;f__Lachnospiraceae;g__Lachnoclostridium;s__sp32433	0	0	0	0	0	0	0	0	0	0	0	0	990	180	0	0	0	0	575	173	138	201	81	0	0	93	15	51	102	0	0	0	0	0	0	0	0	0	0	0	0	1329	0	0	0	0	0	425	62	60	0	234	69	0	0	227	33	0	0
k__Bacteria;p__Firmicutes;c__Clostridia;o__Clostridiales;f__Lachnospiraceae;g__Lachnoclostridium;s__sp32435	0	229	512	0	33	0	0	0	0	0	0	0	0	0	0	0	0	0	0	0	0	0	0	0	0	0	0	0	0	76	459	207	0	34	0	0	0	0	0	0	0	0	0	0	0	0	0	0	0	0	0	0	0	0	0	0	0	0	0
k__Bacteria;p__Firmicutes;c__Clostridia;o__Clostridiales;f__Lachnospiraceae;g__Lachnoclostridium;s__sp32436	0	67	39	0	0	0	0	0	0	0	0	0	0	0	0	0	0	0	0	0	25	0	0	0	0	0	0	69	188	187	16	100	0	0	0	0	0	0	0	0	0	0	0	0	0	183	0	0	0	0	0	0	0	0	0	29	0	0	0
k__Bacteria;p__Firmicutes;c__Clostridia;o__Clostridiales;f__Lachnospiraceae;g__Lachnoclostridium;s__sp32440	0	18	73	0	28	0	0	0	0	0	0	0	107	19	0	0	0	0	40	0	14	20	0	0	0	11	0	0	0	21	119	34	0	18	0	0	0	0	0	0	0	141	0	0	0	0	0	18	0	0	0	34	0	0	0	12	0	0	0
k__Bacteria;p__Firmicutes;c__Clostridia;o__Clostridiales;f__Lachnospiraceae;g__Lachnoclostridium;s__sp32441	0	0	16	0	0	0	0	0	39	0	0	14	0	0	0	0	18	0	13	0	13	0	0	55	0	0	0	0	29	0	197	0	0	0	0	0	0	22	0	0	0	0	0	0	0	16	0	14	0	11	0	0	0	0	11	16	0	107	0
k__Bacteria;p__Firmicutes;c__Clostridia;o__Clostridiales;f__Lachnospiraceae;g__Lachnoclostridium;s__sp32442	0	0	0	0	0	0	0	0	0	0	15	0	20	0	0	0	0	0	17	16	0	0	0	0	0	0	0	0	0	0	0	0	0	0	0	0	0	0	0	0	0	28	0	0	0	0	0	14	0	0	0	0	0	0	0	0	0	0	0
k__Bacteria;p__Firmicutes;c__Clostridia;o__Clostridiales;f__Lachnospiraceae;g__Lachnoclostridium;s__sp32444	0	72	0	0	239	0	0	0	0	0	1683	23	392	124	12	0	0	0	279	258	148	199	51	74	0	15	0	0	0	694	96	31	0	134	0	0	0	0	0	0	0	704	0	0	0	40	0	209	93	157	0	220	79	0	0	30	0	0	0
k__Bacteria;p__Firmicutes;c__Clostridia;o__Clostridiales;f__Lachnospiraceae;g__Lachnoclostridium;s__sp32445	0	0	0	0	0	0	0	0	0	0	0	0	0	0	0	0	65	0	0	0	0	0	0	0	0	0	0	0	42	41	0	0	0	0	0	0	0	0	0	0	0	0	0	0	0	27	0	0	0	0	0	0	0	0	0	0	0	154	0
k__Bacteria;p__Firmicutes;c__Clostridia;o__Clostridiales;f__Lachnospiraceae;g__Lachnospira;s__sp32452	0	0	0	0	0	0	0	0	0	0	0	0	28	0	0	0	0	0	38	73	0	0	0	11	0	0	0	0	0	0	0	0	0	0	0	0	0	0	0	0	0	35	26	0	0	0	0	16	32	0	0	0	0	0	12	0	0	0	0
k__Bacteria;p__Firmicutes;c__Clostridia;o__Clostridiales;f__Lachnospiraceae;g__Lachnospira;s__sp32454	0	0	0	0	0	0	0	0	0	0	84	0	0	0	35	0	0	0	0	0	0	0	0	0	0	0	0	0	0	0	0	0	0	0	0	0	0	0	0	88	28	0	0	0	0	0	0	0	0	0	0	0	0	0	0	0	0	0	0
k__Bacteria;p__Firmicutes;c__Clostridia;o__Clostridiales;f__Lachnospiraceae;g__Lactonifactor;s__longoviformis	0	0	0	0	13	0	0	0	18	0	0	0	0	0	379	0	0	0	0	0	0	0	0	0	0	0	0	0	0	0	0	0	0	0	0	0	0	0	0	318	0	0	0	458	0	0	0	0	0	0	0	0	0	0	0	0	0	0	0
k__Bacteria;p__Firmicutes;c__Clostridia;o__Clostridiales;f__Lachnospiraceae;g__Lactonifactor;s__sp32959	0	15	0	0	0	0	0	0	0	0	0	0	0	0	0	0	0	0	0	0	0	0	0	0	0	0	0	0	0	13	26	0	0	0	0	0	0	0	0	0	0	0	0	0	0	0	0	0	0	0	0	0	0	0	0	0	0	0	0
k__Bacteria;p__Firmicutes;c__Clostridia;o__Clostridiales;f__Lachnospiraceae;g__Marvinbryantia;s__sp32965	0	0	0	0	0	0	11	25	0	0	0	0	0	0	0	0	0	0	0	0	0	0	0	0	0	0	0	0	0	0	0	0	0	0	0	0	0	21	0	0	0	0	0	0	0	0	0	0	0	0	0	0	0	0	0	0	0	0	0
k__Bacteria;p__Firmicutes;c__Clostridia;o__Clostridiales;f__Lachnospiraceae;g__Marvinbryantia;s__sp32992	0	18	89	13	0	0	38	22	0	0	0	0	0	0	0	0	0	0	0	0	0	0	11	0	0	32	0	0	0	23	73	47	16	14	0	0	23	13	0	0	0	0	0	0	0	0	0	0	0	0	0	0	49	0	0	52	22	0	0
k__Bacteria;p__Firmicutes;c__Clostridia;o__Clostridiales;f__Lachnospiraceae;g__Marvinbryantia;s__sp32993	0	0	0	0	13	0	0	0	103	0	0	0	0	0	0	0	0	0	0	0	0	0	0	38	0	11	0	0	0	0	0	0	0	0	0	0	0	101	0	0	0	0	0	0	0	0	0	0	0	0	0	0	0	49	36	0	0	0	0
k__Bacteria;p__Firmicutes;c__Clostridia;o__Clostridiales;f__Lachnospiraceae;g__NA;s__sp30728	0	0	0	0	0	0	138	0	0	0	0	0	0	0	0	0	0	0	0	59	0	20	62	0	0	118	0	0	0	0	0	0	0	0	0	50	91	0	0	0	0	0	0	0	0	0	0	0	0	0	0	42	29	0	0	92	51	0	0
k__Bacteria;p__Firmicutes;c__Clostridia;o__Clostridiales;f__Lachnospiraceae;g__NA;s__sp32147	0	0	0	0	140	0	0	0	0	0	0	0	0	0	0	0	0	0	0	0	0	0	0	0	0	0	0	0	0	0	0	0	0	32	0	0	0	0	0	0	0	0	0	0	0	0	0	0	0	0	0	0	0	0	0	0	0	0	0
k__Bacteria;p__Firmicutes;c__Clostridia;o__Clostridiales;f__Lachnospiraceae;g__NA;s__sp32154	0	0	0	0	0	0	0	0	0	0	49	26	0	0	27	15	0	0	0	0	0	0	0	0	0	0	0	0	0	0	0	0	0	0	0	0	0	0	0	62	0	0	0	37	18	0	0	0	0	0	0	0	0	0	0	0	0	0	0
k__Bacteria;p__Firmicutes;c__Clostridia;o__Clostridiales;f__Lachnospiraceae;g__NA;s__sp32163-sp32172	0	0	0	0	0	0	0	0	0	0	48	0	0	0	0	0	0	0	0	0	0	0	0	0	0	0	0	0	0	0	0	0	0	0	0	0	0	0	0	38	0	0	0	120	0	0	0	0	0	0	0	0	0	0	0	0	0	0	0
k__Bacteria;p__Firmicutes;c__Clostridia;o__Clostridiales;f__Lachnospiraceae;g__NA;s__sp32166	0	0	0	0	0	0	0	0	0	0	0	0	0	0	0	0	0	0	0	0	30	0	0	0	0	0	0	0	0	0	0	0	0	0	0	0	0	0	0	0	0	0	0	0	0	0	0	0	0	15	0	0	0	0	0	0	0	0	0
k__Bacteria;p__Firmicutes;c__Clostridia;o__Clostridiales;f__Lachnospiraceae;g__NA;s__sp32167	0	0	0	0	707	0	30	36	296	0	0	0	0	0	0	0	12	0	134	264	14	241	232	13	0	263	0	0	0	0	0	0	0	1076	57	0	17	90	0	0	0	0	0	0	0	0	0	62	37	18	0	245	67	0	0	218	312	0	0
k__Bacteria;p__Firmicutes;c__Clostridia;o__Clostridiales;f__Lachnospiraceae;g__NA;s__sp32476	0	0	0	0	0	0	0	0	0	0	0	0	0	0	0	0	0	0	0	0	0	0	0	0	0	0	0	0	0	0	0	0	0	0	0	0	13	0	0	0	0	0	0	0	0	0	0	0	0	0	0	0	0	0	0	21	0	0	0
k__Bacteria;p__Firmicutes;c__Clostridia;o__Clostridiales;f__Lachnospiraceae;g__NA;s__sp32486	0	0	0	0	19	0	0	0	0	0	0	0	0	0	0	0	0	0	0	0	0	0	0	0	0	23	0	0	0	21	0	0	0	13	0	0	0	0	0	0	0	0	0	0	0	0	0	0	0	0	0	0	0	0	0	0	0	0	0
k__Bacteria;p__Firmicutes;c__Clostridia;o__Clostridiales;f__Lachnospiraceae;g__NA;s__sp32490	0	0	0	0	21	48	16	15	74	0	0	0	0	0	0	0	13	0	0	0	0	25	76	20	0	70	0	0	21	0	0	0	13	11	29	0	0	40	0	0	0	47	0	0	0	41	158	0	0	0	0	31	80	19	86	54	295	0	0
k__Bacteria;p__Firmicutes;c__Clostridia;o__Clostridiales;f__Lachnospiraceae;g__NA;s__sp32498	0	18	0	0	0	0	0	0	0	0	0	0	0	0	0	0	0	0	0	0	0	12	0	12	0	0	0	0	0	0	0	0	0	11	0	0	0	0	0	0	0	0	0	0	0	0	0	0	0	0	0	0	0	13	0	0	0	0	0
k__Bacteria;p__Firmicutes;c__Clostridia;o__Clostridiales;f__Lachnospiraceae;g__NA;s__sp32519	0	0	77	0	0	0	0	0	83	0	0	0	37	31	0	0	0	0	41	75	0	0	0	27	0	0	0	0	0	13	0	93	33	35	0	0	0	64	0	0	0	242	0	0	0	0	0	177	143	0	0	0	17	40	16	11	0	0	0
k__Bacteria;p__Firmicutes;c__Clostridia;o__Clostridiales;f__Lachnospiraceae;g__NA;s__sp32615-sp32802	0	0	17	0	0	0	0	0	0	0	0	0	130	126	0	0	0	0	311	93	0	0	0	0	0	15	0	33	89	0	24	18	0	0	0	0	0	0	0	0	0	1174	0	0	0	191	366	203	63	0	0	0	16	0	0	0	57	38	0
k__Bacteria;p__Firmicutes;c__Clostridia;o__Clostridiales;f__Lachnospiraceae;g__NA;s__sp32618	0	0	0	0	0	0	0	0	0	0	0	0	0	0	0	0	0	0	0	0	0	0	0	0	0	31	0	0	0	0	0	0	0	0	0	0	0	0	0	0	0	0	0	0	0	0	0	0	0	0	0	0	0	0	0	22	0	0	0
k__Bacteria;p__Firmicutes;c__Clostridia;o__Clostridiales;f__Lachnospiraceae;g__NA;s__sp32640	0	56	19	0	0	0	24	0	0	0	0	0	89	15	0	0	0	0	42	0	0	11	0	0	0	67	0	0	0	254	21	11	0	0	0	34	73	0	0	0	0	130	0	0	0	0	0	0	0	0	0	15	0	0	0	102	18	0	0
k__Bacteria;p__Firmicutes;c__Clostridia;o__Clostridiales;f__Lachnospiraceae;g__NA;s__sp32802	0	0	0	0	0	0	0	0	0	0	0	0	0	0	0	0	0	0	0	0	26	0	0	0	0	0	0	0	0	0	0	0	0	0	0	0	0	16	0	0	0	0	0	0	0	0	0	0	0	32	0	0	0	0	0	36	38	0	0
k__Bacteria;p__Firmicutes;c__Clostridia;o__Clostridiales;f__Lachnospiraceae;g__NA;s__sp32840	0	0	0	0	0	0	155	0	0	0	0	0	693	127	0	0	0	0	55	340	0	52	247	0	0	159	0	0	0	0	0	0	0	0	0	15	20	0	0	0	0	933	0	0	0	0	0	95	91	0	0	0	154	0	0	27	161	0	0
k__Bacteria;p__Firmicutes;c__Clostridia;o__Clostridiales;f__Lachnospiraceae;g__NA;s__sp32888	0	0	0	0	0	0	0	0	0	0	0	0	0	0	0	0	0	0	0	0	0	0	0	0	0	0	0	0	0	0	0	0	0	0	0	0	0	0	0	0	0	0	0	19	0	0	0	0	0	11	0	0	0	0	0	0	0	0	0
k__Bacteria;p__Firmicutes;c__Clostridia;o__Clostridiales;f__Lachnospiraceae;g__NA;s__sp32907	0	0	21	0	15	0	0	0	0	0	0	0	0	0	0	0	0	0	0	0	0	0	0	0	0	0	0	0	0	0	19	0	0	11	0	0	0	0	0	0	0	0	0	0	0	0	0	0	0	0	0	0	0	0	0	0	0	0	0
k__Bacteria;p__Firmicutes;c__Clostridia;o__Clostridiales;f__Lachnospiraceae;g__NA;s__sp33275	0	0	0	0	0	0	0	0	0	0	0	0	0	0	0	0	0	0	61	77	0	11	0	0	0	0	0	0	0	0	0	0	0	0	0	0	0	0	0	0	0	0	0	0	0	0	0	40	46	0	0	0	0	0	0	0	0	0	0
k__Bacteria;p__Firmicutes;c__Clostridia;o__Clostridiales;f__Lachnospiraceae;g__NA;s__sp33333	0	0	0	0	42	502	17	0	54	0	0	0	0	0	0	0	0	0	53	525	0	75	123	181	0	23	0	20	100	0	0	0	0	118	287	0	11	93	0	0	0	0	0	14	0	128	1072	66	24	0	0	58	45	66	457	37	46	224	0
k__Bacteria;p__Firmicutes;c__Clostridia;o__Clostridiales;f__Lachnospiraceae;g__NA;s__sp33357	0	0	0	0	0	0	0	0	13	12	0	0	0	0	0	0	0	0	0	0	0	0	0	0	26	0	0	0	0	0	0	0	0	0	0	0	0	11	0	0	0	0	0	0	0	0	0	0	0	0	0	0	0	13	13	0	0	0	0
k__Bacteria;p__Firmicutes;c__Clostridia;o__Clostridiales;f__Lachnospiraceae;g__NA;s__sp33371-sp33375	0	0	0	0	0	0	0	0	16	0	0	0	0	0	0	0	0	0	28	62	0	28	0	0	0	13	0	0	0	0	0	0	12	0	0	0	0	14	0	0	0	0	0	0	0	0	0	16	11	0	0	24	0	0	0	21	0	0	0
k__Bacteria;p__Firmicutes;c__Clostridia;o__Clostridiales;f__Lachnospiraceae;g__NA;s__sp33374	0	0	0	0	0	0	0	0	0	0	0	0	0	0	0	0	0	0	0	0	0	0	0	0	0	0	0	0	0	0	0	0	0	0	0	0	0	0	0	0	0	0	0	0	0	0	0	0	0	0	0	13	0	0	0	0	0	0	0
k__Bacteria;p__Firmicutes;c__Clostridia;o__Clostridiales;f__Lachnospiraceae;g__NA;s__sp33395	86	28	0	36	11	66	180	86	0	0	45	0	342	280	73	48	0	0	377	366	0	13	49	0	0	257	19	0	0	16	30	0	31	0	222	25	42	0	0	32	0	1924	0	63	22	0	0	1231	2340	0	35	35	150	140	0	648	561	0	16
k__Bacteria;p__Firmicutes;c__Clostridia;o__Clostridiales;f__Lachnospiraceae;g__NA;s__sp33422	0	0	0	0	0	0	0	0	0	0	0	0	1801	270	0	0	0	0	27	36	473	29	14	0	0	0	0	0	0	0	0	0	0	0	0	0	0	0	0	0	0	1870	13	0	0	0	0	372	73	387	118	18	0	0	0	0	0	0	0
k__Bacteria;p__Firmicutes;c__Clostridia;o__Clostridiales;f__Lachnospiraceae;g__NA;s__sp33439	0	0	0	0	0	0	14	0	0	0	0	0	0	0	0	0	0	0	0	0	0	0	0	0	0	20	0	0	0	0	0	0	0	0	0	0	0	0	0	0	0	0	0	0	0	0	0	0	0	0	0	0	0	0	0	32	42	0	0
k__Bacteria;p__Firmicutes;c__Clostridia;o__Clostridiales;f__Lachnospiraceae;g__NA;s__sp33454	0	0	0	0	0	0	0	0	37	0	0	0	0	0	0	0	0	0	0	0	0	11	0	20	0	15	0	0	0	0	0	0	0	22	0	0	0	22	0	0	0	0	0	0	0	0	0	0	0	0	0	0	0	22	0	0	0	0	0
k__Bacteria;p__Firmicutes;c__Clostridia;o__Clostridiales;f__Lachnospiraceae;g__NA;s__sp33454-sp33553	0	0	0	0	0	0	0	0	0	0	0	0	0	0	0	0	0	0	0	0	17	0	0	0	0	0	0	0	0	0	0	0	0	0	0	0	0	0	0	0	0	0	0	0	0	0	0	0	0	0	0	0	0	0	0	0	0	0	0
k__Bacteria;p__Firmicutes;c__Clostridia;o__Clostridiales;f__Lachnospiraceae;g__NA;s__sp33470	0	0	0	0	203	0	59	0	199	0	0	0	0	0	18	0	294	0	0	0	0	87	111	157	0	97	0	0	11	0	0	0	0	299	0	21	33	142	0	0	0	0	0	0	0	414	86	12	0	0	0	44	44	93	0	116	30	391	0
k__Bacteria;p__Firmicutes;c__Clostridia;o__Clostridiales;f__Lachnospiraceae;g__NA;s__sp33473-sp33677	0	0	0	0	0	0	28	0	0	0	0	0	0	0	0	0	0	0	0	0	0	38	0	0	0	32	0	0	0	0	0	0	0	0	0	0	11	0	0	0	0	0	0	0	0	0	0	0	11	0	0	14	0	0	0	26	0	0	0
k__Bacteria;p__Firmicutes;c__Clostridia;o__Clostridiales;f__Lachnospiraceae;g__NA;s__sp33479	0	0	0	0	0	0	0	0	0	0	0	0	0	0	0	0	0	0	0	0	0	0	0	0	0	0	0	0	0	0	13	0	0	0	0	0	0	0	0	0	0	0	0	0	0	0	0	0	0	0	0	0	0	0	0	0	0	0	0
k__Bacteria;p__Firmicutes;c__Clostridia;o__Clostridiales;f__Lachnospiraceae;g__NA;s__sp33517	0	1303	766	0	0	0	475	0	0	0	0	0	0	0	0	0	0	0	0	0	188	1438	478	0	0	1095	0	0	0	177	347	520	0	0	0	0	0	0	0	0	0	0	0	0	0	0	0	127	0	29	0	146	0	0	0	771	0	0	0
k__Bacteria;p__Firmicutes;c__Clostridia;o__Clostridiales;f__Lachnospiraceae;g__NA;s__sp33553	0	0	0	0	0	0	0	0	0	0	0	0	0	0	0	0	0	0	0	23	0	0	16	0	0	0	0	0	0	0	0	0	0	0	0	0	0	0	0	0	0	0	0	0	0	0	0	0	0	21	0	0	12	0	0	0	0	0	0
k__Bacteria;p__Firmicutes;c__Clostridia;o__Clostridiales;f__Lachnospiraceae;g__NA;s__sp33573	0	0	0	0	0	0	0	0	0	0	28	0	0	0	28	0	462	0	0	0	0	0	0	26	0	0	0	48	164	0	0	0	0	0	0	0	0	0	0	0	0	0	0	24	0	278	0	0	0	0	0	0	0	0	0	0	0	305	0
k__Bacteria;p__Firmicutes;c__Clostridia;o__Clostridiales;f__Lachnospiraceae;g__NA;s__sp33656	0	239	0	0	0	0	0	0	0	0	0	0	0	0	0	0	0	0	27	0	0	0	0	0	0	0	0	0	0	0	295	24	0	195	0	0	0	0	0	0	0	0	0	0	0	0	0	14	0	0	0	23	0	0	0	12	0	0	0
k__Bacteria;p__Firmicutes;c__Clostridia;o__Clostridiales;f__Lachnospiraceae;g__NA;s__sp33686	0	21	0	0	0	0	17	0	15	0	0	0	0	0	0	0	22	0	0	0	0	0	0	19	0	0	0	0	0	16	20	30	0	11	0	0	0	0	0	0	0	0	0	0	0	80	0	0	0	0	0	0	0	0	18	0	0	15	0
k__Bacteria;p__Firmicutes;c__Clostridia;o__Clostridiales;f__Lachnospiraceae;g__NA;s__sp33692	0	0	0	0	0	0	0	0	317	0	0	0	0	0	0	0	0	0	0	0	0	0	0	0	0	0	0	0	0	0	0	0	0	0	0	0	0	177	0	0	0	0	0	0	0	0	0	0	0	0	0	0	0	130	78	0	12	0	0
k__Bacteria;p__Firmicutes;c__Clostridia;o__Clostridiales;f__Lachnospiraceae;g__NA;s__sp33748	0	0	0	0	0	0	0	0	0	0	0	0	457	390	0	0	0	0	0	16	0	0	0	0	0	0	0	0	0	0	0	0	0	0	0	0	0	0	0	0	0	2793	0	0	0	0	0	100	37	0	0	0	0	0	0	0	0	0	0
k__Bacteria;p__Firmicutes;c__Clostridia;o__Clostridiales;f__Lachnospiraceae;g__NA;s__sp33756	0	0	0	0	0	0	0	11	0	0	0	0	0	0	0	0	0	0	0	0	0	0	0	0	0	0	0	0	0	0	0	0	0	0	0	0	0	0	0	0	0	0	0	0	0	0	0	0	0	0	0	0	0	0	0	0	0	33	0
k__Bacteria;p__Firmicutes;c__Clostridia;o__Clostridiales;f__Lachnospiraceae;g__NA;s__sp33781	0	0	0	0	0	0	14	0	0	0	0	0	0	0	0	0	0	0	0	0	0	0	0	0	0	0	0	0	0	0	0	0	0	0	0	0	0	0	0	0	0	0	0	0	0	0	0	0	0	0	0	0	0	0	0	0	0	0	0
k__Bacteria;p__Firmicutes;c__Clostridia;o__Clostridiales;f__Lachnospiraceae;g__Robinsoniella;s__peoriensis	0	0	0	0	0	0	0	0	0	0	0	0	0	0	0	0	0	0	1032	225	22	307	0	0	0	93	15	0	0	0	0	0	0	0	0	0	0	0	0	0	0	0	0	0	0	0	0	1461	108	20	0	379	21	0	0	104	0	0	0
k__Bacteria;p__Firmicutes;c__Clostridia;o__Clostridiales;f__Lachnospiraceae;g__Roseburia;s__faecis-sp33781	42	33	28	29	0	0	0	0	0	0	0	0	27	13	0	0	25	0	91	59	0	0	0	0	0	0	0	0	0	43	0	17	0	0	0	0	0	0	0	0	0	74	175	84	0	44	232	57	21	0	0	0	0	0	0	16	0	0	0
k__Bacteria;p__Firmicutes;c__Clostridia;o__Clostridiales;f__Lachnospiraceae;g__Roseburia;s__hominis	44	0	0	0	0	0	0	0	16	0	0	0	0	0	0	0	14	0	0	0	0	0	0	13	0	0	0	118	423	27	0	0	0	0	0	0	24	0	0	0	0	0	0	0	0	0	16	0	0	0	0	0	0	0	0	0	0	0	0
k__Bacteria;p__Firmicutes;c__Clostridia;o__Clostridiales;f__Lachnospiraceae;g__Roseburia;s__intestinalis	0	0	0	0	29	0	0	14	0	0	302	30	51	0	83	240	0	0	0	0	0	0	0	0	0	0	0	0	0	0	0	0	0	31	15	0	0	0	0	89	0	49	0	56	203	0	0	0	0	0	0	0	0	0	0	0	0	0	0
k__Bacteria;p__Firmicutes;c__Clostridia;o__Clostridiales;f__Lachnospiraceae;g__Roseburia;s__inulinivorans	57	69	88	0	0	13	0	0	0	0	0	0	494	51	0	48	68	0	208	86	0	0	19	0	0	0	0	0	0	176	17	31	0	0	38	0	0	0	11	0	0	462	0	0	15	0	0	93	62	0	0	11	20	0	21	0	0	0	0
k__Bacteria;p__Firmicutes;c__Clostridia;o__Clostridiales;f__Lachnospiraceae;g__Roseburia;s__sp33175	0	0	0	0	0	0	0	0	0	0	0	0	27	0	0	0	0	0	0	0	0	0	0	0	0	0	0	0	0	0	0	0	0	0	0	0	0	0	0	0	0	12	0	0	0	0	0	0	50	0	0	0	0	0	0	0	0	0	0
k__Bacteria;p__Firmicutes;c__Clostridia;o__Clostridiales;f__Lachnospiraceae;g__Roseburia;s__sp33185	0	0	0	0	0	0	25	0	0	0	0	0	0	0	0	0	0	0	0	0	0	0	0	0	0	37	0	0	0	0	0	0	0	0	0	0	16	0	0	0	0	0	0	0	0	0	0	0	0	0	0	0	0	0	0	13	0	0	0
k__Bacteria;p__Firmicutes;c__Clostridia;o__Clostridiales;f__Lachnospiraceae;g__Tyzzerella;s__sp33281	0	0	23	0	106	0	0	0	0	0	0	0	122	13	0	0	0	0	73	0	0	0	0	11	0	0	0	23	54	24	15	0	0	17	0	0	0	0	0	0	0	137	0	0	0	0	0	18	0	0	0	0	0	0	0	0	0	122	0
k__Bacteria;p__Firmicutes;c__Clostridia;o__Clostridiales;f__Lachnospiraceae;g__Tyzzerella;s__sp33297	0	0	0	0	0	0	0	0	0	0	34	0	15	0	18	0	0	0	0	0	0	0	0	0	0	0	0	0	0	0	0	0	0	0	0	0	0	0	0	15	0	21	0	0	0	0	0	0	0	0	0	0	0	0	0	0	0	0	0
k__Bacteria;p__Firmicutes;c__Clostridia;o__Clostridiales;f__NA;g__Alkaliphilus;s__sp30985	0	0	0	0	0	0	0	0	0	0	0	0	0	0	0	0	0	0	0	0	0	0	0	0	0	0	0	0	0	0	0	0	0	0	0	0	0	0	0	0	16	0	0	0	0	0	0	0	0	0	0	0	0	0	0	0	0	0	0
k__Bacteria;p__Firmicutes;c__Clostridia;o__Clostridiales;f__NA;g__NA;s__sp30555	0	0	0	0	0	11	72	108	991	1031	0	0	0	23	0	0	0	0	0	0	0	0	0	426	2058	58	35	0	0	0	0	0	0	505	14	39	57	634	1229	0	0	0	0	0	0	0	0	0	0	0	0	14	0	889	703	56	49	0	0
k__Bacteria;p__Firmicutes;c__Clostridia;o__Clostridiales;f__NA;g__NA;s__sp31117	0	0	0	0	0	0	0	0	0	0	0	0	0	0	0	0	0	0	0	0	0	0	0	0	0	0	0	0	0	0	0	0	0	0	0	0	0	0	0	0	0	0	0	0	0	0	0	0	0	0	0	11	0	0	0	0	0	0	0
k__Bacteria;p__Firmicutes;c__Clostridia;o__Clostridiales;f__NA;g__Sarcina;s__sp30952	0	0	0	0	0	0	0	0	0	0	0	61	0	23	0	0	0	0	0	0	0	0	0	0	0	0	0	0	0	0	0	0	0	0	0	0	0	0	0	0	0	0	0	0	0	0	0	0	0	0	0	0	0	0	0	0	0	0	0
k__Bacteria;p__Firmicutes;c__Clostridia;o__Clostridiales;f__NA;g__Sarcina;s__ventriculi	0	0	0	0	0	0	0	0	0	0	0	0	0	0	0	0	0	0	0	0	0	0	0	0	0	0	0	0	0	0	0	0	0	67	0	0	0	0	0	0	0	0	0	0	0	0	0	0	0	0	0	0	0	0	0	0	0	0	0
k__Bacteria;p__Firmicutes;c__Clostridia;o__Clostridiales;f__Peptococcaceae;g__Peptococcus;s__sp34121	0	0	0	0	64	23	0	0	0	0	0	0	0	0	0	0	0	0	0	0	19	737	76	0	0	0	0	0	0	0	0	0	0	27	57	0	0	0	0	0	0	0	0	0	0	0	0	0	0	105	0	688	150	0	0	0	0	0	0
k__Bacteria;p__Firmicutes;c__Clostridia;o__Clostridiales;f__Peptostreptococcaceae;g__Asaccharospora-Intestinibacter;s__bartlettii-sp34265	0	0	0	0	0	0	0	0	0	0	0	0	0	0	0	0	0	0	0	0	0	0	0	0	0	0	0	16	0	0	0	0	0	0	0	0	0	0	0	0	0	0	0	0	0	0	0	0	0	0	0	0	0	0	0	0	0	0	0
k__Bacteria;p__Firmicutes;c__Clostridia;o__Clostridiales;f__Peptostreptococcaceae;g__Asaccharospora;s__sp34265	0	1135	343	0	0	0	0	0	0	0	0	0	0	0	630	0	0	0	0	0	0	0	0	0	0	0	0	0	46	0	0	277	0	0	0	0	0	0	0	0	0	0	0	0	0	0	0	0	0	0	0	0	0	0	0	0	0	0	0
k__Bacteria;p__Firmicutes;c__Clostridia;o__Clostridiales;f__Peptostreptococcaceae;g__Intestinibacter;s__bartlettii	0	0	0	0	4083	27	1333	221	0	0	2745	331	1492	589	2120	72	0	0	26	25	12	38	21	0	29	116	77	72	189	0	0	0	0	5076	68	597	1029	0	19	1496	36	1869	243	1762	67	390	0	16	35	0	28	43	36	0	0	124	78	0	0
k__Bacteria;p__Firmicutes;c__Clostridia;o__Clostridiales;f__Peptostreptococcaceae;g__Paeniclostridium;s__sordellii	0	0	0	0	0	0	0	0	0	0	0	0	549	1266	0	0	0	0	0	0	0	0	0	0	0	0	0	0	0	0	0	0	0	74	0	0	0	0	0	0	0	382	921	0	0	0	0	0	0	0	0	0	0	0	0	0	0	0	0
k__Bacteria;p__Firmicutes;c__Clostridia;o__Clostridiales;f__Peptostreptococcaceae;g__Paraclostridium-Peptoclostridium;s__bifermentans-difficile	0	0	0	0	0	0	0	0	0	0	0	0	0	0	672	0	0	0	18874	12222	13912	28698	14650	108	0	9129	31363	0	0	0	0	0	0	78	0	0	0	0	0	67	0	0	0	0	0	0	0	11269	18654	14171	18917	20687	9812	0	0	11381	4070	302	0
k__Bacteria;p__Firmicutes;c__Clostridia;o__Clostridiales;f__Peptostreptococcaceae;g__Romboutsia;s__ilealis	208	366	170	153	23	19	35	90	4178	3967	4072	1162	157	608	3919	2386	0	0	57	32	106	20	17	1935	8436	42	31	0	0	41	227	155	182	1090	16	30	52	2454	4934	2474	606	215	333	3391	1227	0	0	44	46	110	301	20	0	3497	2619	54	29	0	0
k__Bacteria;p__Firmicutes;c__Clostridia;o__Clostridiales;f__Peptostreptococcaceae;g__Romboutsia;s__lituseburensis	0	0	0	0	0	0	0	0	0	0	0	0	29	24	0	0	0	0	0	0	0	0	0	0	0	0	0	0	0	0	0	0	0	0	0	0	0	0	0	0	0	24	17	0	0	0	0	0	0	0	0	0	0	0	0	0	0	0	0
k__Bacteria;p__Firmicutes;c__Clostridia;o__Clostridiales;f__Peptostreptococcaceae;g__Terrisporobacter;s__sp34393	0	0	0	0	0	0	15	19	0	0	0	0	0	37	0	0	0	0	0	0	0	0	0	0	0	15	0	0	0	0	0	0	0	260	0	17	11	0	0	0	0	0	17	0	0	0	0	0	0	0	0	0	0	0	12	0	0	0	0
k__Bacteria;p__Firmicutes;c__Clostridia;o__Clostridiales;f__Ruminococcaceae;g__*Soleaferrea;s__sp34492	0	69	97	0	12	0	0	0	0	0	0	0	0	0	0	0	0	0	0	15	15	19	0	12	0	0	0	0	0	28	54	44	0	0	0	0	0	0	0	0	0	0	0	0	0	0	0	12	0	14	0	12	0	0	0	0	0	15	0
k__Bacteria;p__Firmicutes;c__Clostridia;o__Clostridiales;f__Ruminococcaceae;g__*Soleaferrea;s__sp34499	0	0	0	0	0	0	0	0	0	0	0	0	0	0	0	0	0	0	0	0	0	0	0	16	0	0	0	0	0	0	0	0	0	0	0	0	0	0	0	0	0	0	0	0	0	0	0	0	0	0	0	0	0	0	0	0	0	0	0
k__Bacteria;p__Firmicutes;c__Clostridia;o__Clostridiales;f__Ruminococcaceae;g__*Soleaferrea;s__sp34501	0	0	0	0	0	0	0	0	0	0	0	0	0	0	0	0	0	0	0	35	0	0	0	0	0	0	0	0	0	0	0	0	0	0	0	0	0	0	0	0	0	0	0	0	0	0	0	0	0	0	0	0	0	0	0	0	0	0	0
k__Bacteria;p__Firmicutes;c__Clostridia;o__Clostridiales;f__Ruminococcaceae;g__*Soleaferrea;s__sp34506	0	0	0	0	0	0	29	0	0	0	153	62	0	0	185	13	0	0	27	15	15	0	0	0	0	22	0	0	0	0	0	0	0	0	0	0	14	0	0	94	0	0	0	90	0	0	0	16	0	0	0	0	0	0	0	19	0	29	0
k__Bacteria;p__Firmicutes;c__Clostridia;o__Clostridiales;f__Ruminococcaceae;g__Acetanaerobacterium;s__sp34408	0	12	15	0	15	0	0	0	0	0	0	0	0	0	0	0	0	0	0	0	22	14	0	0	0	0	0	0	0	0	15	0	0	16	0	0	0	0	0	0	0	0	0	0	0	13	0	0	0	11	0	24	0	0	0	0	0	0	0
k__Bacteria;p__Firmicutes;c__Clostridia;o__Clostridiales;f__Ruminococcaceae;g__Anaerofilum;s__sp34429	0	0	18	0	22	0	0	0	11	0	0	0	0	0	0	0	0	0	0	0	0	13	0	19	0	0	0	0	0	0	0	0	0	28	0	0	0	0	0	0	0	0	0	0	0	0	0	0	0	0	0	0	0	0	0	0	0	0	0
k__Bacteria;p__Firmicutes;c__Clostridia;o__Clostridiales;f__Ruminococcaceae;g__Anaerotruncus;s__colihominis	0	0	13	0	0	0	0	0	0	0	0	0	0	0	0	0	19	0	0	0	0	0	0	0	0	0	0	0	0	0	0	0	0	0	0	0	0	0	0	0	0	0	0	0	0	15	0	0	0	0	0	0	0	0	0	0	0	15	0
k__Bacteria;p__Firmicutes;c__Clostridia;o__Clostridiales;f__Ruminococcaceae;g__Anaerotruncus;s__sp34439	0	0	0	0	63	0	242	13	0	0	0	0	0	0	0	0	0	0	0	0	13	194	0	0	0	865	0	0	0	0	0	0	0	105	0	96	184	0	0	0	0	0	0	0	0	0	0	0	0	0	0	26	0	0	0	710	0	0	0
k__Bacteria;p__Firmicutes;c__Clostridia;o__Clostridiales;f__Ruminococcaceae;g__Anaerotruncus;s__sp34451	0	0	0	0	0	0	0	0	0	0	0	0	0	0	0	0	0	0	0	0	19	0	0	0	0	0	0	0	0	0	0	0	0	0	0	0	0	0	0	0	0	0	0	0	0	0	0	0	0	0	0	0	0	0	0	0	0	0	0
k__Bacteria;p__Firmicutes;c__Clostridia;o__Clostridiales;f__Ruminococcaceae;g__Anaerotruncus;s__sp34453	0	0	0	0	0	0	0	0	0	0	0	0	0	0	0	0	0	0	0	0	0	0	0	0	0	0	0	0	0	0	0	0	0	17	0	0	0	0	0	0	0	0	0	0	0	0	0	0	0	0	0	0	0	0	0	0	0	0	0
k__Bacteria;p__Firmicutes;c__Clostridia;o__Clostridiales;f__Ruminococcaceae;g__Anaerotruncus;s__sp34478	0	0	0	0	15	0	0	0	0	0	0	0	0	0	0	0	0	0	0	0	0	0	0	0	0	0	0	0	0	0	0	0	0	19	0	0	0	0	0	0	0	0	0	0	0	0	0	0	0	0	0	14	0	22	33	0	0	0	0
k__Bacteria;p__Firmicutes;c__Clostridia;o__Clostridiales;f__Ruminococcaceae;g__Butyricicoccus-Ruminiclostridium;s__pullicaecorum-sp34921	0	0	0	0	104	0	0	0	0	0	0	0	0	0	0	0	0	0	0	0	0	32	0	0	0	0	0	0	0	0	0	0	0	82	0	0	0	0	0	0	0	0	0	0	0	0	0	0	0	0	0	14	0	0	0	0	0	0	0
k__Bacteria;p__Firmicutes;c__Clostridia;o__Clostridiales;f__Ruminococcaceae;g__Eubacterium;s__sp35686	0	0	0	0	0	0	0	0	0	0	0	0	54	21	0	0	0	0	55	0	0	0	0	0	0	0	0	0	0	0	0	0	0	0	0	0	0	0	0	0	0	236	0	0	0	0	0	25	0	0	0	0	0	0	0	0	0	0	0
k__Bacteria;p__Firmicutes;c__Clostridia;o__Clostridiales;f__Ruminococcaceae;g__Faecalibacterium;s__prausnitzii	479	765	1442	2376	485	1897	189	502	29	0	0	0	0	0	0	126	21	238	151	2641	235	580	1380	0	0	308	88	0	0	419	303	700	4108	731	1483	307	374	22	28	0	41	0	2225	0	80	0	429	298	673	155	79	583	1069	0	30	448	1153	0	0
k__Bacteria;p__Firmicutes;c__Clostridia;o__Clostridiales;f__Ruminococcaceae;g__Faecalibacterium;s__sp34544	70	12	0	21	0	0	149	101	26	0	0	0	0	0	0	0	0	0	16	14	0	0	16	0	0	155	16	0	0	0	0	0	0	0	0	41	57	18	0	0	0	48	0	0	0	0	0	0	450	0	0	13	37	0	0	162	216	0	0
k__Bacteria;p__Firmicutes;c__Clostridia;o__Clostridiales;f__Ruminococcaceae;g__Faecalibacterium;s__sp34558	291	250	314	503	47	234	153	22	0	0	127	1421	0	197	672	6305	0	234	0	0	0	0	0	0	0	64	0	0	0	318	49	238	241	0	281	43	53	0	0	296	229	1385	0	644	3474	122	325	0	0	0	0	0	56	0	0	71	257	0	0
k__Bacteria;p__Firmicutes;c__Clostridia;o__Clostridiales;f__Ruminococcaceae;g__Flavonifractor;s__plautii	21	953	1116	0	84	0	225	0	22	0	1375	110	838	65	293	43	0	0	19	45	79	109	31	46	0	126	0	0	0	354	843	537	13	388	0	95	135	0	0	698	0	428	0	245	31	0	0	24	26	88	0	83	0	0	0	157	19	0	0
k__Bacteria;p__Firmicutes;c__Clostridia;o__Clostridiales;f__Ruminococcaceae;g__Hydrogenoanaerobacterium;s__sp34616	0	0	0	0	0	0	0	0	96	0	0	0	0	0	0	0	0	0	0	0	0	0	0	307	0	0	0	0	0	0	0	0	0	14	0	0	0	0	0	0	0	0	0	0	0	0	0	0	0	0	0	0	0	0	0	0	0	0	0
k__Bacteria;p__Firmicutes;c__Clostridia;o__Clostridiales;f__Ruminococcaceae;g__Intestinimonas;s__butyriciproducens	0	0	0	0	0	0	0	0	0	0	0	0	0	0	0	0	0	0	46	31	0	21	11	0	0	0	0	0	0	0	0	0	0	0	0	0	0	0	0	0	0	0	0	0	0	0	0	18	15	0	0	19	0	0	0	0	0	0	0
k__Bacteria;p__Firmicutes;c__Clostridia;o__Clostridiales;f__Ruminococcaceae;g__NA;s__sp33136	0	0	0	0	55	0	76	0	0	0	0	0	0	0	0	0	0	0	0	0	0	35	0	0	0	136	0	0	0	0	0	0	0	0	0	33	40	0	0	0	0	0	0	0	0	0	0	0	0	0	0	25	0	0	0	145	0	0	0
k__Bacteria;p__Firmicutes;c__Clostridia;o__Clostridiales;f__Ruminococcaceae;g__NA;s__sp34765	0	0	0	0	0	0	0	0	0	0	11	0	0	0	0	0	32	0	0	0	0	0	0	0	0	0	0	0	31	0	0	0	0	0	0	0	0	0	0	0	0	0	0	0	0	52	0	0	0	0	0	0	0	0	0	0	0	51	0
k__Bacteria;p__Firmicutes;c__Clostridia;o__Clostridiales;f__Ruminococcaceae;g__NA;s__sp34773-sp34790	0	11	0	0	0	0	0	0	0	0	0	0	0	0	0	0	0	0	0	0	0	0	0	0	0	0	0	0	0	0	11	0	0	0	0	0	0	0	0	14	0	0	0	0	0	0	0	0	0	0	0	0	0	0	0	0	0	0	0
k__Bacteria;p__Firmicutes;c__Clostridia;o__Clostridiales;f__Ruminococcaceae;g__NA;s__sp34790	0	0	0	0	0	0	0	0	0	0	0	0	0	0	0	0	0	0	0	0	0	0	0	0	0	0	0	0	0	0	0	0	0	0	0	0	0	23	0	0	0	0	0	0	0	0	0	0	0	0	0	0	0	26	0	0	0	0	0
k__Bacteria;p__Firmicutes;c__Clostridia;o__Clostridiales;f__Ruminococcaceae;g__NA;s__sp34793	0	0	0	0	0	0	0	0	0	0	0	0	20	0	0	0	0	0	0	0	0	0	0	0	0	0	0	0	0	0	0	0	0	0	0	0	0	0	0	0	0	38	0	0	0	0	0	0	0	0	0	0	0	0	0	0	0	0	0
k__Bacteria;p__Firmicutes;c__Clostridia;o__Clostridiales;f__Ruminococcaceae;g__NA;s__sp34795	87	509	114	38	76	13	21	0	26	0	35	0	0	0	34	23	62	0	52	99	221	42	40	0	0	24	0	48	101	338	200	351	166	242	281	12	11	220	0	272	0	0	0	658	0	202	12	218	106	435	107	606	1298	90	151	512	223	112	0
k__Bacteria;p__Firmicutes;c__Clostridia;o__Clostridiales;f__Ruminococcaceae;g__NA;s__sp34815	0	0	0	0	0	0	0	0	0	0	0	0	0	0	0	0	0	0	0	0	0	0	0	0	0	0	0	0	0	0	0	0	0	0	0	0	0	0	0	0	0	0	0	0	0	0	0	0	0	0	0	19	0	0	0	0	0	0	0
k__Bacteria;p__Firmicutes;c__Clostridia;o__Clostridiales;f__Ruminococcaceae;g__NA;s__sp34820	0	0	0	0	23	0	0	0	0	0	0	0	0	0	0	0	0	0	0	0	0	24	0	13	0	0	0	0	0	0	0	0	0	76	0	0	0	27	0	0	0	0	0	0	0	0	0	0	0	0	0	95	38	43	25	0	0	0	0
k__Bacteria;p__Firmicutes;c__Clostridia;o__Clostridiales;f__Ruminococcaceae;g__NA;s__sp34850	0	0	0	0	0	0	0	0	0	0	0	0	0	0	0	0	0	0	26	0	23	27	0	0	0	0	0	0	0	0	0	0	0	0	0	0	0	0	0	59	0	17	0	0	0	0	0	14	0	0	0	29	0	0	0	0	0	0	0
k__Bacteria;p__Firmicutes;c__Clostridia;o__Clostridiales;f__Ruminococcaceae;g__NA;s__sp34851	0	32	0	0	0	0	31	0	0	0	0	0	0	0	0	0	0	0	0	0	0	47	22	0	0	33	0	0	0	18	0	0	0	0	0	0	22	0	0	0	0	0	0	0	0	0	0	0	0	0	0	13	0	0	0	20	0	0	0
k__Bacteria;p__Firmicutes;c__Clostridia;o__Clostridiales;f__Ruminococcaceae;g__NA;s__sp34857	0	0	96	0	0	0	0	0	0	0	0	0	0	0	0	0	0	0	0	0	0	11	0	0	0	0	0	0	0	0	0	0	0	0	0	0	0	0	0	0	0	0	0	0	0	0	0	0	0	0	0	0	0	0	0	0	0	0	0
k__Bacteria;p__Firmicutes;c__Clostridia;o__Clostridiales;f__Ruminococcaceae;g__NA;s__sp34859	0	0	0	0	0	0	0	0	0	0	0	0	0	0	0	0	0	0	0	0	0	0	0	12	0	0	0	0	0	0	0	0	0	0	0	0	0	0	0	0	0	0	0	0	0	0	0	0	0	0	0	0	0	0	0	0	0	0	0
k__Bacteria;p__Firmicutes;c__Clostridia;o__Clostridiales;f__Ruminococcaceae;g__NA;s__sp34980	0	0	0	0	0	0	241	22	184	0	0	0	0	0	0	0	0	0	67	16	234	151	35	68	0	519	0	0	0	0	0	0	0	30	0	81	177	70	0	0	0	0	0	0	0	0	0	69	29	252	0	240	25	40	0	545	18	0	0
k__Bacteria;p__Firmicutes;c__Clostridia;o__Clostridiales;f__Ruminococcaceae;g__NA;s__sp35037	0	0	0	0	0	0	16	0	847	0	0	0	0	0	0	0	0	0	0	0	48	22	0	105	0	133	0	0	0	0	0	0	0	91	0	0	0	485	0	0	0	0	0	0	0	0	0	0	0	50	0	26	0	27	0	208	0	0	0
k__Bacteria;p__Firmicutes;c__Clostridia;o__Clostridiales;f__Ruminococcaceae;g__NA;s__sp35038	0	0	0	0	0	0	0	0	60	0	0	0	0	0	0	0	0	0	0	0	0	0	0	0	0	0	0	0	0	0	0	0	0	0	0	0	0	11	0	0	0	0	0	0	0	0	0	0	0	0	0	0	0	0	0	0	0	0	0
k__Bacteria;p__Firmicutes;c__Clostridia;o__Clostridiales;f__Ruminococcaceae;g__NA;s__sp35038-sp35044	0	0	0	0	0	0	24	12	0	0	0	0	0	0	0	0	0	0	0	0	0	20	0	0	0	51	0	0	0	0	0	0	0	0	0	26	47	0	0	0	0	0	0	0	0	0	0	0	0	0	0	21	0	0	0	69	11	0	0
k__Bacteria;p__Firmicutes;c__Clostridia;o__Clostridiales;f__Ruminococcaceae;g__NA;s__sp35046	0	0	0	0	17	0	50	0	11	0	0	0	90	11	0	0	0	0	31	0	0	45	0	0	0	60	0	0	0	0	0	0	0	25	0	33	46	0	0	0	0	56	0	0	0	0	0	11	0	0	0	14	0	0	0	58	0	0	0
k__Bacteria;p__Firmicutes;c__Clostridia;o__Clostridiales;f__Ruminococcaceae;g__NA;s__sp35056	0	81	50	0	0	0	237	0	25	0	0	0	0	0	0	0	0	0	19	17	0	111	44	0	0	427	0	0	0	0	69	0	0	22	0	59	95	0	0	0	0	0	0	0	0	0	0	20	0	0	0	46	0	0	0	303	77	0	0
k__Bacteria;p__Firmicutes;c__Clostridia;o__Clostridiales;f__Ruminococcaceae;g__NA;s__sp35083	0	0	0	0	30	0	0	0	0	0	0	0	0	0	0	0	0	0	14	0	16	37	0	0	0	29	0	0	0	0	0	0	0	36	0	0	0	0	0	0	0	0	0	0	0	0	0	0	0	15	0	16	0	0	0	23	0	0	0
k__Bacteria;p__Firmicutes;c__Clostridia;o__Clostridiales;f__Ruminococcaceae;g__NA;s__sp35100	0	0	0	0	0	0	0	0	0	0	0	0	0	0	0	0	0	0	0	0	0	0	0	0	0	0	0	0	0	0	0	0	0	22	0	0	0	0	0	0	0	0	0	0	0	0	0	0	0	0	0	0	0	0	0	0	0	0	0
k__Bacteria;p__Firmicutes;c__Clostridia;o__Clostridiales;f__Ruminococcaceae;g__NA;s__sp35120-sp35138	0	0	0	0	0	0	0	0	0	0	0	0	0	0	0	0	0	0	0	0	0	0	0	0	0	36	0	0	0	0	0	0	0	0	0	0	0	0	0	0	0	0	0	0	0	0	0	0	0	0	0	0	0	0	0	20	0	0	0
k__Bacteria;p__Firmicutes;c__Clostridia;o__Clostridiales;f__Ruminococcaceae;g__NA;s__sp35124	0	0	0	0	0	0	0	0	0	0	0	0	0	0	0	0	0	0	0	0	0	0	0	0	0	13	0	0	0	0	0	0	0	0	0	0	0	0	0	0	0	0	0	0	0	0	0	0	0	0	0	0	0	0	0	0	0	0	0
k__Bacteria;p__Firmicutes;c__Clostridia;o__Clostridiales;f__Ruminococcaceae;g__NA;s__sp35125	0	0	0	0	47	0	21	0	0	0	0	0	0	0	0	0	0	0	0	0	0	15	0	0	0	44	0	0	0	0	0	0	0	30	0	0	0	0	0	0	0	0	0	0	0	0	0	0	0	0	0	11	0	0	0	33	0	0	0
k__Bacteria;p__Firmicutes;c__Clostridia;o__Clostridiales;f__Ruminococcaceae;g__NA;s__sp35127	0	0	0	0	0	0	0	0	0	0	0	0	0	0	0	0	0	0	0	0	0	0	0	0	0	13	0	0	0	0	0	0	0	0	0	0	0	0	0	0	0	0	0	0	0	0	0	0	0	0	0	0	0	0	0	21	0	0	0
k__Bacteria;p__Firmicutes;c__Clostridia;o__Clostridiales;f__Ruminococcaceae;g__NA;s__sp35179	0	0	0	0	0	0	0	0	0	0	0	0	0	0	0	0	0	0	0	0	0	0	0	0	0	23	0	0	0	0	0	0	0	0	0	0	0	0	0	0	0	0	0	0	0	0	0	0	0	0	0	0	0	0	0	23	0	0	0
k__Bacteria;p__Firmicutes;c__Clostridia;o__Clostridiales;f__Ruminococcaceae;g__NA;s__sp35287-sp35305	0	0	0	0	0	0	0	0	0	0	0	0	0	0	16	0	0	0	0	0	73	0	0	0	0	0	0	0	0	0	0	0	0	0	0	0	0	0	0	0	0	0	0	0	0	0	0	0	0	57	0	0	0	0	0	0	0	0	0
k__Bacteria;p__Firmicutes;c__Clostridia;o__Clostridiales;f__Ruminococcaceae;g__NA;s__sp35297	0	0	0	0	12	0	0	44	0	0	0	0	0	0	0	0	0	0	0	0	0	14	0	0	0	0	0	0	0	0	0	0	0	0	0	0	0	0	0	0	0	0	0	0	0	0	0	0	0	0	0	0	0	0	0	0	0	0	0
k__Bacteria;p__Firmicutes;c__Clostridia;o__Clostridiales;f__Ruminococcaceae;g__NA;s__sp35424	0	0	0	0	0	0	0	0	0	0	0	0	0	0	0	0	0	0	0	0	0	0	0	0	0	0	0	0	0	0	0	0	0	0	0	0	12	0	0	0	0	0	0	0	0	0	0	0	0	0	0	0	0	0	0	0	0	0	0
k__Bacteria;p__Firmicutes;c__Clostridia;o__Clostridiales;f__Ruminococcaceae;g__NA;s__sp35473	0	0	0	0	0	0	0	0	0	0	0	0	0	0	0	0	0	0	0	0	31	0	0	0	0	0	0	0	0	0	0	0	0	0	0	0	0	0	0	0	0	0	0	0	0	0	0	0	0	0	0	0	0	0	0	0	0	0	0
k__Bacteria;p__Firmicutes;c__Clostridia;o__Clostridiales;f__Ruminococcaceae;g__NA;s__sp35487	0	0	0	0	0	0	46	86	0	0	0	0	0	0	0	0	0	0	0	0	0	0	0	0	0	56	28	0	0	0	0	0	0	0	0	44	61	0	0	0	0	0	0	0	0	0	0	0	0	0	0	0	0	0	0	35	29	0	0
k__Bacteria;p__Firmicutes;c__Clostridia;o__Clostridiales;f__Ruminococcaceae;g__NA;s__sp35604	0	0	0	0	0	0	0	0	0	0	0	0	0	0	0	0	0	0	0	0	40	0	0	0	0	0	0	0	0	0	0	0	0	0	0	0	0	0	0	0	0	0	0	0	0	0	0	0	0	26	0	0	0	0	0	0	0	0	0
k__Bacteria;p__Firmicutes;c__Clostridia;o__Clostridiales;f__Ruminococcaceae;g__NA;s__sp35646	0	0	0	0	0	0	0	0	0	0	22	0	0	0	16	0	0	0	0	0	0	0	0	0	0	0	0	0	0	0	0	0	0	0	0	0	0	0	0	0	0	0	0	0	0	0	0	0	0	0	0	0	0	0	0	0	0	0	0
k__Bacteria;p__Firmicutes;c__Clostridia;o__Clostridiales;f__Ruminococcaceae;g__NA;s__sp35665	0	0	0	0	0	0	67	0	0	0	0	0	0	0	0	0	0	0	0	0	66	0	0	0	0	70	0	0	0	0	0	0	0	0	0	31	68	0	0	0	0	0	0	0	0	0	0	0	0	54	0	0	0	0	0	62	0	0	0
k__Bacteria;p__Firmicutes;c__Clostridia;o__Clostridiales;f__Ruminococcaceae;g__NA;s__sp35667	0	0	0	0	0	0	0	0	0	0	0	0	0	0	0	0	13	0	0	0	0	0	0	0	0	0	0	0	0	0	0	0	0	0	0	0	0	0	0	0	0	0	0	0	0	0	0	0	0	0	0	0	0	0	0	0	0	0	0
k__Bacteria;p__Firmicutes;c__Clostridia;o__Clostridiales;f__Ruminococcaceae;g__NA;s__sp35669	0	0	0	0	0	0	0	0	13	0	0	0	0	0	0	0	0	0	0	0	0	0	0	0	0	0	0	0	0	0	0	0	0	0	0	0	0	11	0	0	0	0	0	0	0	0	0	0	0	0	0	0	0	0	0	0	0	0	0
k__Bacteria;p__Firmicutes;c__Clostridia;o__Clostridiales;f__Ruminococcaceae;g__NA;s__sp35690	0	22	32	0	13	0	0	0	0	0	360	0	43	0	23	0	0	0	0	0	18	27	0	0	0	0	0	0	0	0	12	37	0	37	0	0	0	0	0	295	0	24	0	0	0	0	0	0	0	18	0	0	0	0	0	0	0	0	0
k__Bacteria;p__Firmicutes;c__Clostridia;o__Clostridiales;f__Ruminococcaceae;g__NA;s__sp35703	0	0	0	0	0	0	0	0	0	0	0	0	0	0	0	0	0	0	0	0	0	16	0	0	0	0	0	0	0	0	0	0	0	0	0	0	0	0	0	0	0	0	0	0	0	0	0	0	0	0	0	0	0	0	0	0	0	0	0
k__Bacteria;p__Firmicutes;c__Clostridia;o__Clostridiales;f__Ruminococcaceae;g__NA;s__sp35738-sp35830	0	0	0	0	0	0	0	0	29	0	0	0	0	0	0	0	0	0	0	0	0	0	0	0	0	0	0	0	0	0	0	0	0	0	0	0	0	0	0	0	0	0	0	0	0	0	0	0	0	0	0	0	0	0	0	0	0	0	0
k__Bacteria;p__Firmicutes;c__Clostridia;o__Clostridiales;f__Ruminococcaceae;g__NA;s__sp35758	0	0	41	0	0	0	17	0	0	0	0	0	277	27	0	0	0	0	0	0	0	0	0	0	0	0	0	0	0	0	0	15	0	0	0	0	0	0	0	0	0	238	0	0	0	0	0	0	0	0	0	0	0	0	0	0	0	0	0
k__Bacteria;p__Firmicutes;c__Clostridia;o__Clostridiales;f__Ruminococcaceae;g__NA;s__sp35759	0	12	19	0	0	0	0	0	0	0	0	0	0	0	0	0	0	0	0	0	0	0	0	20	0	0	0	0	0	0	36	22	0	0	0	0	0	0	0	0	0	0	0	0	0	0	0	0	0	0	0	0	0	0	0	15	0	0	0
k__Bacteria;p__Firmicutes;c__Clostridia;o__Clostridiales;f__Ruminococcaceae;g__NA;s__sp35765	0	0	0	0	0	0	0	0	34	0	0	0	0	0	0	0	0	0	0	0	0	0	0	52	0	0	0	0	0	0	0	0	0	0	0	0	0	28	0	0	0	0	0	0	0	0	0	0	0	0	0	0	0	0	0	0	0	0	0
k__Bacteria;p__Firmicutes;c__Clostridia;o__Clostridiales;f__Ruminococcaceae;g__NA;s__sp35770	0	71	195	0	434	0	0	0	0	0	348	0	0	0	0	0	0	0	0	0	0	102	14	0	0	105	0	0	0	0	47	29	0	484	0	0	17	0	0	156	0	0	0	66	0	0	0	0	0	0	0	75	0	0	0	51	0	0	0
k__Bacteria;p__Firmicutes;c__Clostridia;o__Clostridiales;f__Ruminococcaceae;g__NA;s__sp35784	0	13	11	0	0	0	0	0	0	0	28	0	0	0	0	0	0	0	0	0	0	0	0	0	0	0	0	0	17	0	0	0	0	0	0	0	0	0	0	32	0	40	0	0	0	0	0	0	0	0	0	0	0	0	0	0	0	14	0
k__Bacteria;p__Firmicutes;c__Clostridia;o__Clostridiales;f__Ruminococcaceae;g__NA;s__sp35796	0	0	0	0	0	0	0	0	0	0	0	0	0	0	0	0	0	0	0	0	0	15	0	0	0	0	0	0	0	0	0	0	0	11	0	0	0	0	0	0	0	0	0	0	0	0	0	0	0	0	0	0	0	0	0	0	0	0	0
k__Bacteria;p__Firmicutes;c__Clostridia;o__Clostridiales;f__Ruminococcaceae;g__NA;s__sp35799	0	11	0	0	0	0	0	0	0	0	0	0	0	0	0	0	0	0	0	0	0	0	0	0	0	0	0	0	0	0	0	0	0	0	0	0	0	0	0	0	0	0	0	0	0	0	0	0	0	0	0	0	0	0	0	0	0	0	0
k__Bacteria;p__Firmicutes;c__Clostridia;o__Clostridiales;f__Ruminococcaceae;g__NA;s__sp35829	0	0	0	0	0	0	20	0	0	0	0	0	0	0	0	0	0	0	27	0	31	0	0	0	0	33	0	0	0	0	0	0	0	0	0	0	11	0	0	0	0	0	0	0	0	0	0	23	0	23	0	0	0	0	0	36	0	0	0
k__Bacteria;p__Firmicutes;c__Clostridia;o__Clostridiales;f__Ruminococcaceae;g__NA;s__sp35830	0	0	0	0	39	0	0	0	0	0	0	0	0	0	0	0	0	0	0	0	0	24	0	0	0	0	0	0	0	0	0	0	0	61	0	0	0	39	0	0	0	0	0	0	0	0	0	0	0	0	0	14	0	0	0	0	0	0	0
k__Bacteria;p__Firmicutes;c__Clostridia;o__Clostridiales;f__Ruminococcaceae;g__NA;s__sp35834	0	146	41	0	36	0	31	0	0	0	374	0	0	0	193	0	0	0	22	0	0	43	0	13	0	28	0	0	25	40	100	28	0	75	0	0	17	0	0	145	0	0	0	363	0	21	0	11	0	0	0	33	0	0	0	26	0	52	0
k__Bacteria;p__Firmicutes;c__Clostridia;o__Clostridiales;f__Ruminococcaceae;g__NA;s__sp35840	0	0	0	0	0	0	0	0	0	0	0	0	0	0	0	0	0	0	0	0	0	0	0	0	0	0	0	0	0	0	14	0	0	0	0	0	0	0	0	0	0	0	0	0	0	0	0	0	0	0	0	0	0	0	0	0	0	0	0
k__Bacteria;p__Firmicutes;c__Clostridia;o__Clostridiales;f__Ruminococcaceae;g__NA;s__sp35866	0	11	0	0	56	0	0	0	0	0	0	0	0	0	0	0	0	0	0	0	0	35	0	0	0	0	0	0	0	0	0	0	0	42	0	0	0	0	0	0	0	0	0	0	0	0	0	0	0	0	0	25	0	0	0	0	0	0	0
k__Bacteria;p__Firmicutes;c__Clostridia;o__Clostridiales;f__Ruminococcaceae;g__Pseudoflavonifractor;s__capillosus	0	0	15	0	0	0	0	0	0	0	0	0	0	0	0	0	0	0	0	0	0	0	0	0	0	0	0	0	0	0	41	0	0	0	0	0	0	0	0	0	0	0	0	0	0	0	0	0	0	0	0	0	0	0	0	0	0	0	0
k__Bacteria;p__Firmicutes;c__Clostridia;o__Clostridiales;f__Ruminococcaceae;g__Ruminiclostridium;s__sp34903	0	0	0	0	0	0	0	0	0	0	0	0	259	13	0	0	0	0	159	17	0	0	0	0	0	0	0	0	0	0	0	0	0	0	0	0	0	0	0	0	0	79	0	0	0	0	0	105	41	0	0	0	0	0	0	0	0	0	0
k__Bacteria;p__Firmicutes;c__Clostridia;o__Clostridiales;f__Ruminococcaceae;g__Ruminiclostridium;s__sp34903-sp34912-sp34921	0	0	0	0	0	0	0	0	0	0	0	0	0	0	0	0	0	0	0	0	0	0	0	0	0	0	0	0	0	0	0	0	0	0	0	0	0	0	0	0	0	0	0	0	0	0	0	0	19	0	0	0	0	0	0	0	0	0	0
k__Bacteria;p__Firmicutes;c__Clostridia;o__Clostridiales;f__Ruminococcaceae;g__Ruminiclostridium;s__sp34909	0	0	0	0	0	0	0	24	0	0	0	0	0	0	0	11	154	58	0	130	260	76	192	45	0	34	0	68	230	0	0	0	0	187	0	0	0	84	0	0	0	0	0	0	0	195	92	24	36	281	0	64	172	47	46	73	81	157	0
k__Bacteria;p__Firmicutes;c__Clostridia;o__Clostridiales;f__Ruminococcaceae;g__Ruminiclostridium;s__sp34921	0	0	13	0	28	0	0	0	29	0	0	0	0	0	0	0	0	0	0	0	0	0	0	0	0	0	0	0	0	0	21	0	0	28	0	0	0	15	0	0	0	0	0	0	0	0	0	0	0	0	0	0	0	0	0	0	0	0	0
k__Bacteria;p__Firmicutes;c__Clostridia;o__Clostridiales;f__Ruminococcaceae;g__Ruminiclostridium;s__sp34921-sp34937	0	0	0	0	0	0	0	0	0	0	0	0	0	0	0	0	0	0	0	0	0	63	0	0	0	0	0	0	0	0	0	0	0	31	0	0	0	0	0	0	0	0	0	0	0	0	0	0	0	0	0	47	0	0	0	0	0	0	0
k__Bacteria;p__Firmicutes;c__Clostridia;o__Clostridiales;f__Ruminococcaceae;g__Ruminiclostridium;s__sp34935	0	0	0	0	0	0	0	0	0	0	153	86	0	0	144	78	0	0	0	0	0	0	0	0	0	0	0	0	0	0	0	0	0	0	0	0	0	0	0	102	18	0	0	61	36	0	0	0	0	0	0	0	0	0	0	0	0	0	0
k__Bacteria;p__Firmicutes;c__Clostridia;o__Clostridiales;f__Ruminococcaceae;g__Ruminiclostridium;s__sp34940	0	0	0	0	0	0	0	0	0	0	0	0	0	0	0	0	0	0	0	0	0	0	0	0	0	0	0	0	0	0	0	11	0	0	0	0	0	0	0	0	0	0	0	0	0	0	0	0	0	0	0	0	0	0	0	0	0	0	0
k__Bacteria;p__Firmicutes;c__Clostridia;o__Clostridiales;f__Ruminococcaceae;g__Ruminiclostridium;s__sp34945	0	0	0	0	0	0	0	0	0	0	0	0	0	0	0	0	0	0	0	0	26	0	0	0	0	15	0	0	0	0	0	0	0	0	0	14	21	0	0	0	0	0	0	0	0	0	0	0	0	19	0	0	0	0	0	25	0	0	0
k__Bacteria;p__Firmicutes;c__Clostridia;o__Clostridiales;f__Ruminococcaceae;g__Ruminiclostridium;s__sp34949	12	34	14	0	0	0	0	0	0	0	31	0	0	0	19	0	28	14	0	0	20	0	0	0	0	0	0	0	18	13	18	23	0	0	0	0	0	0	0	41	0	0	0	49	0	59	27	0	0	13	0	0	0	0	0	25	0	12	0
k__Bacteria;p__Firmicutes;c__Clostridia;o__Clostridiales;f__Ruminococcaceae;g__Ruminiclostridium;s__sp34950	0	0	0	0	0	0	0	0	0	0	0	0	0	0	0	0	0	0	0	11	133	22	15	0	0	0	0	0	0	0	0	0	0	0	0	0	0	0	0	0	0	0	0	0	0	0	0	12	0	129	0	33	18	0	0	0	0	0	0
k__Bacteria;p__Firmicutes;c__Clostridia;o__Clostridiales;f__Ruminococcaceae;g__Ruminococcus;s__bromii	0	0	0	0	271	57	0	0	0	0	0	0	0	0	0	0	0	0	0	0	16	60	21	14	0	0	0	512	1638	0	0	0	0	144	83	0	0	0	0	0	0	0	0	0	0	0	0	0	0	14	23	63	31	0	0	0	0	29	0
k__Bacteria;p__Firmicutes;c__Clostridia;o__Clostridiales;f__Ruminococcaceae;g__Subdoligranulum;s__sp35580-sp35585	163	216	590	211	3749	867	3859	253	735	53	0	0	53	194	0	30	185	236	212	440	534	1914	1416	470	23	2354	85	151	161	626	155	255	353	2497	3295	1825	2778	537	90	0	0	67	196	0	16	208	240	84	54	574	90	2318	2313	311	352	2507	413	368	335
k__Bacteria;p__Firmicutes;c__Clostridia;o__Clostridiales;f__Ruminococcaceae;g__Subdoligranulum;s__sp35580-sp35585-variabile	0	0	0	0	424	192	1170	31	164	0	0	0	0	33	0	0	0	0	156	171	0	556	253	155	0	762	24	0	0	0	0	0	0	333	251	371	585	119	0	0	0	0	16	0	0	0	0	47	177	12	0	519	294	93	79	658	90	0	0
k__Bacteria;p__Firmicutes;c__Clostridia;o__Clostridiales;f__Ruminococcaceae;g__Subdoligranulum;s__sp35582	366	317	199	238	607	247	180	69	99	0	382	260	208	607	734	590	217	122	307	473	397	550	995	84	19	205	24	104	186	108	193	196	326	460	628	65	108	117	24	205	113	245	734	520	377	277	253	278	1554	401	103	605	609	38	70	295	209	137	172
k__Bacteria;p__Firmicutes;c__Clostridia;o__Clostridiales;f__Ruminococcaceae;g__Subdoligranulum;s__sp35585	0	0	0	0	0	0	0	0	29	0	0	0	0	0	0	0	0	0	0	0	0	0	0	14	0	0	0	0	0	0	0	0	0	0	0	0	0	20	0	0	0	0	0	0	0	0	0	0	0	0	0	0	0	20	29	0	0	0	0
k__Bacteria;p__Firmicutes;c__Clostridia;o__Clostridiales;f__Ruminococcaceae;g__Subdoligranulum;s__sp35588	0	0	0	0	0	0	13	0	0	0	0	0	0	0	0	0	0	0	0	0	0	0	0	0	0	24	0	0	0	0	0	0	0	0	0	0	0	0	0	0	0	0	0	0	0	0	0	0	0	0	0	0	0	0	0	19	11	0	0
k__Bacteria;p__Firmicutes;c__Clostridia;o__Clostridiales;f__Ruminococcaceae;g__Subdoligranulum;s__sp35590	0	56	32	0	59	0	13	0	42	0	47	0	524	59	88	0	133	0	330	101	96	197	41	71	0	89	0	29	63	47	65	21	0	106	0	12	0	34	0	28	0	522	0	41	0	196	0	170	70	79	0	199	36	20	0	83	46	183	0
k__Bacteria;p__Firmicutes;c__Clostridia;o__Clostridiales;f__Ruminococcaceae;g__Subdoligranulum;s__variabile	0	0	0	0	0	0	0	0	0	0	0	0	0	0	0	0	0	0	0	0	0	0	0	0	0	0	0	0	0	0	0	0	0	0	17	0	0	0	0	0	0	0	0	0	0	0	0	0	0	0	0	0	0	0	0	0	0	0	0
k__Bacteria;p__Firmicutes;c__Erysipelotrichia;o__Erysipelotrichales;f__Erysipelotrichaceae;g__*Stoquefichus;s__sp36595	0	0	0	0	0	0	0	0	0	0	0	0	0	21	0	0	0	0	0	0	0	0	0	0	0	0	0	0	0	0	0	0	0	0	0	0	0	0	0	0	0	89	0	0	0	0	0	0	0	0	0	0	0	0	0	0	0	0	0
k__Bacteria;p__Firmicutes;c__Erysipelotrichia;o__Erysipelotrichales;f__Erysipelotrichaceae;g__Catenibacterium;s__mitsuokai	281	294	102	86	0	0	0	13	0	0	0	0	0	0	0	0	0	0	0	0	0	0	0	0	0	12	0	0	0	133	199	125	160	0	0	25	31	0	277	0	0	0	0	0	0	0	0	0	0	0	0	0	0	0	54	16	67	0	0
k__Bacteria;p__Firmicutes;c__Erysipelotrichia;o__Erysipelotrichales;f__Erysipelotrichaceae;g__Coprobacillus;s__cateniformis	0	0	0	0	0	0	0	0	0	0	0	0	20	0	0	0	0	0	80	0	0	0	0	0	0	0	0	0	0	0	0	0	0	0	0	0	0	0	0	0	0	18	0	0	0	0	0	136	13	0	0	0	0	0	0	0	0	0	0
k__Bacteria;p__Firmicutes;c__Erysipelotrichia;o__Erysipelotrichales;f__Erysipelotrichaceae;g__Dielma;s__sp36605	0	34	0	0	16	0	0	0	0	0	0	0	0	0	0	0	42	0	0	0	0	0	0	35	0	0	0	0	0	79	0	0	0	0	0	0	0	0	0	0	0	0	0	0	0	26	0	0	0	0	0	0	0	19	0	0	0	16	0
k__Bacteria;p__Firmicutes;c__Erysipelotrichia;o__Erysipelotrichales;f__Erysipelotrichaceae;g__Erysipelatoclostridium;s__ramosum	0	0	0	0	11	0	0	0	0	0	0	0	107	0	0	0	0	0	201	91	185	39	0	0	0	0	0	0	0	0	0	0	0	22	0	0	0	0	0	0	0	0	0	45	0	0	0	61	66	211	88	268	0	0	0	0	0	0	0
k__Bacteria;p__Firmicutes;c__Erysipelotrichia;o__Erysipelotrichales;f__Erysipelotrichaceae;g__Faecalitalea;s__cylindroides	0	17	0	0	0	0	0	0	0	0	0	0	0	0	0	0	19	0	0	0	0	0	0	0	0	0	0	0	0	19	14	0	0	0	0	0	0	0	0	0	0	0	0	0	0	0	0	0	0	0	0	0	0	0	0	0	0	0	0
k__Bacteria;p__Firmicutes;c__Erysipelotrichia;o__Erysipelotrichales;f__Erysipelotrichaceae;g__Faecalitalea;s__sp36732	0	0	0	0	0	0	0	0	0	0	0	0	55	0	0	0	0	0	0	0	0	0	0	0	0	0	0	0	0	0	0	0	0	0	0	0	0	0	0	0	0	11	0	0	0	16	0	0	0	0	0	0	0	0	0	0	0	0	0
k__Bacteria;p__Firmicutes;c__Erysipelotrichia;o__Erysipelotrichales;f__Erysipelotrichaceae;g__Holdemanella;s__biformis	0	0	0	0	0	0	0	0	169	23	0	0	0	0	0	0	0	0	0	0	0	0	0	148	0	0	0	0	0	0	0	0	0	0	0	0	0	197	95	0	0	0	0	0	0	0	0	0	0	0	0	0	0	43	210	0	0	0	0
k__Bacteria;p__Firmicutes;c__Erysipelotrichia;o__Erysipelotrichales;f__Erysipelotrichaceae;g__Holdemanella;s__sp36738	0	0	0	0	23	0	0	0	2102	475	0	0	0	0	0	0	0	0	57	890	1261	54	202	2364	113	11	0	0	0	0	0	0	0	328	0	0	0	2492	147	0	0	0	0	0	0	0	0	101	100	725	168	18	189	1952	2593	16	0	0	0
k__Bacteria;p__Firmicutes;c__Erysipelotrichia;o__Erysipelotrichales;f__Erysipelotrichaceae;g__Holdemania;s__massiliensis	19	186	268	0	31	0	0	0	0	0	117	27	0	0	64	0	16	0	54	30	36	22	0	21	0	19	0	0	0	455	259	88	20	19	0	0	0	0	0	69	0	0	0	46	0	30	0	15	0	47	0	31	13	0	0	14	0	0	0
k__Bacteria;p__Firmicutes;c__Erysipelotrichia;o__Erysipelotrichales;f__Erysipelotrichaceae;g__NA;s__sp36682	0	0	0	0	0	0	0	0	371	299	0	0	0	0	0	0	0	0	0	0	0	0	0	159	210	0	0	0	0	0	0	0	0	0	0	0	0	376	1746	0	0	0	0	0	0	0	0	0	0	0	0	0	0	137	622	0	0	0	0
k__Bacteria;p__Firmicutes;c__Erysipelotrichia;o__Erysipelotrichales;f__Erysipelotrichaceae;g__NA;s__sp36686-sp36689	0	0	0	0	41	0	214	46	0	0	25	0	0	0	0	0	58	71	0	0	0	13	11	0	0	30	0	23	24	0	0	0	0	0	20	69	151	0	0	13	0	0	0	14	0	114	80	0	0	0	0	14	0	0	0	20	0	24	32
k__Bacteria;p__Firmicutes;c__Erysipelotrichia;o__Erysipelotrichales;f__Erysipelotrichaceae;g__NA;s__sp36687	0	0	0	0	0	0	23	0	0	0	0	0	0	0	0	0	0	0	0	0	0	0	0	0	0	0	0	0	0	0	0	0	0	0	0	0	13	0	0	0	0	0	0	0	0	0	0	29	82	0	0	0	0	0	0	11	0	0	0
k__Bacteria;p__Firmicutes;c__Erysipelotrichia;o__Erysipelotrichales;f__Erysipelotrichaceae;g__NA;s__sp36741	16	61	65	0	0	0	0	0	12	0	0	0	467	55	0	0	106	0	0	0	11	0	0	0	0	0	0	0	26	33	25	24	13	97	0	0	0	0	0	0	0	535	0	0	0	154	21	74	28	0	0	0	0	0	0	0	0	182	0
k__Bacteria;p__Firmicutes;c__Erysipelotrichia;o__Erysipelotrichales;f__Erysipelotrichaceae;g__Solobacterium;s__sp36754	0	0	0	0	0	0	0	0	989	515	0	0	0	0	0	28	24	0	0	57	0	0	22	3420	810	0	12	0	0	0	0	0	0	0	0	0	0	1289	584	0	0	0	0	0	14	0	0	19	0	0	15	0	14	1437	2642	245	12	0	0
k__Bacteria;p__Firmicutes;c__Erysipelotrichia;o__Erysipelotrichales;f__Erysipelotrichaceae;g__Turicibacter;s__sanguinis	0	15	0	0	100	25	11	17	51	86	0	0	41	188	0	0	0	0	54	77	25	33	16	17	115	11	0	0	0	0	0	0	11	449	28	0	0	39	88	0	0	74	116	0	0	0	0	70	27	13	44	35	28	56	35	14	0	0	0
k__Bacteria;p__Firmicutes;c__Negativicutes;o__Selenomonadales;f__Acidaminococcaceae;g__Phascolarctobacterium;s__succinatutens	0	0	0	0	0	0	80	0	0	0	0	0	0	0	0	0	0	0	159	252	106	88	176	0	0	82	0	0	0	0	0	0	0	104	0	50	75	0	0	0	0	0	0	0	0	0	0	194	401	54	102	107	83	0	0	160	303	0	0
k__Bacteria;p__Firmicutes;c__Negativicutes;o__Selenomonadales;f__Acidaminococcaceae;g__Succiniclasticum;s__sp36859	0	0	0	0	0	0	0	0	0	0	0	0	0	0	0	0	0	0	0	0	0	0	0	0	0	0	0	0	0	0	0	0	0	0	0	0	0	0	0	0	0	0	0	0	0	0	0	0	0	0	13	0	0	0	0	0	0	0	0
k__Bacteria;p__Firmicutes;c__Negativicutes;o__Selenomonadales;f__Veillonellaceae;g__Dialister;s__micraerophilus	0	0	0	0	0	0	0	0	0	0	0	0	0	0	0	0	0	0	0	0	0	50	0	0	0	0	0	0	0	0	0	0	0	0	0	0	0	0	0	0	0	0	0	0	0	0	0	0	0	0	0	11	0	0	0	0	0	0	0
k__Bacteria;p__Firmicutes;c__Negativicutes;o__Selenomonadales;f__Veillonellaceae;g__Dialister;s__propionicifaciens	0	0	0	0	573	179	0	0	0	0	0	0	0	0	0	0	0	0	0	0	0	30	23	0	0	0	0	0	0	0	0	0	0	150	234	0	0	0	0	0	0	0	0	0	0	0	0	0	0	0	0	24	170	0	0	0	0	0	0
k__Bacteria;p__Firmicutes;c__Negativicutes;o__Selenomonadales;f__Veillonellaceae;g__Megasphaera;s__sp36950	0	0	0	0	0	0	0	0	0	0	0	0	0	0	0	0	0	0	0	16	0	0	46	0	0	0	222	0	0	0	0	0	0	0	0	0	0	0	0	0	0	0	0	0	0	0	0	0	0	0	39	0	0	0	0	11	12	0	0
k__Bacteria;p__Firmicutes;c__Negativicutes;o__Selenomonadales;f__Veillonellaceae;g__Megasphaera;s__sp36950-sp36952	16	0	0	0	0	0	0	0	0	0	0	0	0	0	0	0	0	0	0	0	0	0	0	0	0	0	0	0	0	0	0	0	0	0	0	0	0	0	0	0	0	0	0	0	0	0	0	0	0	0	0	0	0	0	0	0	0	0	0
k__Bacteria;p__Firmicutes;c__Negativicutes;o__Selenomonadales;f__Veillonellaceae;g__Megasphaera;s__sp36952	0	0	0	0	0	0	0	0	0	0	0	0	0	0	0	0	0	0	0	42	0	14	207	0	0	0	990	0	0	0	0	0	0	0	0	0	0	0	0	0	0	0	0	0	0	0	0	16	0	0	140	0	21	0	0	68	37	0	0
k__Bacteria;p__Firmicutes;c__Negativicutes;o__Selenomonadales;f__Veillonellaceae;g__Negativicoccus;s__succinicivorans	76	353	0	0	95	0	66	0	134	0	0	0	0	0	19	0	702	0	0	59	0	122	217	1127	0	40	0	199	497	55	89	0	0	166	14	0	18	37	0	0	0	0	0	167	0	895	53	0	0	0	0	61	134	232	16	32	46	892	0
k__Bacteria;p__Proteobacteria;c__Betaproteobacteria;o__Burkholderiales;f__Alcaligenaceae;g__Parasutterella;s__excrementihominis	0	180	1005	0	15	0	0	0	0	0	0	0	0	0	0	0	13	0	214	72	0	90	70	122	0	13	0	68	221	0	0	734	0	0	0	0	0	0	0	0	0	0	0	0	0	111	29	118	86	0	0	144	35	0	0	85	0	0	0
k__Bacteria;p__Proteobacteria;c__Betaproteobacteria;o__Burkholderiales;f__Alcaligenaceae;g__Sutterella;s__wadsworthensis	0	0	0	0	0	73	1933	80	454	0	0	0	0	0	0	0	0	0	0	0	17	253	380	576	0	2117	0	0	0	0	0	0	0	246	55	407	733	749	0	0	0	0	0	0	0	0	0	20	13	15	0	44	168	931	578	1927	505	0	0
k__Bacteria;p__Proteobacteria;c__Deltaproteobacteria;o__Desulfovibrionales;f__Desulfovibrionaceae;g__Bilophila;s__wadsworthia	0	0	28	0	0	0	39	0	0	0	29	0	0	0	84	0	0	0	31	0	81	112	0	0	0	997	0	0	0	0	16	0	0	11	0	13	26	0	0	28	0	0	0	28	0	0	0	209	14	0	0	46	0	0	0	881	0	0	0
k__Bacteria;p__Proteobacteria;c__Gammaproteobacteria;o__Enterobacteriales;f__Enterobacteriaceae;g__Citrobacter;s__braakii-freundii	0	0	0	0	0	0	0	0	0	0	7003	598	0	0	533	666	0	0	0	0	0	0	0	0	0	0	0	0	0	0	0	0	0	0	0	0	0	0	0	3987	1100	0	0	0	425	0	0	0	0	0	0	0	0	0	0	0	0	0	0
k__Bacteria;p__Proteobacteria;c__Gammaproteobacteria;o__Enterobacteriales;f__Enterobacteriaceae;g__Enterobacter;s__NA	0	0	0	0	0	0	0	0	0	0	0	0	0	0	733	1591	0	0	0	0	0	0	0	0	0	0	0	0	0	0	0	0	0	0	0	0	0	0	0	0	0	0	0	292	1069	0	0	0	0	0	0	0	0	0	0	0	0	0	0
k__Bacteria;p__Proteobacteria;c__Gammaproteobacteria;o__Enterobacteriales;f__Enterobacteriaceae;g__Escherichia;s__coli	20193	131	0	5307	8966	4901	5748	398	13267	1309	6535	5100	0	155	6894	7234	9493	18059	93	82	360	372	64	4459	2920	366	23	11445	9907	440	0	20	0	14093	5577	2160	3140	8823	698	4633	4141	1960	0	8436	3941	10094	8218	77	100	268	153	250	156	6505	4810	256	24	13255	8959
k__Bacteria;p__Proteobacteria;c__Gammaproteobacteria;o__Enterobacteriales;f__Enterobacteriaceae;g__Escherichia;s__coli-fergusonii	0	0	0	644	0	0	0	0	0	0	0	0	0	0	0	0	0	0	0	0	0	0	0	0	0	0	0	0	0	73	0	0	0	0	0	0	0	0	0	0	0	0	0	0	0	0	0	0	0	0	0	0	0	0	0	0	0	0	0
k__Bacteria;p__Proteobacteria;c__Gammaproteobacteria;o__Enterobacteriales;f__Enterobacteriaceae;g__Escherichia;s__coli-fergusonii-vulneris	0	0	0	0	1395	654	0	0	0	0	1070	750	0	0	1079	1051	3589	7581	0	0	0	46	0	0	0	0	0	4557	3862	0	0	0	0	820	798	0	0	0	0	782	592	0	0	1636	543	3784	3436	0	0	0	0	32	0	0	0	0	0	5051	3784
k__Bacteria;p__Verrucomicrobia;c__Verrucomicrobiae;o__Verrucomicrobiales;f__Verrucomicrobiaceae;g__Akkermansia;s__muciniphila	0	0	0	0	1103	0	787	111	22	19	4549	16	9717	936	6952	189	305	0	551	184	507	709	58	903	31	594	34	55	176	0	0	0	0	2362	0	218	418	14	33	2361	0	10142	0	2265	170	0	0	195	25	1140	91	438	23	537	757	1053	64	0	0
