sample_id	customer_label	raw_seq_files	Subgroup1
zr24558_1V3V4	84B.R1.48H	zr24558_1V3V4_R1.fastq.gz;zr24558_1V3V4_R2.fastq.gz	
zr24558_2V3V4	84B.R2.48H	zr24558_2V3V4_R1.fastq.gz;zr24558_2V3V4_R2.fastq.gz	
zr24558_3V3V4	84B.S1.48H	zr24558_3V3V4_R1.fastq.gz;zr24558_3V3V4_R2.fastq.gz	
zr24558_4V3V4	84B.S2.48H	zr24558_4V3V4_R1.fastq.gz;zr24558_4V3V4_R2.fastq.gz	
zr24558_5V3V4	84B.NC.48H	zr24558_5V3V4_R1.fastq.gz;zr24558_5V3V4_R2.fastq.gz	
zr24558_6V3V4	21B.R1.48H	zr24558_6V3V4_R1.fastq.gz;zr24558_6V3V4_R2.fastq.gz	
zr24558_7V3V4	21B.R2.48H	zr24558_7V3V4_R1.fastq.gz;zr24558_7V3V4_R2.fastq.gz	
zr24558_8V3V4	21B.S1.48H	zr24558_8V3V4_R1.fastq.gz;zr24558_8V3V4_R2.fastq.gz	
zr24558_9V3V4	21B.S2.48H	zr24558_9V3V4_R1.fastq.gz;zr24558_9V3V4_R2.fastq.gz	
zr24558_10V3V4	21B.NC.48H	zr24558_10V3V4_R1.fastq.gz;zr24558_10V3V4_R2.fastq.gz	
zr24558_11V3V4	73B.R1.48H	zr24558_11V3V4_R1.fastq.gz;zr24558_11V3V4_R2.fastq.gz	
zr24558_12V3V4	73B.R2.48H	zr24558_12V3V4_R1.fastq.gz;zr24558_12V3V4_R2.fastq.gz	
zr24558_13V3V4	73B.S1.48H	zr24558_13V3V4_R1.fastq.gz;zr24558_13V3V4_R2.fastq.gz	
zr24558_14V3V4	73B.S2.48H	zr24558_14V3V4_R1.fastq.gz;zr24558_14V3V4_R2.fastq.gz	
zr24558_15V3V4	73B.NC.48H	zr24558_15V3V4_R1.fastq.gz;zr24558_15V3V4_R2.fastq.gz	
zr24558_16V3V4	21A.R1.48H	zr24558_16V3V4_R1.fastq.gz;zr24558_16V3V4_R2.fastq.gz	
zr24558_17V3V4	21A.R2.48H	zr24558_17V3V4_R1.fastq.gz;zr24558_17V3V4_R2.fastq.gz	
zr24558_18V3V4	21A.S1.48H	zr24558_18V3V4_R1.fastq.gz;zr24558_18V3V4_R2.fastq.gz	
zr24558_19V3V4	21A.S2.48H	zr24558_19V3V4_R1.fastq.gz;zr24558_19V3V4_R2.fastq.gz	
zr24558_20V3V4	21A.NC.48H	zr24558_20V3V4_R1.fastq.gz;zr24558_20V3V4_R2.fastq.gz	
zr24558_21V3V4	66A.R1.48H	zr24558_21V3V4_R1.fastq.gz;zr24558_21V3V4_R2.fastq.gz	
zr24558_22V3V4	66A.R2.48H	zr24558_22V3V4_R1.fastq.gz;zr24558_22V3V4_R2.fastq.gz	
zr24558_23V3V4	66A.S1.48H	zr24558_23V3V4_R1.fastq.gz;zr24558_23V3V4_R2.fastq.gz	
zr24558_24V3V4	66A.S2.48H	zr24558_24V3V4_R1.fastq.gz;zr24558_24V3V4_R2.fastq.gz	
zr24558_25V3V4	66A.NC.48H	zr24558_25V3V4_R1.fastq.gz;zr24558_25V3V4_R2.fastq.gz	
zr24558_26V3V4	41B.R1.48H	zr24558_26V3V4_R1.fastq.gz;zr24558_26V3V4_R2.fastq.gz	
zr24558_27V3V4	41B.R2.48H	zr24558_27V3V4_R1.fastq.gz;zr24558_27V3V4_R2.fastq.gz	
zr24558_28V3V4	41B.S1.48H	zr24558_28V3V4_R1.fastq.gz;zr24558_28V3V4_R2.fastq.gz	
zr24558_29V3V4	41B.S2.48H	zr24558_29V3V4_R1.fastq.gz;zr24558_29V3V4_R2.fastq.gz	
zr24558_30V3V4	41B.NC.48H	zr24558_30V3V4_R1.fastq.gz;zr24558_30V3V4_R2.fastq.gz	
zr24558_31V3V4	50B.R1.48H	zr24558_31V3V4_R1.fastq.gz;zr24558_31V3V4_R2.fastq.gz	
zr24558_32V3V4	50B.R2.48H	zr24558_32V3V4_R1.fastq.gz;zr24558_32V3V4_R2.fastq.gz	
zr24558_33V3V4	50B.S1.48H	zr24558_33V3V4_R1.fastq.gz;zr24558_33V3V4_R2.fastq.gz	
zr24558_34V3V4	50B.S2.48H	zr24558_34V3V4_R1.fastq.gz;zr24558_34V3V4_R2.fastq.gz	
zr24558_35V3V4	50B.NC.48H	zr24558_35V3V4_R1.fastq.gz;zr24558_35V3V4_R2.fastq.gz	
zr24558_37V3V4	67A.R2.48H	zr24558_37V3V4_R1.fastq.gz;zr24558_37V3V4_R2.fastq.gz	
zr24558_38V3V4	67A.S1.48H	zr24558_38V3V4_R1.fastq.gz;zr24558_38V3V4_R2.fastq.gz	
zr24558_39V3V4	67A.S2.48H	zr24558_39V3V4_R1.fastq.gz;zr24558_39V3V4_R2.fastq.gz	
zr24558_40V3V4	67A.NC.48H	zr24558_40V3V4_R1.fastq.gz;zr24558_40V3V4_R2.fastq.gz	
zr24558_41V3V4	92A.R1.48H	zr24558_41V3V4_R1.fastq.gz;zr24558_41V3V4_R2.fastq.gz	
zr24558_42V3V4	92A.R2.48H	zr24558_42V3V4_R1.fastq.gz;zr24558_42V3V4_R2.fastq.gz	
zr24558_43V3V4	92A.S1.48H	zr24558_43V3V4_R1.fastq.gz;zr24558_43V3V4_R2.fastq.gz	
zr24558_44V3V4	92A.S2.48H	zr24558_44V3V4_R1.fastq.gz;zr24558_44V3V4_R2.fastq.gz	
zr24558_45V3V4	92A.NC.48H	zr24558_45V3V4_R1.fastq.gz;zr24558_45V3V4_R2.fastq.gz	
zr24558_46V3V4	92B.R1.48H	zr24558_46V3V4_R1.fastq.gz;zr24558_46V3V4_R2.fastq.gz	
zr24558_47V3V4	92B.R2.48H	zr24558_47V3V4_R1.fastq.gz;zr24558_47V3V4_R2.fastq.gz	
zr24558_48V3V4	92B.S1.48H	zr24558_48V3V4_R1.fastq.gz;zr24558_48V3V4_R2.fastq.gz	
zr24558_49V3V4	92B.S2.48H	zr24558_49V3V4_R1.fastq.gz;zr24558_49V3V4_R2.fastq.gz	
zr24558_50V3V4	92B.NC.48H	zr24558_50V3V4_R1.fastq.gz;zr24558_50V3V4_R2.fastq.gz	
zr24558_51V3V4	161A.R1.48H	zr24558_51V3V4_R1.fastq.gz;zr24558_51V3V4_R2.fastq.gz	
zr24558_52V3V4	161A.R2.48H	zr24558_52V3V4_R1.fastq.gz;zr24558_52V3V4_R2.fastq.gz	
zr24558_53V3V4	161A.S1.48H	zr24558_53V3V4_R1.fastq.gz;zr24558_53V3V4_R2.fastq.gz	
zr24558_54V3V4	161A.S2.48H	zr24558_54V3V4_R1.fastq.gz;zr24558_54V3V4_R2.fastq.gz	
zr24558_55V3V4	161A.NC.48H	zr24558_55V3V4_R1.fastq.gz;zr24558_55V3V4_R2.fastq.gz	
zr24558_56V3V4	66B.R1.48H	zr24558_56V3V4_R1.fastq.gz;zr24558_56V3V4_R2.fastq.gz	
zr24558_57V3V4	66B.R2.48H	zr24558_57V3V4_R1.fastq.gz;zr24558_57V3V4_R2.fastq.gz	
zr24558_58V3V4	66B.S1.48H	zr24558_58V3V4_R1.fastq.gz;zr24558_58V3V4_R2.fastq.gz	
zr24558_59V3V4	66B.S2.48H	zr24558_59V3V4_R1.fastq.gz;zr24558_59V3V4_R2.fastq.gz	
zr24558_60V3V4	66B.NC.48H	zr24558_60V3V4_R1.fastq.gz;zr24558_60V3V4_R2.fastq.gz	
zr24558_61V3V4	123A.R1.48H	zr24558_61V3V4_R1.fastq.gz;zr24558_61V3V4_R2.fastq.gz	
zr24558_62V3V4	123A.R2.48H	zr24558_62V3V4_R1.fastq.gz;zr24558_62V3V4_R2.fastq.gz	
zr24558_63V3V4	123A.S1.48H	zr24558_63V3V4_R1.fastq.gz;zr24558_63V3V4_R2.fastq.gz	
zr24558_64V3V4	123A.S2.48H	zr24558_64V3V4_R1.fastq.gz;zr24558_64V3V4_R2.fastq.gz	
zr24558_65V3V4	123A.NC.48H	zr24558_65V3V4_R1.fastq.gz;zr24558_65V3V4_R2.fastq.gz	
zr24558_66V3V4	58B.R1.48H	zr24558_66V3V4_R1.fastq.gz;zr24558_66V3V4_R2.fastq.gz	
zr24558_67V3V4	58B.R2.48H	zr24558_67V3V4_R1.fastq.gz;zr24558_67V3V4_R2.fastq.gz	
zr24558_68V3V4	58B.S1.48H	zr24558_68V3V4_R1.fastq.gz;zr24558_68V3V4_R2.fastq.gz	
zr24558_69V3V4	58B.S2.48H	zr24558_69V3V4_R1.fastq.gz;zr24558_69V3V4_R2.fastq.gz	
zr24558_70V3V4	58B.NC.48H	zr24558_70V3V4_R1.fastq.gz;zr24558_70V3V4_R2.fastq.gz	
zr24558_71V3V4	137B.R1.48H	zr24558_71V3V4_R1.fastq.gz;zr24558_71V3V4_R2.fastq.gz	
zr24558_72V3V4	137B.R2.48H	zr24558_72V3V4_R1.fastq.gz;zr24558_72V3V4_R2.fastq.gz	
zr24558_73V3V4	137B.S1.48H	zr24558_73V3V4_R1.fastq.gz;zr24558_73V3V4_R2.fastq.gz	
zr24558_74V3V4	137B.S2.48H	zr24558_74V3V4_R1.fastq.gz;zr24558_74V3V4_R2.fastq.gz	
zr24558_75V3V4	137B.NC.48H	zr24558_75V3V4_R1.fastq.gz;zr24558_75V3V4_R2.fastq.gz	
zr24558_76V3V4	276B.R1.48H	zr24558_76V3V4_R1.fastq.gz;zr24558_76V3V4_R2.fastq.gz	
zr24558_77V3V4	276B.R2.48H	zr24558_77V3V4_R1.fastq.gz;zr24558_77V3V4_R2.fastq.gz	
zr24558_78V3V4	276B.S1.48H	zr24558_78V3V4_R1.fastq.gz;zr24558_78V3V4_R2.fastq.gz	
zr24558_79V3V4	276B.S2.48H	zr24558_79V3V4_R1.fastq.gz;zr24558_79V3V4_R2.fastq.gz	
zr24558_80V3V4	276B.NC.48H	zr24558_80V3V4_R1.fastq.gz;zr24558_80V3V4_R2.fastq.gz	
zr24558_81V3V4	123B.R1.48H	zr24558_81V3V4_R1.fastq.gz;zr24558_81V3V4_R2.fastq.gz	
zr24558_82V3V4	123B.R2.48H	zr24558_82V3V4_R1.fastq.gz;zr24558_82V3V4_R2.fastq.gz	
zr24558_83V3V4	123B.S1.48H	zr24558_83V3V4_R1.fastq.gz;zr24558_83V3V4_R2.fastq.gz	
zr24558_84V3V4	123B.S2.48H	zr24558_84V3V4_R1.fastq.gz;zr24558_84V3V4_R2.fastq.gz	
zr24558_85V3V4	123B.NC.48H	zr24558_85V3V4_R1.fastq.gz;zr24558_85V3V4_R2.fastq.gz	
zr24558_86V3V4	116A.R1.48H	zr24558_86V3V4_R1.fastq.gz;zr24558_86V3V4_R2.fastq.gz	
zr24558_87V3V4	116A.R2.48H	zr24558_87V3V4_R1.fastq.gz;zr24558_87V3V4_R2.fastq.gz	
zr24558_88V3V4	116A.S1.48H	zr24558_88V3V4_R1.fastq.gz;zr24558_88V3V4_R2.fastq.gz	
zr24558_89V3V4	116A.S2.48H	zr24558_89V3V4_R1.fastq.gz;zr24558_89V3V4_R2.fastq.gz	
zr24558_90V3V4	116A.NC.48H	zr24558_90V3V4_R1.fastq.gz;zr24558_90V3V4_R2.fastq.gz	
zr24558_91V3V4	239B.R1.48H	zr24558_91V3V4_R1.fastq.gz;zr24558_91V3V4_R2.fastq.gz	
zr24558_92V3V4	239B.R2.48H	zr24558_92V3V4_R1.fastq.gz;zr24558_92V3V4_R2.fastq.gz	
zr24558_93V3V4	239B.S1.48H	zr24558_93V3V4_R1.fastq.gz;zr24558_93V3V4_R2.fastq.gz	
zr24558_94V3V4	239B.S2.48H	zr24558_94V3V4_R1.fastq.gz;zr24558_94V3V4_R2.fastq.gz	
zr24558_95V3V4	239B.NC.48H	zr24558_95V3V4_R1.fastq.gz;zr24558_95V3V4_R2.fastq.gz	
zr24558_96V3V4	MediaControl.MediaControl.0H	zr24558_96V3V4_R1.fastq.gz;zr24558_96V3V4_R2.fastq.gz	
zr24558_97V3V4	176A.R1.48H	zr24558_97V3V4_R1.fastq.gz;zr24558_97V3V4_R2.fastq.gz	
zr24558_98V3V4	176A.R2.48H	zr24558_98V3V4_R1.fastq.gz;zr24558_98V3V4_R2.fastq.gz	
zr24558_99V3V4	176A.S1.48H	zr24558_99V3V4_R1.fastq.gz;zr24558_99V3V4_R2.fastq.gz	
zr24558_100V3V4	176A.S2.48H	zr24558_100V3V4_R1.fastq.gz;zr24558_100V3V4_R2.fastq.gz	
zr24558_101V3V4	176A.NC.48H	zr24558_101V3V4_R1.fastq.gz;zr24558_101V3V4_R2.fastq.gz	
zr24558_102V3V4	276A.R1.48H	zr24558_102V3V4_R1.fastq.gz;zr24558_102V3V4_R2.fastq.gz	
zr24558_103V3V4	276A.R2.48H	zr24558_103V3V4_R1.fastq.gz;zr24558_103V3V4_R2.fastq.gz	
zr24558_104V3V4	276A.S1.48H	zr24558_104V3V4_R1.fastq.gz;zr24558_104V3V4_R2.fastq.gz	
zr24558_105V3V4	276A.S2.48H	zr24558_105V3V4_R1.fastq.gz;zr24558_105V3V4_R2.fastq.gz	
zr24558_106V3V4	276A.NC.48H	zr24558_106V3V4_R1.fastq.gz;zr24558_106V3V4_R2.fastq.gz	
zr24558_107V3V4	84A.R1.48H	zr24558_107V3V4_R1.fastq.gz;zr24558_107V3V4_R2.fastq.gz	
zr24558_108V3V4	84A.R2.48H	zr24558_108V3V4_R1.fastq.gz;zr24558_108V3V4_R2.fastq.gz	
zr24558_109V3V4	84A.S1.48H	zr24558_109V3V4_R1.fastq.gz;zr24558_109V3V4_R2.fastq.gz	
zr24558_110V3V4	84A.S2.48H	zr24558_110V3V4_R1.fastq.gz;zr24558_110V3V4_R2.fastq.gz	
zr24558_111V3V4	84A.NC.48H	zr24558_111V3V4_R1.fastq.gz;zr24558_111V3V4_R2.fastq.gz	
zr24558_112V3V4	58A.R1.48H	zr24558_112V3V4_R1.fastq.gz;zr24558_112V3V4_R2.fastq.gz	
zr24558_113V3V4	58A.R2.48H	zr24558_113V3V4_R1.fastq.gz;zr24558_113V3V4_R2.fastq.gz	
zr24558_114V3V4	58A.S1.48H	zr24558_114V3V4_R1.fastq.gz;zr24558_114V3V4_R2.fastq.gz	
zr24558_115V3V4	58A.S2.48H	zr24558_115V3V4_R1.fastq.gz;zr24558_115V3V4_R2.fastq.gz	
zr24558_116V3V4	58A.NC.48H	zr24558_116V3V4_R1.fastq.gz;zr24558_116V3V4_R2.fastq.gz	
zr24558_117V3V4	137A.R1.48H	zr24558_117V3V4_R1.fastq.gz;zr24558_117V3V4_R2.fastq.gz	
zr24558_119V3V4	137A.S1.48H	zr24558_119V3V4_R1.fastq.gz;zr24558_119V3V4_R2.fastq.gz	
zr24558_120V3V4	137A.S2.48H	zr24558_120V3V4_R1.fastq.gz;zr24558_120V3V4_R2.fastq.gz	
zr24558_121V3V4	137A.NC.48H	zr24558_121V3V4_R1.fastq.gz;zr24558_121V3V4_R2.fastq.gz	
zr24558_122V3V4	41A.R1.48H	zr24558_122V3V4_R1.fastq.gz;zr24558_122V3V4_R2.fastq.gz	
zr24558_123V3V4	41A.R2.48H	zr24558_123V3V4_R1.fastq.gz;zr24558_123V3V4_R2.fastq.gz	
zr24558_124V3V4	41A.S1.48H	zr24558_124V3V4_R1.fastq.gz;zr24558_124V3V4_R2.fastq.gz	
zr24558_125V3V4	41A.S2.48H	zr24558_125V3V4_R1.fastq.gz;zr24558_125V3V4_R2.fastq.gz	
zr24558_126V3V4	41A.NC.48H	zr24558_126V3V4_R1.fastq.gz;zr24558_126V3V4_R2.fastq.gz	
zr24558_127V3V4	161B.R1.48H	zr24558_127V3V4_R1.fastq.gz;zr24558_127V3V4_R2.fastq.gz	
zr24558_128V3V4	161B.R2.48H	zr24558_128V3V4_R1.fastq.gz;zr24558_128V3V4_R2.fastq.gz	
zr24558_129V3V4	161B.S1.48H	zr24558_129V3V4_R1.fastq.gz;zr24558_129V3V4_R2.fastq.gz	
zr24558_130V3V4	161B.S2.48H	zr24558_130V3V4_R1.fastq.gz;zr24558_130V3V4_R2.fastq.gz	
zr24558_131V3V4	161B.NC.48H	zr24558_131V3V4_R1.fastq.gz;zr24558_131V3V4_R2.fastq.gz	
zr24558_132V3V4	73A.R1.48H	zr24558_132V3V4_R1.fastq.gz;zr24558_132V3V4_R2.fastq.gz	
zr24558_133V3V4	73A.R2.48H	zr24558_133V3V4_R1.fastq.gz;zr24558_133V3V4_R2.fastq.gz	
zr24558_134V3V4	73A.S1.48H	zr24558_134V3V4_R1.fastq.gz;zr24558_134V3V4_R2.fastq.gz	
zr24558_135V3V4	73A.S2.48H	zr24558_135V3V4_R1.fastq.gz;zr24558_135V3V4_R2.fastq.gz	
zr24558_136V3V4	73A.NC.48H	zr24558_136V3V4_R1.fastq.gz;zr24558_136V3V4_R2.fastq.gz	
zr24558_137V3V4	50A.R1.48H	zr24558_137V3V4_R1.fastq.gz;zr24558_137V3V4_R2.fastq.gz	
zr24558_138V3V4	50A.R2.48H	zr24558_138V3V4_R1.fastq.gz;zr24558_138V3V4_R2.fastq.gz	
zr24558_139V3V4	50A.S1.48H	zr24558_139V3V4_R1.fastq.gz;zr24558_139V3V4_R2.fastq.gz	
zr24558_140V3V4	50A.S2.48H	zr24558_140V3V4_R1.fastq.gz;zr24558_140V3V4_R2.fastq.gz	
zr24558_141V3V4	50A.NC.48H	zr24558_141V3V4_R1.fastq.gz;zr24558_141V3V4_R2.fastq.gz	
zr24558_142V3V4	116B.R1.48H	zr24558_142V3V4_R1.fastq.gz;zr24558_142V3V4_R2.fastq.gz	
zr24558_143V3V4	116B.R2.48H	zr24558_143V3V4_R1.fastq.gz;zr24558_143V3V4_R2.fastq.gz	
zr24558_144V3V4	116B.S1.48H	zr24558_144V3V4_R1.fastq.gz;zr24558_144V3V4_R2.fastq.gz	
zr24558_145V3V4	116B.S2.48H	zr24558_145V3V4_R1.fastq.gz;zr24558_145V3V4_R2.fastq.gz	
zr24558_146V3V4	116B.NC.48H	zr24558_146V3V4_R1.fastq.gz;zr24558_146V3V4_R2.fastq.gz	
zr24558_147V3V4	176B.R1.48H	zr24558_147V3V4_R1.fastq.gz;zr24558_147V3V4_R2.fastq.gz	
zr24558_148V3V4	176B.R2.48H	zr24558_148V3V4_R1.fastq.gz;zr24558_148V3V4_R2.fastq.gz	
zr24558_149V3V4	176B.S1.48H	zr24558_149V3V4_R1.fastq.gz;zr24558_149V3V4_R2.fastq.gz	
zr24558_150V3V4	176B.S2.48H	zr24558_150V3V4_R1.fastq.gz;zr24558_150V3V4_R2.fastq.gz	
zr24558_151V3V4	176B.NC.48H	zr24558_151V3V4_R1.fastq.gz;zr24558_151V3V4_R2.fastq.gz	
zr24558_152V3V4	239A.R1.48H	zr24558_152V3V4_R1.fastq.gz;zr24558_152V3V4_R2.fastq.gz	
zr24558_153V3V4	239A.R2.48H	zr24558_153V3V4_R1.fastq.gz;zr24558_153V3V4_R2.fastq.gz	
zr24558_154V3V4	239A.S1.48H	zr24558_154V3V4_R1.fastq.gz;zr24558_154V3V4_R2.fastq.gz	
zr24558_155V3V4	239A.S2.48H	zr24558_155V3V4_R1.fastq.gz;zr24558_155V3V4_R2.fastq.gz	
zr24558_156V3V4	239A.NC.48H	zr24558_156V3V4_R1.fastq.gz;zr24558_156V3V4_R2.fastq.gz	
zr24558_157V3V4	67B.R1.48H	zr24558_157V3V4_R1.fastq.gz;zr24558_157V3V4_R2.fastq.gz	
zr24558_158V3V4	67B.R2.48H	zr24558_158V3V4_R1.fastq.gz;zr24558_158V3V4_R2.fastq.gz	
zr24558_159V3V4	67B.S1.48H	zr24558_159V3V4_R1.fastq.gz;zr24558_159V3V4_R2.fastq.gz	
zr24558_160V3V4	67B.S2.48H	zr24558_160V3V4_R1.fastq.gz;zr24558_160V3V4_R2.fastq.gz	
zr24558_161V3V4	67B.NC.48H	zr24558_161V3V4_R1.fastq.gz;zr24558_161V3V4_R2.fastq.gz	
zr24558_162V3V4	161A.R1.0H	zr24558_162V3V4_R1.fastq.gz;zr24558_162V3V4_R2.fastq.gz	
zr24558_163V3V4	161A.R2.0H	zr24558_163V3V4_R1.fastq.gz;zr24558_163V3V4_R2.fastq.gz	
zr24558_164V3V4	161A.S1.0H	zr24558_164V3V4_R1.fastq.gz;zr24558_164V3V4_R2.fastq.gz	
zr24558_165V3V4	161A.S2.0H	zr24558_165V3V4_R1.fastq.gz;zr24558_165V3V4_R2.fastq.gz	
zr24558_166V3V4	161A.NC.0H	zr24558_166V3V4_R1.fastq.gz;zr24558_166V3V4_R2.fastq.gz	
zr24558_167V3V4	239A.R1.0H	zr24558_167V3V4_R1.fastq.gz;zr24558_167V3V4_R2.fastq.gz	
zr24558_168V3V4	239A.R2.0H	zr24558_168V3V4_R1.fastq.gz;zr24558_168V3V4_R2.fastq.gz	
zr24558_169V3V4	239A.S1.0H	zr24558_169V3V4_R1.fastq.gz;zr24558_169V3V4_R2.fastq.gz	
zr24558_170V3V4	239A.S2.0H	zr24558_170V3V4_R1.fastq.gz;zr24558_170V3V4_R2.fastq.gz	
zr24558_171V3V4	239A.NC.0H	zr24558_171V3V4_R1.fastq.gz;zr24558_171V3V4_R2.fastq.gz	
zr24558_172V3V4	116A.R1.0H	zr24558_172V3V4_R1.fastq.gz;zr24558_172V3V4_R2.fastq.gz	
zr24558_173V3V4	116A.R2.0H	zr24558_173V3V4_R1.fastq.gz;zr24558_173V3V4_R2.fastq.gz	
zr24558_174V3V4	116A.S1.0H	zr24558_174V3V4_R1.fastq.gz;zr24558_174V3V4_R2.fastq.gz	
zr24558_175V3V4	116A.S2.0H	zr24558_175V3V4_R1.fastq.gz;zr24558_175V3V4_R2.fastq.gz	
zr24558_176V3V4	116A.NC.0H	zr24558_176V3V4_R1.fastq.gz;zr24558_176V3V4_R2.fastq.gz	
zr24558_177V3V4	137B.R1.0H	zr24558_177V3V4_R1.fastq.gz;zr24558_177V3V4_R2.fastq.gz	
zr24558_178V3V4	137B.R2.0H	zr24558_178V3V4_R1.fastq.gz;zr24558_178V3V4_R2.fastq.gz	
zr24558_179V3V4	137B.S1.0H	zr24558_179V3V4_R1.fastq.gz;zr24558_179V3V4_R2.fastq.gz	
zr24558_180V3V4	137B.S2.0H	zr24558_180V3V4_R1.fastq.gz;zr24558_180V3V4_R2.fastq.gz	
zr24558_181V3V4	137B.NC.0H	zr24558_181V3V4_R1.fastq.gz;zr24558_181V3V4_R2.fastq.gz	
zr24558_182V3V4	67A.R1.0H	zr24558_182V3V4_R1.fastq.gz;zr24558_182V3V4_R2.fastq.gz	
zr24558_183V3V4	67A.R2.0H	zr24558_183V3V4_R1.fastq.gz;zr24558_183V3V4_R2.fastq.gz	
zr24558_184V3V4	67A.S1.0H	zr24558_184V3V4_R1.fastq.gz;zr24558_184V3V4_R2.fastq.gz	
zr24558_185V3V4	67A.S2.0H	zr24558_185V3V4_R1.fastq.gz;zr24558_185V3V4_R2.fastq.gz	
zr24558_186V3V4	67A.NC.0H	zr24558_186V3V4_R1.fastq.gz;zr24558_186V3V4_R2.fastq.gz	
zr24558_187V3V4	73B.R1.0H	zr24558_187V3V4_R1.fastq.gz;zr24558_187V3V4_R2.fastq.gz	
zr24558_188V3V4	73B.R2.0H	zr24558_188V3V4_R1.fastq.gz;zr24558_188V3V4_R2.fastq.gz	
zr24558_189V3V4	73B.S1.0H	zr24558_189V3V4_R1.fastq.gz;zr24558_189V3V4_R2.fastq.gz	
zr24558_190V3V4	73B.S2.0H	zr24558_190V3V4_R1.fastq.gz;zr24558_190V3V4_R2.fastq.gz	
zr24558_191V3V4	73.NC.0H	zr24558_191V3V4_R1.fastq.gz;zr24558_191V3V4_R2.fastq.gz	
zr24558_192V3V4	MediaControl.MediaControl.48H	zr24558_192V3V4_R1.fastq.gz;zr24558_192V3V4_R2.fastq.gz	
zr24558_193V3V4	58B.R1.0H	zr24558_193V3V4_R1.fastq.gz;zr24558_193V3V4_R2.fastq.gz	
zr24558_194V3V4	58B.R2.0H	zr24558_194V3V4_R1.fastq.gz;zr24558_194V3V4_R2.fastq.gz	
zr24558_195V3V4	58B.S1.0H	zr24558_195V3V4_R1.fastq.gz;zr24558_195V3V4_R2.fastq.gz	
zr24558_196V3V4	58B.S2.0H	zr24558_196V3V4_R1.fastq.gz;zr24558_196V3V4_R2.fastq.gz	
zr24558_197V3V4	58B.NC.0H	zr24558_197V3V4_R1.fastq.gz;zr24558_197V3V4_R2.fastq.gz	
zr24558_198V3V4	67B.R1.0H	zr24558_198V3V4_R1.fastq.gz;zr24558_198V3V4_R2.fastq.gz	
zr24558_199V3V4	67B.R2.0H	zr24558_199V3V4_R1.fastq.gz;zr24558_199V3V4_R2.fastq.gz	
zr24558_200V3V4	67B.S1.0H	zr24558_200V3V4_R1.fastq.gz;zr24558_200V3V4_R2.fastq.gz	
zr24558_201V3V4	67B.S2.0H	zr24558_201V3V4_R1.fastq.gz;zr24558_201V3V4_R2.fastq.gz	
zr24558_202V3V4	67B.NC.0H	zr24558_202V3V4_R1.fastq.gz;zr24558_202V3V4_R2.fastq.gz	
zr24558_203V3V4	92A.R1.0H	zr24558_203V3V4_R1.fastq.gz;zr24558_203V3V4_R2.fastq.gz	
zr24558_204V3V4	92A.R2.0H	zr24558_204V3V4_R1.fastq.gz;zr24558_204V3V4_R2.fastq.gz	
zr24558_205V3V4	92A.S1.0H	zr24558_205V3V4_R1.fastq.gz;zr24558_205V3V4_R2.fastq.gz	
zr24558_206V3V4	92A.S2.0H	zr24558_206V3V4_R1.fastq.gz;zr24558_206V3V4_R2.fastq.gz	
zr24558_207V3V4	92A.NC.0H	zr24558_207V3V4_R1.fastq.gz;zr24558_207V3V4_R2.fastq.gz	
zr24558_208V3V4	176A.R1.0H	zr24558_208V3V4_R1.fastq.gz;zr24558_208V3V4_R2.fastq.gz	
zr24558_209V3V4	176A.R2.0H	zr24558_209V3V4_R1.fastq.gz;zr24558_209V3V4_R2.fastq.gz	
zr24558_210V3V4	176A.S1.0H	zr24558_210V3V4_R1.fastq.gz;zr24558_210V3V4_R2.fastq.gz	
zr24558_211V3V4	176A.S2.0H	zr24558_211V3V4_R1.fastq.gz;zr24558_211V3V4_R2.fastq.gz	
zr24558_212V3V4	176A.NC.0H	zr24558_212V3V4_R1.fastq.gz;zr24558_212V3V4_R2.fastq.gz	
zr24558_213V3V4	137A.R1.0H	zr24558_213V3V4_R1.fastq.gz;zr24558_213V3V4_R2.fastq.gz	
zr24558_214V3V4	137A.R2.0H	zr24558_214V3V4_R1.fastq.gz;zr24558_214V3V4_R2.fastq.gz	
zr24558_215V3V4	137A.S1.0H	zr24558_215V3V4_R1.fastq.gz;zr24558_215V3V4_R2.fastq.gz	
zr24558_216V3V4	137A.S2.0H	zr24558_216V3V4_R1.fastq.gz;zr24558_216V3V4_R2.fastq.gz	
zr24558_217V3V4	137A.NC.0H	zr24558_217V3V4_R1.fastq.gz;zr24558_217V3V4_R2.fastq.gz	
zr24558_218V3V4	41A.R1.0H	zr24558_218V3V4_R1.fastq.gz;zr24558_218V3V4_R2.fastq.gz	
zr24558_219V3V4	41A.R2.0H	zr24558_219V3V4_R1.fastq.gz;zr24558_219V3V4_R2.fastq.gz	
zr24558_220V3V4	41A.S1.0H	zr24558_220V3V4_R1.fastq.gz;zr24558_220V3V4_R2.fastq.gz	
zr24558_221V3V4	41A.S2.0H	zr24558_221V3V4_R1.fastq.gz;zr24558_221V3V4_R2.fastq.gz	
zr24558_222V3V4	41A.NC.48H	zr24558_222V3V4_R1.fastq.gz;zr24558_222V3V4_R2.fastq.gz	
zr24558_223V3V4	50A.R1.0H	zr24558_223V3V4_R1.fastq.gz;zr24558_223V3V4_R2.fastq.gz	
zr24558_224V3V4	50A.R2.0H	zr24558_224V3V4_R1.fastq.gz;zr24558_224V3V4_R2.fastq.gz	
zr24558_225V3V4	50A.S1.0H	zr24558_225V3V4_R1.fastq.gz;zr24558_225V3V4_R2.fastq.gz	
zr24558_226V3V4	50A.S2.0H	zr24558_226V3V4_R1.fastq.gz;zr24558_226V3V4_R2.fastq.gz	
zr24558_227V3V4	50A.NC.0H	zr24558_227V3V4_R1.fastq.gz;zr24558_227V3V4_R2.fastq.gz	
zr24558_228V3V4	58A.R1.0H	zr24558_228V3V4_R1.fastq.gz;zr24558_228V3V4_R2.fastq.gz	
zr24558_229V3V4	58A.R2.0H	zr24558_229V3V4_R1.fastq.gz;zr24558_229V3V4_R2.fastq.gz	
zr24558_230V3V4	58A.S1.0H	zr24558_230V3V4_R1.fastq.gz;zr24558_230V3V4_R2.fastq.gz	
zr24558_231V3V4	58A.S2.0H	zr24558_231V3V4_R1.fastq.gz;zr24558_231V3V4_R2.fastq.gz	
zr24558_232V3V4	58A.NC.0H	zr24558_232V3V4_R1.fastq.gz;zr24558_232V3V4_R2.fastq.gz	
zr24558_233V3V4	73A.R1.0H	zr24558_233V3V4_R1.fastq.gz;zr24558_233V3V4_R2.fastq.gz	
zr24558_234V3V4	73A.R2.0H	zr24558_234V3V4_R1.fastq.gz;zr24558_234V3V4_R2.fastq.gz	
zr24558_235V3V4	73A.S1.0H	zr24558_235V3V4_R1.fastq.gz;zr24558_235V3V4_R2.fastq.gz	
zr24558_236V3V4	73A.S2.0H	zr24558_236V3V4_R1.fastq.gz;zr24558_236V3V4_R2.fastq.gz	
zr24558_237V3V4	73A.NC.0H	zr24558_237V3V4_R1.fastq.gz;zr24558_237V3V4_R2.fastq.gz	
zr24558_238V3V4	66B.R1.0H	zr24558_238V3V4_R1.fastq.gz;zr24558_238V3V4_R2.fastq.gz	
zr24558_239V3V4	66B.R2.0H	zr24558_239V3V4_R1.fastq.gz;zr24558_239V3V4_R2.fastq.gz	
zr24558_240V3V4	66B.S1.0H	zr24558_240V3V4_R1.fastq.gz;zr24558_240V3V4_R2.fastq.gz	
zr24558_241V3V4	66B.NC.0H	zr24558_241V3V4_R1.fastq.gz;zr24558_241V3V4_R2.fastq.gz	
zr24558_242V3V4	66B.S2.0H	zr24558_242V3V4_R1.fastq.gz;zr24558_242V3V4_R2.fastq.gz	
zr24558_243V3V4	41B.R1.0H	zr24558_243V3V4_R1.fastq.gz;zr24558_243V3V4_R2.fastq.gz	
zr24558_244V3V4	41B.R2.0H	zr24558_244V3V4_R1.fastq.gz;zr24558_244V3V4_R2.fastq.gz	
zr24558_245V3V4	41B.S1.0H	zr24558_245V3V4_R1.fastq.gz;zr24558_245V3V4_R2.fastq.gz	
zr24558_246V3V4	41B.S2.0H	zr24558_246V3V4_R1.fastq.gz;zr24558_246V3V4_R2.fastq.gz	
zr24558_247V3V4	41B.NC.0H	zr24558_247V3V4_R1.fastq.gz;zr24558_247V3V4_R2.fastq.gz	
zr24558_248V3V4	84B.R1.0H	zr24558_248V3V4_R1.fastq.gz;zr24558_248V3V4_R2.fastq.gz	
zr24558_249V3V4	84B.R2.0H	zr24558_249V3V4_R1.fastq.gz;zr24558_249V3V4_R2.fastq.gz	
zr24558_250V3V4	84B.S1.0H	zr24558_250V3V4_R1.fastq.gz;zr24558_250V3V4_R2.fastq.gz	
zr24558_251V3V4	84B.S2.0H	zr24558_251V3V4_R1.fastq.gz;zr24558_251V3V4_R2.fastq.gz	
zr24558_252V3V4	84B.NC.0H	zr24558_252V3V4_R1.fastq.gz;zr24558_252V3V4_R2.fastq.gz	
zr24558_253V3V4	50B.R1.0H	zr24558_253V3V4_R1.fastq.gz;zr24558_253V3V4_R2.fastq.gz	
zr24558_254V3V4	50B.R2.0H	zr24558_254V3V4_R1.fastq.gz;zr24558_254V3V4_R2.fastq.gz	
zr24558_255V3V4	50B.S1.0H	zr24558_255V3V4_R1.fastq.gz;zr24558_255V3V4_R2.fastq.gz	
zr24558_256V3V4	50B.S2.0H	zr24558_256V3V4_R1.fastq.gz;zr24558_256V3V4_R2.fastq.gz	
zr24558_257V3V4	50B.NC.0H	zr24558_257V3V4_R1.fastq.gz;zr24558_257V3V4_R2.fastq.gz	
zr24558_258V3V4	161B.R2.0H	zr24558_258V3V4_R1.fastq.gz;zr24558_258V3V4_R2.fastq.gz	
zr24558_259V3V4	161B.R1.0H	zr24558_259V3V4_R1.fastq.gz;zr24558_259V3V4_R2.fastq.gz	
zr24558_260V3V4	161B.S1.0H	zr24558_260V3V4_R1.fastq.gz;zr24558_260V3V4_R2.fastq.gz	
zr24558_261V3V4	161B.S2.0H	zr24558_261V3V4_R1.fastq.gz;zr24558_261V3V4_R2.fastq.gz	
zr24558_262V3V4	161B.NC.0H	zr24558_262V3V4_R1.fastq.gz;zr24558_262V3V4_R2.fastq.gz	
zr24558_263V3V4	21A.R1.0H	zr24558_263V3V4_R1.fastq.gz;zr24558_263V3V4_R2.fastq.gz	
zr24558_264V3V4	21A.R2.0H	zr24558_264V3V4_R1.fastq.gz;zr24558_264V3V4_R2.fastq.gz	
zr24558_265V3V4	21A.S1.0H	zr24558_265V3V4_R1.fastq.gz;zr24558_265V3V4_R2.fastq.gz	
zr24558_266V3V4	21A.S2.0H	zr24558_266V3V4_R1.fastq.gz;zr24558_266V3V4_R2.fastq.gz	
zr24558_267V3V4	21A.NC.0H	zr24558_267V3V4_R1.fastq.gz;zr24558_267V3V4_R2.fastq.gz	
zr24558_268V3V4	66A.R1.0H	zr24558_268V3V4_R1.fastq.gz;zr24558_268V3V4_R2.fastq.gz	
zr24558_269V3V4	66A.R2.0H	zr24558_269V3V4_R1.fastq.gz;zr24558_269V3V4_R2.fastq.gz	
zr24558_270V3V4	66A.S1.0H	zr24558_270V3V4_R1.fastq.gz;zr24558_270V3V4_R2.fastq.gz	
zr24558_271V3V4	66A.S2.0H	zr24558_271V3V4_R1.fastq.gz;zr24558_271V3V4_R2.fastq.gz	
zr24558_272V3V4	66A.NC.0H	zr24558_272V3V4_R1.fastq.gz;zr24558_272V3V4_R2.fastq.gz	
zr24558_273V3V4	84A.R1.0H	zr24558_273V3V4_R1.fastq.gz;zr24558_273V3V4_R2.fastq.gz	
zr24558_274V3V4	84A.R2.0H	zr24558_274V3V4_R1.fastq.gz;zr24558_274V3V4_R2.fastq.gz	
zr24558_275V3V4	84A.S1.0H	zr24558_275V3V4_R1.fastq.gz;zr24558_275V3V4_R2.fastq.gz	
zr24558_276V3V4	84A.S2.0H	zr24558_276V3V4_R1.fastq.gz;zr24558_276V3V4_R2.fastq.gz	
zr24558_278V3V4	123A.R1.0H	zr24558_278V3V4_R1.fastq.gz;zr24558_278V3V4_R2.fastq.gz	
zr24558_279V3V4	123A.R2.0H	zr24558_279V3V4_R1.fastq.gz;zr24558_279V3V4_R2.fastq.gz	
zr24558_280V3V4	123A.S1.0H	zr24558_280V3V4_R1.fastq.gz;zr24558_280V3V4_R2.fastq.gz	
zr24558_281V3V4	123A.S2.0H	zr24558_281V3V4_R1.fastq.gz;zr24558_281V3V4_R2.fastq.gz	
zr24558_282V3V4	123A.NC.0H	zr24558_282V3V4_R1.fastq.gz;zr24558_282V3V4_R2.fastq.gz	
zr24558_283V3V4	239B.R1.0H	zr24558_283V3V4_R1.fastq.gz;zr24558_283V3V4_R2.fastq.gz	
zr24558_284V3V4	239B.R2.0H	zr24558_284V3V4_R1.fastq.gz;zr24558_284V3V4_R2.fastq.gz	
zr24558_285V3V4	239B.S1.0H	zr24558_285V3V4_R1.fastq.gz;zr24558_285V3V4_R2.fastq.gz	
zr24558_286V3V4	239B.S2.0H	zr24558_286V3V4_R1.fastq.gz;zr24558_286V3V4_R2.fastq.gz	
zr24558_287V3V4	239B.NC.0H	zr24558_287V3V4_R1.fastq.gz;zr24558_287V3V4_R2.fastq.gz	
zr24558_288V3V4	21B.R1.0H	zr24558_288V3V4_R1.fastq.gz;zr24558_288V3V4_R2.fastq.gz	
zr24558_289V3V4	21B.R2.0H	zr24558_289V3V4_R1.fastq.gz;zr24558_289V3V4_R2.fastq.gz	
zr24558_290V3V4	21B.S1.0H	zr24558_290V3V4_R1.fastq.gz;zr24558_290V3V4_R2.fastq.gz	
zr24558_291V3V4	21B.S2.0H	zr24558_291V3V4_R1.fastq.gz;zr24558_291V3V4_R2.fastq.gz	
zr24558_292V3V4	21B.NC.0H	zr24558_292V3V4_R1.fastq.gz;zr24558_292V3V4_R2.fastq.gz	
zr24558_293V3V4	92B.R1.0H	zr24558_293V3V4_R1.fastq.gz;zr24558_293V3V4_R2.fastq.gz	
zr24558_294V3V4	92B.R2.0H	zr24558_294V3V4_R1.fastq.gz;zr24558_294V3V4_R2.fastq.gz	
zr24558_295V3V4	92B.S1.0H	zr24558_295V3V4_R1.fastq.gz;zr24558_295V3V4_R2.fastq.gz	
zr24558_296V3V4	92B.S2.0H	zr24558_296V3V4_R1.fastq.gz;zr24558_296V3V4_R2.fastq.gz	
zr24558_297V3V4	92B.NC.0H	zr24558_297V3V4_R1.fastq.gz;zr24558_297V3V4_R2.fastq.gz	
zr24558_298V3V4	176B.R1.0H	zr24558_298V3V4_R1.fastq.gz;zr24558_298V3V4_R2.fastq.gz	
zr24558_299V3V4	176B.R2.0H	zr24558_299V3V4_R1.fastq.gz;zr24558_299V3V4_R2.fastq.gz	
zr24558_300V3V4	176B.S1.0H	zr24558_300V3V4_R1.fastq.gz;zr24558_300V3V4_R2.fastq.gz	
