#taxa	84B.R1.48H	84B.R2.48H	84B.S1.48H	84B.S2.48H	84B.NC.48H	73B.R1.48H	73B.R2.48H	73B.S1.48H	73B.S2.48H	73B.NC..48H	66A.R1.48H	66A.R2.48H	66A.S1.48H	66A.S2.48H	66A.NC.48H	67A.R2.48H	67A.S1.48H	67A.S2.48H	67A.NC.48H	92A.R1.48H	92A.R2.48H	92A.S1.48H	92A.S2.48H	92A.NC.48H	92B.R1.48H	92B.R2.48H	92B.S1.48H	92B.S2.48H	92B.NC.48H	66B.R1.48H	66B.R2.48H	66B.S1.48H	66B.S2.48H	66B.NC.48H	116A.R1.48H	116A.R2.48H	116A.S1.48H	116A.S2.48H	116A.NC.48H	176A.R1.48H	176A.R2.48H	176A.S1.48H	176A.S2.48H	176A.NC.48H	84A.R1.48H	84A.R2.48H	84A.S1.48H	84A.S2.48H	84A.NC.48H	73A.R1.48H	73A.R2.48H	73A.S1.48H	73A.S2.48H	73A.NC.48H	67B.R1.48H	67B.R2.48H	67B.S1.48H	67B.S2.48H	67B.NC.48H	176B.R1.48H	176B.R2.48H	176B.S1.48H	176B.S2.48H	176B.NC.48H	161A.R1.0H	161A.R2.0H	161A.S1.0H	161A.S2.0H	116A.R1.0H	116A.R2.0H	116A.S1.0H	116A.S2.0H	67A.R1.0H	67A.R2.0H	67A.S1.0H	67A.S2.0H	73B.R1.0H	73B.R2.0H	73B.S1.0H	73B.S2.0H	67B.NC.0H	92A.NC.0H	176A.NC.0H	73A.NC.0H	67B.R1.0H	67B.R2.0H	67B.S1.0H	67B.S2.0H	92A.R1.0H	92A.R2.0H	92A.S1.0H	92A.S2.0H	176A.R1.0H	176A.R2.0H	176A.S1.0H	176A.S2.0H	73A.R1.0H	73A.R2.0H	73A.S1.0H	73A.S2.0H	66B.R1.0H	66B.R2.0H	66B.S1.0H	66B.S2.0H	84B.R1.0H	84B.R2.0H	84B.S1.0H	84B.S2.0H	84B.NC.0H	66A.NC.0H	92B.NC.0H	66A.R1.0H	66A.R2.0H	66A.S1.0H	66A.S2.0H	84A.R1.0H	84A.R2.0H	84A.S1.0H	84A.S2.0H	92B.R1.0H	92B.R2.0H	92B.S1.0H	92B.S2.0H	176B.R1.0H	176B.R2.0H	176B.S1.0H	161A.NC.0H	116A.NC.0H	67A.NC.0H	73.NC.0H
k__Archaea;p__Euryarchaeota;c__Methanobacteria;o__Methanobacteriales;f__Methanobacteriaceae;g__Methanobrevibacter	0	0	0	0	0	0	0	0	0	0	0	0	0	0	0	20	120	144	41	0	0	0	0	0	0	0	0	0	0	0	0	0	0	0	0	0	0	0	0	0	0	0	0	0	0	0	0	0	0	0	0	14	0	0	0	0	0	0	60	0	0	0	0	0	3831	3390	3425	3237	0	0	0	0	2071	1799	2555	2334	0	0	0	0	0	0	11	0	0	0	0	0	0	0	0	0	0	0	0	0	0	0	0	16	0	0	0	0	22	0	0	0	0	0	30	0	0	0	0	0	49	33	37	25	26	50	25	55	85	56	3459	0	1731	0
k__Bacteria;p__Actinobacteria;c__Actinobacteria;o__Actinomycetales;f__Actinomycetaceae;g__Actinomyces	0	23	32	0	34	36	17	13	12	0	13	0	0	0	0	0	0	0	0	11	12	0	0	16	0	14	0	0	0	24	12	19	14	0	0	0	0	0	0	0	0	0	0	11	0	0	0	0	0	12	15	15	0	21	0	0	0	0	0	44	0	11	0	48	29	51	45	16	0	0	0	0	17	29	47	33	91	37	66	95	18	0	68	61	27	21	29	27	38	18	0	13	14	41	129	31	117	41	40	73	34	0	0	0	45	14	27	46	23	15	11	68	30	45	11	34	34	19	13	17	22	25	16	17	14	13	12	0	27	22
k__Bacteria;p__Actinobacteria;c__Actinobacteria;o__Actinomycetales;f__Actinomycetaceae;g__Mobiluncus	0	0	0	0	0	0	0	0	0	0	0	0	0	0	0	0	0	0	0	0	0	0	0	0	0	0	0	0	0	0	0	0	0	0	0	0	0	0	0	0	0	0	0	0	0	0	0	0	0	0	0	0	0	0	0	0	0	0	0	0	0	0	0	0	0	0	0	0	0	0	0	0	0	0	0	0	0	0	0	0	0	0	0	0	0	0	0	0	0	0	0	0	0	0	0	0	12	0	0	0	0	0	0	0	0	0	0	0	0	0	0	0	0	0	0	0	0	0	0	0	0	0	0	0	0	0	0	0	0	0
k__Bacteria;p__Actinobacteria;c__Actinobacteria;o__Actinomycetales;f__Actinomycetaceae;g__Varibaculum	0	49	49	0	22	0	0	0	0	0	0	0	0	0	0	0	0	0	0	0	0	0	0	0	0	0	0	0	0	0	0	0	0	0	0	0	0	0	0	0	0	0	0	0	23	0	0	0	0	0	0	0	0	0	0	0	0	0	0	0	0	0	0	0	0	0	0	0	0	0	0	0	0	0	0	0	0	0	0	0	0	46	0	19	0	0	0	0	0	64	52	41	62	0	0	0	198	11	15	15	0	0	0	0	0	0	0	0	0	0	0	0	0	0	0	0	0	0	0	0	0	0	0	0	0	0	0	0	0	0
k__Bacteria;p__Actinobacteria;c__Actinobacteria;o__Bifidobacteriales;f__Bifidobacteriaceae;g__Alloscardovia	0	0	0	0	0	0	0	0	0	0	0	0	0	0	0	0	0	0	0	0	0	0	0	0	0	0	0	0	0	0	0	0	0	0	0	0	0	0	0	0	0	0	0	0	0	0	0	0	0	0	0	0	0	0	0	0	0	0	0	0	0	0	0	0	0	0	0	0	0	0	0	12	0	0	0	0	0	0	0	0	0	0	0	0	0	0	0	0	0	0	0	0	0	0	0	0	0	0	0	0	0	0	0	0	0	0	0	0	0	0	0	0	0	0	0	0	0	0	0	0	0	0	0	0	0	0	0	13	0	0
k__Bacteria;p__Actinobacteria;c__Actinobacteria;o__Bifidobacteriales;f__Bifidobacteriaceae;g__Bifidobacterium	1730	2622	2815	1223	2354	1106	13275	1387	11957	3693	1989	26790	10115	2518	5127	9284	6263	5581	5017	16324	22108	17068	35972	13583	12813	32026	39868	14571	8663	30845	35195	2857	39689	1916	4800	11207	5544	14003	6167	1517	19604	7323	17964	1264	1831	1923	1169	637	1794	1432	7022	2955	1592	794	13945	23835	21784	18605	19757	11048	19959	9346	7138	5380	3820	4341	3943	3123	4434	5616	6971	5435	23434	19907	26219	25951	2541	2296	2306	3342	597	7935	8332	1699	10251	860	1068	1000	1203	7239	6239	6647	6844	8349	14566	3694	20029	1415	1454	1947	1320	6447	5780	5377	14194	4503	4944	4712	3200	5108	15581	2516	4010	5697	2608	6761	21655	14244	13775	17621	18151	18358	15602	20478	24950	19950	3337	6779	18359	4911
k__Bacteria;p__Actinobacteria;c__Actinobacteria;o__Bifidobacteriales;f__Bifidobacteriaceae;g__Gardnerella	0	0	0	0	0	0	0	0	0	0	0	0	0	0	44	0	0	0	0	0	0	0	0	0	0	0	0	0	0	0	0	0	0	0	0	0	0	0	0	0	0	0	0	0	0	0	0	0	0	0	0	0	0	0	0	0	0	0	36	0	0	0	0	0	0	0	0	0	0	0	0	0	0	0	0	0	0	0	0	0	0	0	0	0	0	0	0	0	0	0	0	0	0	0	0	0	0	0	0	0	0	0	0	0	0	0	0	0	0	0	0	0	0	0	0	0	0	0	0	0	0	0	0	0	0	0	0	0	0	0
k__Bacteria;p__Actinobacteria;c__Actinobacteria;o__Corynebacteriales;f__Corynebacteriaceae;g__Corynebacterium	0	0	0	0	0	0	0	0	0	0	0	0	0	0	1558	0	0	0	0	0	0	0	0	0	0	0	0	0	0	0	0	0	0	0	0	0	0	0	0	0	0	0	0	0	0	0	0	0	0	0	0	0	0	0	0	0	0	0	305	0	0	0	0	0	0	0	0	0	0	0	0	0	0	0	0	0	0	0	0	0	0	0	0	0	0	0	0	0	0	0	0	0	0	0	0	0	0	0	0	0	0	0	0	0	0	0	0	0	0	0	0	0	0	0	0	0	0	0	0	0	0	0	0	0	0	0	0	0	0	0
k__Bacteria;p__Actinobacteria;c__Actinobacteria;o__Corynebacteriales;f__Corynebacteriaceae;g__NA	12	27	29	0	24	0	0	0	0	0	0	0	0	0	0	0	0	0	0	0	0	0	0	0	0	0	0	0	0	0	0	0	0	0	0	0	0	0	0	0	0	0	0	0	0	0	0	0	0	0	0	0	0	0	0	0	0	0	0	0	0	0	0	0	0	0	0	0	0	0	0	0	0	0	0	0	0	0	0	0	0	0	0	0	0	0	0	0	0	0	0	0	0	0	0	0	63	0	0	0	0	0	0	0	0	0	0	0	0	0	0	0	0	0	0	0	0	0	0	0	0	0	0	0	0	0	0	0	0	0
k__Bacteria;p__Actinobacteria;c__Actinobacteria;o__Micrococcales;f__Micrococcaceae;g__Rothia	0	0	0	0	0	0	0	0	0	0	0	0	0	0	0	0	0	0	0	0	0	0	0	0	0	0	0	0	0	0	0	0	0	0	0	0	0	0	0	0	0	0	0	0	0	0	0	0	0	0	0	0	0	0	0	0	0	0	73	0	0	0	0	0	0	0	0	0	0	0	0	0	0	0	0	0	0	0	13	14	0	0	0	0	0	0	0	0	0	0	0	0	0	0	0	0	0	0	0	0	0	0	0	0	0	0	0	0	0	0	0	0	0	0	0	0	0	0	0	0	0	0	0	0	0	0	0	0	0	0
k__Bacteria;p__Actinobacteria;c__Actinobacteria;o__Propionibacteriales;f__Propionibacteriaceae;g__Propionibacterium	0	0	0	0	0	0	0	0	0	0	0	0	0	0	222	0	0	0	0	0	0	0	0	0	0	0	0	0	0	0	0	0	0	0	0	0	0	0	0	0	0	0	0	0	0	0	0	0	0	0	0	0	0	0	0	0	0	0	22	0	0	0	0	0	0	0	0	0	0	0	0	0	0	0	0	0	0	0	0	0	0	0	0	0	0	0	0	0	0	0	0	0	0	0	0	0	0	0	0	0	0	0	0	0	0	0	0	0	0	0	0	0	0	0	0	0	0	0	0	0	0	0	0	0	0	0	0	0	0	0
k__Bacteria;p__Actinobacteria;c__Coriobacteriia;o__Coriobacteriales;f__Coriobacteriaceae;g__Adlercreutzia	0	0	0	0	0	13	0	0	0	0	0	0	0	0	0	0	0	0	0	0	0	0	0	0	0	0	0	0	0	0	0	0	0	0	0	0	0	0	45	0	0	0	0	0	0	0	0	0	0	0	0	24	0	24	0	0	0	0	0	0	0	0	0	0	0	0	0	0	12	13	14	11	0	0	0	0	186	117	126	96	66	0	0	0	0	69	81	90	96	0	0	0	0	0	0	0	0	0	0	0	0	17	16	0	0	0	0	0	0	0	0	66	0	0	0	0	0	0	0	0	0	0	0	0	0	0	0	29	0	0
k__Bacteria;p__Actinobacteria;c__Coriobacteriia;o__Coriobacteriales;f__Coriobacteriaceae;g__Adlercreutzia-Asaccharobacter	0	24	42	0	31	66	0	33	0	23	23	0	0	15	0	0	0	0	0	120	12	42	0	76	20	24	16	30	74	0	0	0	0	0	56	25	28	17	144	0	0	0	0	0	12	0	12	0	18	22	16	39	26	71	14	0	12	17	40	61	0	12	0	70	15	25	24	15	38	52	74	45	0	0	0	0	230	128	167	154	33	133	29	70	40	37	43	41	41	186	125	134	190	34	86	0	382	64	82	108	66	87	68	70	0	0	0	0	0	26	65	169	29	27	0	33	112	44	62	78	81	81	82	81	120	74	15	61	0	0
k__Bacteria;p__Actinobacteria;c__Coriobacteriia;o__Coriobacteriales;f__Coriobacteriaceae;g__Atopobium	0	38	38	0	0	0	0	0	0	0	0	0	0	0	0	0	0	0	0	0	0	0	0	0	0	0	0	0	0	0	0	0	0	0	0	0	0	0	0	0	0	0	0	0	11	0	0	0	0	0	0	0	0	0	0	0	0	0	0	0	0	0	0	0	0	0	0	0	0	0	0	0	0	0	0	0	0	0	0	0	0	13	0	0	0	0	0	0	0	0	0	0	0	0	0	0	84	0	0	0	0	0	0	0	0	0	0	0	0	0	0	0	0	0	0	0	0	0	0	0	0	0	0	0	0	0	0	0	0	0
k__Bacteria;p__Actinobacteria;c__Coriobacteriia;o__Coriobacteriales;f__Coriobacteriaceae;g__Collinsella	2152	443	392	1068	287	1206	961	52	0	6833	2905	3698	4714	2645	2074	1787	1621	1750	1419	132	404	64	666	263	0	0	0	0	0	4418	2870	9122	3142	5378	4933	1173	3894	6098	5465	1637	1273	2035	2224	2922	374	1697	184	85	147	78	328	222	18	0	4206	1711	1459	2012	3657	2909	228	2029	640	2968	8003	8724	9044	5470	911	1473	2020	1620	3216	3539	4611	4766	0	0	0	0	2173	833	2404	6182	7404	2495	3653	3034	3956	795	644	590	751	1792	4880	442	2048	4370	4947	6764	5106	2111	1691	1837	0	0	0	0	0	1208	0	3081	1438	1966	380	2564	0	0	0	0	0	0	0	0	0	0	6228	2240	3262	0
k__Bacteria;p__Actinobacteria;c__Coriobacteriia;o__Coriobacteriales;f__Coriobacteriaceae;g__Collinsella-Olsenella	0	0	0	0	0	0	0	0	0	0	0	0	0	0	0	24	0	39	16	0	0	0	0	0	0	0	0	0	0	0	0	0	0	0	0	0	0	0	0	0	0	0	0	0	0	0	0	0	0	0	0	0	0	0	0	0	0	0	0	0	0	0	0	0	22	21	14	11	0	0	0	0	0	0	37	36	0	0	0	0	0	0	0	0	0	0	0	0	0	0	0	0	0	0	0	0	0	0	0	0	0	0	0	0	0	0	0	0	0	0	0	0	0	0	0	0	0	0	0	0	0	0	0	0	0	0	0	0	33	0
k__Bacteria;p__Actinobacteria;c__Coriobacteriia;o__Coriobacteriales;f__Coriobacteriaceae;g__Denitrobacterium	0	0	0	0	0	0	0	0	0	0	0	0	0	0	0	0	0	0	0	0	0	0	0	0	0	0	0	0	0	0	0	0	0	0	0	0	0	0	0	0	0	0	0	0	0	0	0	0	0	0	0	0	0	0	0	0	0	0	0	0	0	0	0	0	311	281	317	231	0	0	0	0	0	0	0	0	0	0	0	0	0	0	0	0	0	0	0	0	0	0	0	0	0	0	0	0	0	0	0	0	0	0	0	0	0	0	0	0	0	0	0	0	0	0	0	0	0	0	0	0	0	0	0	0	0	0	250	0	0	0
k__Bacteria;p__Actinobacteria;c__Coriobacteriia;o__Coriobacteriales;f__Coriobacteriaceae;g__Eggerthella	372	1902	1867	208	1616	582	110	443	80	72	169	0	12	99	324	0	106	259	0	713	19	370	0	1177	104	0	18	153	244	56	0	172	0	77	88	75	31	15	772	43	0	29	0	154	908	570	632	366	1049	129	131	201	111	633	127	65	29	78	162	471	0	155	0	830	0	0	0	0	0	0	16	0	0	0	0	0	30	14	20	17	27	132	0	18	54	19	27	20	27	119	90	82	111	0	18	0	302	28	26	44	36	21	0	13	284	218	353	392	307	0	0	28	0	0	0	11	0	0	0	0	0	0	0	0	0	0	0	19	0	316
k__Bacteria;p__Actinobacteria;c__Coriobacteriia;o__Coriobacteriales;f__Coriobacteriaceae;g__Eggerthella-Gordonibacter	0	0	0	0	0	0	0	0	0	0	0	0	0	0	0	0	0	0	0	0	0	0	0	0	0	0	0	0	0	0	0	0	0	0	0	0	0	0	0	0	0	0	0	0	0	0	0	0	0	0	0	0	0	0	0	0	0	0	0	0	0	0	0	0	0	0	0	0	0	0	0	0	0	0	0	0	0	0	0	0	0	11	0	0	0	0	0	0	0	13	0	0	16	0	0	0	22	0	0	0	0	0	0	0	0	0	0	0	0	0	0	0	0	0	0	0	0	0	0	0	0	0	0	0	0	0	0	0	0	0
k__Bacteria;p__Actinobacteria;c__Coriobacteriia;o__Coriobacteriales;f__Coriobacteriaceae;g__Enterorhabdus	0	0	0	0	0	0	0	0	0	0	0	0	0	0	0	0	18	25	0	0	0	0	0	0	0	0	0	0	0	0	0	0	0	0	0	0	0	0	0	0	0	0	0	0	0	0	0	0	0	0	0	0	0	0	0	0	0	0	0	0	0	0	0	0	0	0	0	0	0	0	0	0	79	67	91	85	0	0	0	0	0	0	0	0	0	0	0	0	0	0	0	0	0	0	0	0	0	0	0	0	0	0	0	0	0	0	0	0	0	0	0	0	0	0	0	0	0	0	0	0	0	0	0	0	0	0	0	0	71	0
k__Bacteria;p__Actinobacteria;c__Coriobacteriia;o__Coriobacteriales;f__Coriobacteriaceae;g__Gordonibacter	0	25	35	0	17	28	18	27	12	14	12	0	0	0	0	0	0	0	0	39	13	25	0	41	39	19	16	64	87	0	0	0	0	0	24	0	19	0	116	0	0	22	0	0	0	0	0	0	0	19	20	21	16	49	0	0	0	0	0	75	0	29	0	72	0	0	0	0	0	14	14	30	0	0	0	0	37	21	23	26	0	15	0	21	0	0	0	0	0	24	0	0	11	0	0	0	37	25	22	42	15	16	12	0	0	0	0	0	0	24	14	31	19	24	14	31	14	13	0	21	15	22	18	0	23	15	0	19	0	0
k__Bacteria;p__Actinobacteria;c__Coriobacteriia;o__Coriobacteriales;f__Coriobacteriaceae;g__NA	0	0	0	0	0	0	0	0	0	0	0	0	0	0	0	283	341	304	213	0	0	0	0	0	12	0	0	0	0	0	0	0	0	0	12	0	0	0	12	67	192	140	192	124	0	0	0	0	0	0	0	0	0	0	0	0	0	0	12	121	0	168	22	100	977	863	946	567	0	16	11	21	662	758	976	994	11	12	11	12	30	0	0	0	12	18	44	35	27	0	0	0	0	0	12	0	0	0	0	0	0	15	22	18	19	0	0	0	0	17	15	0	16	0	0	21	28	11	19	29	17	20	22	18	35	22	614	0	682	0
k__Bacteria;p__Actinobacteria;c__Coriobacteriia;o__Coriobacteriales;f__Coriobacteriaceae;g__Olsenella	0	0	0	0	0	0	0	0	0	0	0	0	0	0	0	0	0	0	0	0	0	0	0	0	0	0	0	0	0	0	0	0	0	0	0	0	0	0	0	0	0	0	0	0	0	0	0	0	0	0	0	0	0	0	0	0	0	0	0	0	0	0	0	0	98	77	92	72	0	0	0	0	0	0	0	0	0	0	0	0	0	0	0	0	0	0	0	0	0	0	0	0	0	0	0	0	0	0	0	0	0	0	0	0	0	0	0	0	0	0	0	0	0	0	0	0	0	0	0	0	0	0	0	0	0	0	70	0	0	0
k__Bacteria;p__Actinobacteria;c__Coriobacteriia;o__Coriobacteriales;f__Coriobacteriaceae;g__Senegalimassilia	0	0	0	0	0	0	0	0	0	31	314	65	110	191	0	11	13	29	0	0	0	0	0	0	0	0	0	0	0	54	12	225	0	132	0	0	0	0	0	318	189	219	145	566	0	0	0	0	0	0	0	0	0	0	0	98	0	0	90	306	0	149	17	311	196	227	217	134	0	0	0	0	36	57	72	63	0	0	0	0	0	0	212	0	0	0	0	0	0	0	0	0	0	171	446	47	0	0	0	0	0	11	0	16	0	0	0	0	0	190	0	0	262	250	51	341	0	0	0	0	0	0	0	0	0	0	147	0	54	0
k__Bacteria;p__Actinobacteria;c__Coriobacteriia;o__Coriobacteriales;f__Coriobacteriaceae;g__Slackia	0	0	0	0	0	0	0	0	0	2047	0	0	0	11	55	200	317	156	169	529	140	185	80	220	498	50	40	505	462	0	0	0	0	0	0	0	0	0	0	74	50	76	79	79	0	0	0	0	0	0	0	0	0	0	0	0	0	0	0	2489	0	509	24	1792	151	177	165	134	0	0	0	0	23	27	31	37	0	0	0	0	0	0	0	0	0	0	0	0	0	0	0	0	0	0	0	0	0	0	0	0	0	0	0	0	0	0	0	0	0	56	88	0	122	203	17	192	175	74	99	91	108	105	84	149	206	136	125	0	26	0
k__Bacteria;p__Bacteroidetes;c__Bacteroidia;o__Bacteroidales;f__Bacteroidaceae;g__Bacteroides	3187	5918	3121	1357	2532	10006	0	4994	0	13152	5078	13	1491	3028	11473	7273	6616	5286	4280	2090	11	1465	27	2758	2572	95	76	2764	2565	1521	58	2756	130	1675	11419	3630	6685	3437	13529	12026	6295	8599	6714	15741	6557	5085	5664	3156	10460	4371	2161	5768	1480	6213	4378	267	3956	3889	5912	7853	4370	4212	9112	5002	0	0	0	0	140	288	272	169	0	0	0	0	0	0	0	0	0	0	0	0	0	0	0	0	0	0	0	0	0	0	0	0	45	0	0	0	0	247	325	211	0	0	0	0	0	0	0	0	0	0	0	0	0	0	0	0	0	0	0	0	0	0	0	310	0	0
k__Bacteria;p__Bacteroidetes;c__Bacteroidia;o__Bacteroidales;f__NA;g__NA	0	0	0	0	0	0	0	0	0	0	0	0	0	0	0	0	0	0	0	0	0	0	0	0	0	0	0	0	0	33	0	0	0	0	0	0	0	0	0	0	0	0	0	0	0	0	0	0	0	0	0	0	0	0	33	0	154	114	55	0	0	0	0	0	0	0	0	0	0	0	0	0	0	0	0	0	0	0	0	0	0	0	0	0	0	0	0	0	0	0	0	0	0	0	0	0	0	0	0	0	0	0	0	0	0	0	0	0	0	0	0	0	0	0	0	0	0	0	0	0	0	0	0	0	0	0	0	0	0	0
k__Bacteria;p__Bacteroidetes;c__Bacteroidia;o__Bacteroidales;f__Porphyromonadaceae;g__Barnesiella	77	261	98	15	122	494	0	616	0	101	122	0	0	62	46	0	14	12	0	368	0	84	0	646	379	0	0	288	342	27	0	119	0	43	0	51	0	0	31	33	0	24	0	78	290	119	270	84	452	309	54	351	0	352	0	0	0	0	0	113	0	77	0	84	0	0	0	0	0	0	0	0	0	0	0	0	0	0	0	0	0	0	0	0	0	0	0	0	0	0	0	0	0	0	0	0	0	0	0	0	0	0	0	0	0	0	0	0	0	0	0	0	0	0	0	0	0	0	0	0	0	0	0	0	0	0	0	0	0	0
k__Bacteria;p__Bacteroidetes;c__Bacteroidia;o__Bacteroidales;f__Porphyromonadaceae;g__Butyricimonas	0	0	0	0	0	0	0	0	0	123	0	0	0	0	0	0	42	76	29	66	0	45	0	128	70	0	0	71	89	0	0	0	0	0	0	77	28	0	230	14	0	13	0	15	0	0	0	0	0	25	0	40	0	0	0	0	0	0	0	88	0	62	0	79	0	0	0	0	0	0	0	0	0	0	0	0	0	0	0	0	0	0	0	0	0	0	0	0	0	0	0	0	0	0	0	0	0	0	0	0	0	0	0	0	0	0	0	0	0	0	0	0	0	0	0	0	0	0	0	0	0	0	0	0	0	0	0	0	0	0
k__Bacteria;p__Bacteroidetes;c__Bacteroidia;o__Bacteroidales;f__Porphyromonadaceae;g__Odoribacter	0	45	14	0	15	13	0	0	0	0	124	0	0	83	0	0	0	0	0	49	0	12	0	45	25	0	0	25	24	60	0	64	0	44	0	0	0	0	0	0	0	0	0	0	38	12	19	0	29	52	0	117	0	161	0	0	0	0	58	12	0	15	0	0	0	0	0	0	0	0	0	0	0	0	0	0	0	0	0	0	0	0	0	0	0	0	0	0	0	0	0	0	0	0	0	0	0	0	0	0	0	0	0	0	0	0	0	0	0	0	0	0	0	0	0	0	0	0	0	0	0	0	0	0	0	0	0	0	0	0
k__Bacteria;p__Bacteroidetes;c__Bacteroidia;o__Bacteroidales;f__Porphyromonadaceae;g__Parabacteroides	1540	2651	1514	2723	984	4190	0	12291	0	5478	4605	0	786	4069	1915	845	1661	411	1734	1723	0	2504	0	2360	2307	17	0	3490	1133	362	0	1527	15	815	1867	1936	4502	347	3011	588	52	1692	81	1017	3241	1811	5299	7310	2325	855	961	3409	778	2274	302	20	415	292	555	541	64	458	2733	275	0	0	0	0	35	71	68	39	0	0	0	0	0	0	0	0	0	0	0	0	0	0	0	0	0	0	0	0	0	0	0	0	0	0	0	0	0	51	61	41	0	0	0	0	0	0	0	0	0	0	0	0	0	0	0	0	0	0	0	0	0	0	0	71	0	0
k__Bacteria;p__Bacteroidetes;c__Bacteroidia;o__Bacteroidales;f__Porphyromonadaceae;g__Porphyromonas	0	0	0	0	0	0	0	0	0	0	0	0	0	0	0	0	0	0	0	0	0	0	0	0	0	0	0	0	0	0	0	0	0	0	0	0	0	0	0	0	0	0	0	0	0	0	0	0	0	0	0	0	0	0	0	0	0	0	0	0	0	0	0	0	0	0	0	0	0	0	0	0	0	0	0	0	0	0	0	0	0	0	0	0	0	0	0	0	0	0	0	0	0	0	0	0	21	0	0	0	0	0	0	0	0	0	0	0	0	0	0	0	0	0	0	0	0	0	0	0	0	0	0	0	0	0	0	0	0	0
k__Bacteria;p__Bacteroidetes;c__Bacteroidia;o__Bacteroidales;f__Prevotellaceae;g__Alloprevotella	0	0	0	0	0	0	0	0	0	0	0	0	0	0	0	494	0	0	52	0	0	0	0	0	0	0	0	0	0	0	0	0	0	0	0	0	0	0	0	0	0	0	0	0	0	0	0	0	0	0	0	0	0	0	0	0	0	0	0	0	0	0	0	0	0	0	0	0	0	0	0	0	0	0	0	0	0	0	0	0	0	0	0	0	0	0	0	0	0	0	0	0	0	0	0	0	0	0	0	0	0	0	0	0	0	0	0	0	0	0	0	0	0	0	0	0	0	0	0	0	0	0	0	0	0	0	0	0	0	0
k__Bacteria;p__Bacteroidetes;c__Bacteroidia;o__Bacteroidales;f__Prevotellaceae;g__NA	13	0	0	23	0	0	0	0	0	0	0	0	26	0	0	0	0	0	0	0	0	0	0	0	0	0	0	0	0	16	0	0	0	0	0	0	0	0	0	0	0	76	181	0	0	19	0	0	0	0	0	16	66	0	37	0	121	64	134	0	0	0	0	0	18	14	19	16	0	0	0	0	0	0	0	0	0	0	0	0	0	0	0	0	0	0	0	0	0	0	0	0	0	0	0	0	0	0	0	0	0	0	0	0	0	0	0	0	0	0	0	0	0	0	0	0	0	0	0	0	0	0	0	0	0	0	0	0	0	0
k__Bacteria;p__Bacteroidetes;c__Bacteroidia;o__Bacteroidales;f__Prevotellaceae;g__Prevotella	0	0	0	0	0	0	0	0	0	0	0	0	0	0	0	0	0	0	0	0	0	0	0	0	0	0	0	0	0	0	0	0	0	0	0	0	0	0	0	0	0	14	75	0	0	0	0	0	0	0	0	0	0	0	29	0	107	75	57	0	0	0	0	0	77	75	57	83	0	0	0	0	0	0	0	0	0	0	0	0	0	0	0	0	0	0	0	0	0	0	0	0	0	0	0	0	0	0	0	0	0	0	0	0	0	0	0	0	0	0	0	0	0	0	0	0	0	0	0	0	0	0	0	0	0	0	53	0	0	0
k__Bacteria;p__Bacteroidetes;c__Bacteroidia;o__Bacteroidales;f__Rikenellaceae;g__Alistipes	95	282	130	51	106	681	0	1082	0	424	595	0	0	274	0	12	33	51	0	317	0	211	0	632	399	0	0	303	288	180	0	350	0	192	72	139	93	20	634	58	0	78	14	91	152	76	102	56	175	212	53	287	0	352	226	0	245	184	334	205	0	174	55	141	0	0	0	0	15	30	31	13	0	0	0	0	0	0	0	0	0	0	0	0	0	0	0	0	0	0	0	0	0	0	0	0	0	0	0	0	0	33	59	23	0	0	0	0	0	0	0	0	0	0	0	0	0	0	0	0	0	0	0	0	0	0	0	39	0	0
k__Bacteria;p__Bacteroidetes;c__Bacteroidia;o__Bacteroidales;f__Rikenellaceae;g__NA	0	0	0	0	0	0	0	0	0	0	0	0	0	0	0	0	0	0	0	0	0	0	0	0	0	0	0	0	0	0	0	0	0	0	0	0	0	0	0	0	0	0	0	0	0	0	0	0	0	0	15	16	0	0	0	0	0	0	0	0	0	0	0	0	0	0	0	0	0	0	0	0	0	0	0	0	0	0	0	0	0	0	0	0	0	0	0	0	0	0	0	0	0	0	0	0	0	0	0	0	0	0	0	0	0	0	0	0	0	0	0	0	0	0	0	0	0	0	0	0	0	0	0	0	0	0	0	0	0	0
k__Bacteria;p__Bacteroidetes;c__Flavobacteriia;o__Flavobacteriales;f__Flavobacteriaceae;g__Cloacibacterium	0	0	0	0	0	0	0	0	0	0	0	0	0	0	0	0	0	0	0	0	0	0	0	0	0	0	0	0	0	0	0	0	0	0	0	0	0	0	0	0	0	0	0	0	0	0	0	0	0	0	0	0	0	0	0	0	0	0	26	0	0	0	0	0	0	0	0	0	0	0	0	0	0	0	0	0	0	0	0	0	0	0	0	0	0	0	0	0	0	0	0	0	0	0	0	0	0	0	0	0	0	0	0	0	0	0	0	0	0	0	0	0	0	0	0	0	0	0	0	0	0	0	0	0	0	0	0	0	0	0
k__Bacteria;p__Cyanobacteria;c__Chloroplast;o__NA;f__NA;g__NA	0	0	0	0	0	0	0	0	0	0	0	0	0	0	496	0	0	0	0	0	0	0	0	0	0	0	0	0	0	0	0	0	0	0	0	0	0	0	0	0	0	0	0	0	0	0	0	0	0	0	0	0	0	0	0	0	0	0	0	0	0	0	0	0	0	0	0	0	0	0	0	0	0	0	0	0	0	0	0	0	0	0	0	0	0	0	0	0	0	0	0	0	0	0	0	0	0	0	0	0	0	0	0	0	0	0	0	0	0	0	0	0	0	0	0	0	0	0	0	0	0	0	0	0	0	0	0	0	0	0
k__Bacteria;p__Firmicutes;c__Bacilli;o__Bacillales;f__Bacillaceae;g__Bacillus	0	0	0	0	0	0	11	0	0	0	0	0	0	0	0	0	0	0	0	0	0	0	0	0	0	0	0	0	0	0	0	0	0	0	37	30	28	76	0	0	0	0	0	0	0	0	0	0	0	0	0	0	0	0	0	0	0	0	24	0	0	0	0	0	0	0	0	0	0	0	0	0	0	0	0	0	0	0	0	0	0	0	0	0	0	0	0	0	0	0	0	0	0	0	0	0	0	0	0	0	0	0	0	0	0	0	0	0	0	0	0	0	0	0	0	0	0	0	0	0	0	0	0	0	0	0	0	0	0	0
k__Bacteria;p__Firmicutes;c__Bacilli;o__Bacillales;f__Family XI;g__Gemella	0	0	0	0	0	0	0	0	0	0	0	0	0	0	0	0	0	0	0	0	0	0	0	0	0	0	0	0	0	0	0	0	0	0	0	0	0	0	0	0	0	0	0	0	0	0	0	0	0	0	0	0	0	0	0	0	0	0	0	0	0	0	0	0	0	0	0	0	0	0	0	0	0	0	0	0	0	0	0	0	0	0	0	0	0	0	0	0	0	0	0	0	0	0	0	0	25	0	0	0	0	0	0	0	0	0	0	0	0	0	0	0	0	0	0	0	0	0	0	0	0	0	0	0	0	0	0	0	0	0
k__Bacteria;p__Firmicutes;c__Bacilli;o__Bacillales;f__Paenibacillaceae;g__Paenibacillus	0	69	344	0	348	0	0	0	0	0	0	0	0	0	0	0	0	0	0	0	0	0	0	0	30	51	36	34	42	25	22	27	38	39	0	0	0	0	0	0	0	0	0	0	0	0	0	0	0	0	0	0	0	0	0	0	0	0	0	0	0	0	0	0	13	23	0	18	69	109	110	48	11	11	11	13	707	661	501	292	22	0	26	190	232	14	28	27	41	0	0	0	0	15	39	0	393	163	181	239	202	99	89	112	16	0	36	25	15	133	122	26	157	216	54	178	201	110	114	130	124	85	75	117	106	103	0	165	11	741
k__Bacteria;p__Firmicutes;c__Bacilli;o__Bacillales;f__Planococcaceae;g__Lysinibacillus	0	0	0	0	0	0	0	0	0	0	0	0	0	0	0	0	0	0	0	0	0	0	0	0	0	0	0	0	0	0	0	0	0	0	0	0	0	0	0	0	0	0	0	0	0	0	0	0	0	0	0	0	0	0	0	0	0	0	0	0	0	0	0	0	0	0	0	0	0	0	0	0	0	0	0	0	0	0	0	0	0	204	0	0	0	0	0	0	0	183	190	209	200	0	0	0	0	0	0	0	0	0	0	0	0	0	0	0	0	0	0	0	0	0	0	0	0	0	0	0	0	0	0	0	0	0	0	0	0	0
k__Bacteria;p__Firmicutes;c__Bacilli;o__Bacillales;f__Staphylococcaceae;g__Staphylococcus	0	0	0	0	0	0	0	0	0	0	0	0	0	0	41	0	0	0	0	0	0	0	0	0	0	0	0	0	0	0	0	0	0	0	0	0	0	0	0	0	0	0	0	0	0	0	0	0	0	0	0	0	0	0	0	0	0	0	55	0	0	0	0	0	0	0	0	0	0	0	0	0	0	0	0	0	0	0	0	0	0	0	0	0	0	0	0	0	0	0	0	0	0	0	0	0	0	0	0	0	0	0	0	0	0	0	0	0	0	0	0	0	0	0	0	0	0	0	0	0	0	0	0	0	0	0	0	0	0	0
k__Bacteria;p__Firmicutes;c__Bacilli;o__Lactobacillales;f__Carnobacteriaceae;g__Carnobacterium	2318	13917	10311	1548	9308	0	0	0	0	0	0	0	0	0	0	0	0	0	0	0	0	0	0	0	4450	1296	1325	5764	9376	1678	1680	7450	2121	9067	0	0	0	0	0	0	0	0	0	0	0	0	0	0	0	0	0	0	0	0	0	0	0	0	572	0	0	0	0	0	0	0	0	0	0	0	0	0	0	0	0	0	0	0	0	0	0	0	0	0	0	0	0	0	0	0	0	0	0	0	0	0	0	0	0	0	0	0	0	0	0	0	0	0	0	0	0	0	0	0	0	0	0	0	0	0	0	0	0	0	0	0	0	0	0	0
k__Bacteria;p__Firmicutes;c__Bacilli;o__Lactobacillales;f__Carnobacteriaceae;g__Granulicatella	0	0	0	0	0	0	0	0	0	0	0	0	0	0	55	0	0	0	0	0	0	0	0	0	0	0	0	0	0	0	0	0	0	0	0	0	0	0	0	0	0	0	0	0	0	0	0	0	0	0	0	0	0	0	0	0	0	0	0	0	0	0	0	0	0	0	0	0	0	0	0	0	0	0	0	0	0	0	0	0	0	0	0	0	0	0	0	0	0	0	0	0	0	0	0	0	0	0	0	0	0	0	0	0	0	0	0	0	0	0	0	0	0	0	0	0	0	0	0	0	0	0	0	0	0	0	0	0	0	0
k__Bacteria;p__Firmicutes;c__Bacilli;o__Lactobacillales;f__Enterococcaceae;g__Enterococcus	11	0	0	0	0	0	0	0	0	0	86	23	133	58	0	0	0	0	43	0	0	0	0	0	0	0	0	0	0	244	139	117	183	81	0	0	0	0	0	0	0	0	0	0	0	0	0	0	0	0	0	0	0	0	172	30	83	82	66	0	0	0	0	0	0	0	0	0	0	0	0	0	0	0	0	0	0	0	0	0	0	795	0	0	0	0	0	0	0	575	657	569	637	0	0	0	0	0	0	0	0	0	0	0	0	0	0	0	0	0	0	0	0	0	0	0	0	0	0	0	0	0	0	0	0	0	0	0	0	0
k__Bacteria;p__Firmicutes;c__Bacilli;o__Lactobacillales;f__Lactobacillaceae;g__Lactobacillus	0	0	0	0	0	0	478	0	14	66	0	0	0	0	0	0	0	0	0	0	2517	0	0	0	0	0	0	0	0	0	0	0	0	0	0	0	0	0	0	0	0	22	0	0	0	0	0	0	0	0	13	0	0	0	1164	2906	3386	4515	4508	0	0	0	0	0	0	0	0	0	0	0	0	0	0	0	0	0	0	0	0	0	38	0	41	0	0	29	50	35	65	0	0	0	0	35	93	11	0	0	0	0	0	0	0	0	0	0	0	0	0	0	0	0	0	13	0	25	0	0	0	0	0	0	0	0	0	0	0	0	0	0
k__Bacteria;p__Firmicutes;c__Bacilli;o__Lactobacillales;f__Leuconostocaceae;g__Leuconostoc	0	0	0	0	0	0	0	0	0	0	0	0	0	0	0	0	0	0	0	0	0	0	0	0	0	0	0	0	0	0	0	0	0	0	0	0	0	0	0	0	0	0	0	0	0	0	0	0	0	0	0	0	0	0	0	0	0	0	0	0	0	0	0	0	0	0	0	0	0	0	0	0	0	0	0	0	0	0	0	0	0	0	0	0	48	0	0	0	0	0	0	0	0	0	0	0	0	0	0	0	0	0	0	0	0	0	0	0	0	0	0	0	0	0	0	0	0	0	0	0	0	0	0	0	0	0	0	0	0	0
k__Bacteria;p__Firmicutes;c__Bacilli;o__Lactobacillales;f__Leuconostocaceae;g__Weissella	0	0	0	0	0	0	0	0	0	0	0	0	0	0	0	0	0	0	0	0	0	0	0	0	0	0	0	0	0	0	0	0	0	0	0	0	0	0	0	0	0	0	0	0	0	0	0	0	0	0	0	0	0	0	36	14	0	12	0	0	0	0	0	0	0	0	0	0	0	0	0	0	0	0	0	0	0	0	0	0	0	0	0	0	0	0	0	0	0	0	0	0	0	0	0	0	0	0	0	0	0	0	0	0	0	0	0	0	0	0	0	0	0	0	0	0	0	0	0	0	0	0	0	0	0	0	0	0	0	0
k__Bacteria;p__Firmicutes;c__Bacilli;o__Lactobacillales;f__Streptococcaceae;g__Lactococcus	0	15	0	0	0	0	0	0	0	0	0	0	0	0	0	0	0	0	0	12	0	0	0	11	0	0	11	0	0	22	12	17	0	0	0	0	0	0	12	0	0	0	13	0	0	0	0	0	0	0	0	0	0	0	0	0	0	0	14	127	0	57	0	93	0	0	0	0	0	0	0	0	0	0	0	0	0	0	0	0	0	25	276	39	37	12	0	16	22	16	16	0	22	227	461	86	42	22	27	38	37	0	0	0	0	38	40	30	36	17	0	16	49	43	18	85	17	0	13	16	12	0	17	16	26	12	0	0	0	39
k__Bacteria;p__Firmicutes;c__Bacilli;o__Lactobacillales;f__Streptococcaceae;g__Streptococcus	0	34	12	0	13	528	532	499	212	21	151	16	108	210	3440	0	0	0	0	1323	496	593	154	1472	473	399	321	495	317	97	61	73	465	65	17	0	15	12	71	73	41	78	65	115	134	37	38	17	37	274	159	214	29	369	54	24	32	33	844	1093	22	677	44	1007	23	46	26	39	27	31	43	52	23	14	16	31	1995	1220	1615	1522	789	39	740	390	793	1107	1400	1123	1603	28	32	38	36	590	1227	313	141	306	320	482	308	59	93	73	330	376	628	796	509	297	1250	1289	475	646	239	801	2120	1333	1362	1613	2019	1871	1379	1060	1406	910	26	59	26	541
k__Bacteria;p__Firmicutes;c__Clostridia;o__Clostridiales;f__Christensenellaceae;g__Catabacter	0	19	19	0	15	0	0	0	0	76	15	0	0	0	125	0	0	0	0	0	0	0	0	18	0	0	0	0	0	0	0	27	0	13	0	0	0	0	11	0	0	0	0	0	11	0	0	0	0	0	0	0	0	0	0	0	0	0	0	0	0	0	0	0	0	0	0	0	0	0	0	0	0	0	0	0	0	0	0	0	0	0	0	0	0	0	0	0	0	0	0	0	0	0	0	0	0	0	0	0	0	0	0	0	0	0	0	0	0	0	0	0	0	0	0	0	0	0	0	0	0	0	0	0	0	0	0	0	0	0
k__Bacteria;p__Firmicutes;c__Clostridia;o__Clostridiales;f__Christensenellaceae;g__Christensenella	0	0	0	0	0	0	0	0	0	21	28	0	0	11	0	0	0	0	0	0	0	0	0	0	0	0	0	0	0	0	0	29	0	40	0	0	0	0	11	0	0	0	0	0	0	0	0	0	0	0	0	0	0	0	0	0	0	0	0	35	0	11	0	31	0	0	0	0	0	0	0	0	0	0	0	0	0	0	0	0	0	0	0	0	0	0	0	0	0	0	0	0	0	0	0	0	0	0	0	0	0	0	0	0	0	0	0	0	0	0	0	0	0	0	0	0	0	0	0	0	0	0	0	0	0	0	0	0	0	0
k__Bacteria;p__Firmicutes;c__Clostridia;o__Clostridiales;f__Christensenellaceae;g__NA	50	209	233	0	129	79	26	0	0	0	265	0	0	170	26	0	13	45	0	274	13	68	0	180	402	13	0	245	278	72	0	245	0	149	298	155	153	50	1007	55	0	27	0	78	99	12	65	0	130	48	26	134	16	67	94	0	17	31	114	46	0	0	0	11	99	94	64	76	521	537	700	639	108	86	118	142	295	175	261	188	0	316	184	253	0	0	19	0	15	258	208	208	274	138	388	69	999	141	193	241	176	633	618	454	110	79	98	112	70	88	62	274	109	147	64	183	106	31	60	70	93	73	55	86	108	79	70	701	77	136
k__Bacteria;p__Firmicutes;c__Clostridia;o__Clostridiales;f__Clostridiaceae;g__Clostridium	12142	10739	11878	13618	8437	13298	39106	13236	15141	14242	16181	10652	9655	8118	10649	3970	5917	10915	4242	3481	718	418	376	1556	5367	1892	2454	6629	7989	5959	4663	3803	5752	4636	1159	324	833	855	685	65	0	0	0	979	15645	16258	14403	13377	14613	9003	12494	9341	13478	13703	40	0	0	0	1803	159	48	66	0	730	55	60	40	68	0	0	0	0	829	796	871	1007	258	353	269	419	43	465	977	404	0	58	65	74	132	324	329	459	298	1361	1420	499	969	390	332	560	357	0	0	0	50	342	353	421	337	0	161	366	0	0	0	0	354	231	179	233	288	250	173	255	288	196	64	0	633	343
k__Bacteria;p__Firmicutes;c__Clostridia;o__Clostridiales;f__Defluviitaleaceae;g__NA	0	13	13	0	0	0	0	0	0	18	0	0	0	0	0	0	0	0	0	0	0	0	0	0	0	0	0	0	0	0	0	0	0	0	13	12	11	12	42	0	0	0	0	0	0	0	0	0	0	0	0	0	0	0	0	0	0	0	0	0	0	0	0	0	0	0	0	0	12	0	14	21	0	0	0	0	0	0	0	0	0	0	0	0	0	0	0	0	0	0	0	0	0	0	0	0	21	0	0	0	0	18	28	16	0	0	0	0	0	0	0	0	0	0	0	0	0	0	0	0	0	0	0	0	0	0	0	27	0	0
k__Bacteria;p__Firmicutes;c__Clostridia;o__Clostridiales;f__Eubacteriaceae;g__Anaerofustis	0	0	0	0	0	0	0	0	0	0	0	0	0	0	0	0	0	0	0	0	0	0	0	0	15	0	0	0	0	0	0	0	0	0	0	0	0	0	0	0	0	0	0	0	0	0	0	0	0	0	0	11	0	0	0	0	0	0	0	0	0	0	0	0	0	0	0	0	0	0	0	0	0	0	0	0	0	0	0	0	0	0	0	0	0	0	0	0	0	0	0	0	0	0	0	0	0	0	0	0	0	0	0	0	0	0	0	0	0	0	0	0	0	0	0	0	0	0	0	0	0	0	0	0	0	0	0	0	0	0
k__Bacteria;p__Firmicutes;c__Clostridia;o__Clostridiales;f__Eubacteriaceae;g__Eubacterium	17	246	120	0	105	0	0	0	0	0	13	0	16	14	283	0	0	0	0	0	0	0	0	0	0	0	0	0	0	0	0	0	0	0	0	0	0	0	0	0	0	0	0	0	371	90	256	66	413	17	29	73	13	55	0	0	0	0	0	0	0	0	0	0	0	0	0	0	0	0	0	0	0	0	0	0	0	0	0	0	0	35	0	0	0	0	0	0	0	40	46	30	40	0	0	0	172	0	0	0	0	0	0	0	175	0	0	0	0	0	0	0	0	0	0	0	0	0	0	0	0	0	0	0	0	0	0	0	0	0
k__Bacteria;p__Firmicutes;c__Clostridia;o__Clostridiales;f__Family XI;g__Anaerococcus	18	422	244	0	154	15	0	0	0	27	0	0	0	0	0	0	0	0	0	0	0	0	0	0	38	0	0	15	25	0	0	0	0	0	0	0	0	0	0	0	0	0	0	0	150	0	70	26	81	57	0	65	14	66	0	0	0	0	0	16	0	0	0	12	0	0	0	0	0	0	0	0	0	0	0	0	0	0	0	0	0	30	0	0	0	0	0	0	0	11	0	0	30	0	0	0	147	0	0	0	0	0	0	0	0	0	0	0	0	0	0	0	0	0	0	0	0	0	0	0	0	0	0	0	0	0	0	0	0	0
k__Bacteria;p__Firmicutes;c__Clostridia;o__Clostridiales;f__Family XI;g__Ezakiella	0	17	15	0	0	0	0	0	0	0	0	0	0	0	0	0	0	0	0	0	0	0	0	0	0	0	0	0	0	0	0	0	0	0	0	0	0	0	0	0	0	0	0	0	0	0	0	0	0	0	0	0	0	0	0	0	0	0	0	0	0	0	0	0	0	0	0	0	0	0	0	0	0	0	0	0	0	0	0	0	0	0	0	0	0	0	0	0	0	0	0	0	0	0	0	0	18	0	0	0	0	0	0	0	0	0	0	0	0	0	0	0	0	0	0	0	0	0	0	0	0	0	0	0	0	0	0	0	0	0
k__Bacteria;p__Firmicutes;c__Clostridia;o__Clostridiales;f__Family XI;g__Finegoldia	20	348	154	0	141	0	0	0	0	0	0	0	0	0	0	0	0	11	0	0	0	0	0	0	53	0	0	47	65	0	0	0	0	0	0	0	0	0	12	0	0	0	0	0	31	15	16	16	19	0	0	0	0	14	0	0	0	0	0	0	0	0	0	0	0	0	11	0	0	0	0	0	0	0	0	0	0	0	0	0	0	0	0	0	11	0	0	0	0	0	0	0	0	0	0	0	0	0	0	0	0	0	0	0	0	0	0	0	0	0	0	0	0	0	0	0	0	0	0	0	0	0	0	0	0	0	0	0	0	0
k__Bacteria;p__Firmicutes;c__Clostridia;o__Clostridiales;f__Family XI;g__Gallicola	0	48	89	0	65	0	0	0	0	0	0	0	0	0	0	0	0	0	0	0	0	0	0	0	0	0	0	0	0	0	0	0	0	0	0	0	0	0	0	0	0	0	0	0	0	0	0	0	0	0	0	0	0	0	0	0	0	0	0	0	0	0	0	0	0	0	0	0	0	0	0	0	0	0	0	0	0	0	0	0	0	0	0	0	0	0	0	0	0	0	0	0	0	0	0	0	0	0	0	0	0	0	0	0	0	0	0	0	0	0	0	0	0	0	0	0	0	0	0	0	0	0	0	0	0	0	0	0	0	0
k__Bacteria;p__Firmicutes;c__Clostridia;o__Clostridiales;f__Family XI;g__Murdochiella	0	134	317	0	231	0	0	0	0	0	0	0	0	0	0	0	0	0	0	0	0	0	0	0	0	0	0	0	0	0	0	0	0	0	0	0	0	0	0	0	0	0	0	0	51	0	31	0	75	0	0	0	0	0	0	0	0	0	0	0	0	0	0	0	0	0	0	0	0	0	0	0	0	0	0	0	0	0	0	0	0	0	0	0	0	0	0	0	0	0	0	0	0	0	0	0	21	0	0	0	0	0	0	0	0	0	0	0	0	0	0	0	0	0	0	0	0	0	0	0	0	0	0	0	0	0	0	0	0	0
k__Bacteria;p__Firmicutes;c__Clostridia;o__Clostridiales;f__Family XI;g__NA	0	12	29	0	16	0	0	0	0	0	0	0	0	0	0	0	0	0	0	0	0	0	0	0	0	0	0	0	0	0	0	0	0	0	0	0	0	0	0	0	0	0	0	0	0	0	0	0	0	0	0	0	0	0	0	0	0	0	0	0	0	0	0	0	0	0	0	0	0	0	0	0	0	0	0	0	0	0	0	0	0	0	0	0	0	0	0	0	0	0	0	0	0	0	0	0	0	0	0	0	0	0	0	0	0	0	0	0	0	0	0	0	0	0	0	0	0	0	0	0	0	0	0	0	0	0	0	0	0	0
k__Bacteria;p__Firmicutes;c__Clostridia;o__Clostridiales;f__Family XI;g__Parvimonas	0	28	29	0	27	0	0	0	0	0	0	0	0	0	0	0	0	0	0	0	0	0	0	0	0	0	0	0	0	0	0	0	0	0	0	0	0	0	0	0	0	0	0	0	0	0	0	0	0	0	0	0	0	0	0	0	0	0	0	0	0	0	0	0	0	0	0	0	0	0	0	0	0	0	0	0	0	0	0	0	0	19	0	0	0	0	0	0	0	27	17	13	19	0	0	0	148	0	0	0	0	0	0	0	0	0	0	0	0	0	0	0	0	0	0	0	0	0	0	0	0	0	0	0	0	0	0	0	0	0
k__Bacteria;p__Firmicutes;c__Clostridia;o__Clostridiales;f__Family XI;g__Parvimonas-Tissierella	0	79	64	0	54	0	0	0	0	0	0	0	0	0	0	0	0	0	0	0	0	0	0	0	0	0	0	0	0	0	0	0	0	0	0	0	0	0	0	0	0	0	0	0	0	0	0	0	0	0	0	0	0	0	0	0	0	0	0	0	0	0	0	0	0	0	0	0	0	0	0	0	0	0	0	0	0	0	0	0	0	0	0	0	0	0	0	0	0	0	0	0	0	0	0	0	32	0	0	0	0	0	0	0	0	0	0	0	0	0	0	0	0	0	0	0	0	0	0	0	0	0	0	0	0	0	0	0	0	0
k__Bacteria;p__Firmicutes;c__Clostridia;o__Clostridiales;f__Family XI;g__Peptoniphilus	0	504	821	0	561	46	0	0	0	0	0	0	0	0	0	0	0	16	0	30	0	0	0	0	68	0	0	38	103	0	0	0	0	0	0	0	0	0	26	0	0	0	0	0	551	0	528	42	686	105	0	37	0	188	41	0	17	29	67	0	0	0	0	0	0	0	0	0	0	0	0	0	0	0	0	0	0	0	0	0	0	0	0	0	0	0	0	0	0	0	0	0	16	0	0	0	132	0	0	0	0	0	0	0	0	0	0	0	0	0	0	0	0	0	0	0	0	0	0	0	0	0	0	0	0	0	0	0	0	0
k__Bacteria;p__Firmicutes;c__Clostridia;o__Clostridiales;f__Family XI;g__Tissierella	0	0	0	0	0	0	0	0	0	0	0	0	0	0	0	0	0	0	0	0	0	0	0	0	0	0	0	0	0	0	0	0	0	0	0	0	0	0	0	0	0	0	0	0	0	0	0	0	503	0	0	0	0	0	0	0	0	0	0	0	0	0	0	0	0	0	0	0	0	0	0	0	0	0	0	0	0	0	0	0	0	0	0	0	0	0	0	0	0	0	0	0	0	0	0	0	0	0	0	0	0	0	0	0	0	0	0	0	0	0	0	0	0	0	0	0	0	0	0	0	0	0	0	0	0	0	0	0	0	0
k__Bacteria;p__Firmicutes;c__Clostridia;o__Clostridiales;f__Family XIII;g__Mogibacterium	0	0	0	0	0	0	0	0	0	0	14	0	0	0	392	0	0	0	0	0	0	0	0	0	0	0	0	0	0	0	0	32	0	0	0	0	0	0	0	18	0	0	0	0	18	0	0	0	0	0	0	0	0	0	0	0	0	0	0	0	0	0	0	0	0	0	0	0	0	0	0	0	0	0	0	0	0	0	0	0	0	0	0	0	0	0	0	0	0	0	0	0	0	0	0	0	0	0	0	0	0	0	0	0	0	0	0	0	0	0	0	0	0	0	0	0	0	0	0	0	0	0	0	0	0	0	0	0	0	0
k__Bacteria;p__Firmicutes;c__Clostridia;o__Clostridiales;f__Family XIII;g__NA	12	167	332	11	329	0	0	0	0	0	12	0	0	0	0	48	83	242	21	82	11	12	0	21	0	13	11	14	11	0	0	0	0	0	38	39	0	14	136	74	0	30	0	118	231	16	58	0	75	0	0	0	0	0	412	0	75	195	219	407	0	260	0	606	778	797	876	516	79	116	110	113	275	245	370	366	128	70	94	51	38	136	65	109	58	33	79	65	83	121	110	90	114	78	169	44	542	81	91	108	91	159	101	112	41	0	0	0	0	369	63	125	292	345	274	450	75	40	57	65	61	61	45	57	100	76	589	104	275	0
k__Bacteria;p__Firmicutes;c__Clostridia;o__Clostridiales;f__Lachnospiraceae;g__Anaerostipes	0	59	239	0	135	0	0	68	355	0	332	207	146	158	173	217	155	78	108	836	13	241	1187	463	546	117	73	730	1498	0	0	17	0	40	69	109	31	23	47	177	2274	1164	2715	37	88	45	28	0	63	133	1544	660	244	106	0	19	26	60	1282	786	0	346	1499	737	49	80	69	62	965	1148	1522	962	1755	1671	2088	2001	659	669	640	675	1142	988	154	3411	1234	1085	1629	1533	1796	895	847	955	863	165	197	59	2543	3374	2955	4039	3125	1396	1100	1222	1304	1774	1865	1828	1276	1085	2242	2307	982	1636	791	1919	3630	2509	2436	2753	2939	3015	2629	2960	3788	2925	67	1235	1427	1692
k__Bacteria;p__Firmicutes;c__Clostridia;o__Clostridiales;f__Lachnospiraceae;g__Blautia	3396	4587	2319	2760	2162	5625	880	6829	2499	2638	4847	320	3542	3810	4586	3606	4646	1550	4668	4667	2350	3935	1409	3278	2480	2385	2012	3544	1188	726	497	1177	301	679	1819	1848	1845	1323	2239	5673	278	4061	1014	6167	2615	3033	1603	2199	1187	3524	4857	7552	4672	4421	6229	1010	3943	3892	9673	8664	142	7256	1535	7080	6859	7833	5977	6821	11274	11293	13097	9674	4777	3778	4947	4706	35839	27935	32963	30393	13800	4687	14244	18809	7076	14681	19947	19128	21181	4179	3934	5087	4102	16876	22001	11672	11615	19041	16494	21965	15880	13487	13719	13308	19667	46168	29615	27208	19741	22747	10020	26537	14545	21587	27504	25041	13679	11256	9014	11703	13292	12216	10760	9833	11719	9844	6977	12858	3388	29340
k__Bacteria;p__Firmicutes;c__Clostridia;o__Clostridiales;f__Lachnospiraceae;g__Blautia-Lachnoclostridium	30	45	34	28	45	0	0	0	0	0	17	0	36	11	0	15	132	11	124	43	11	90	0	34	11	0	0	59	16	14	0	0	0	0	30	22	19	0	16	18	0	14	0	25	20	22	100	108	23	0	0	0	0	0	48	0	20	17	35	50	0	27	0	34	217	228	193	191	76	65	82	66	230	209	268	268	0	0	0	12	33	82	32	74	21	34	47	42	24	77	77	97	98	37	49	33	214	73	64	51	54	80	79	70	0	0	0	0	0	0	38	29	0	0	0	0	59	26	34	53	43	38	38	22	46	38	236	91	234	0
k__Bacteria;p__Firmicutes;c__Clostridia;o__Clostridiales;f__Lachnospiraceae;g__Blautia-Marvinbryantia	0	0	0	0	0	0	0	0	0	0	0	0	0	0	0	0	0	0	0	0	0	0	0	0	0	0	0	0	0	0	0	0	0	0	0	0	0	0	0	0	0	0	0	0	0	0	0	0	0	0	0	0	0	0	0	0	0	0	0	0	0	0	0	0	0	0	0	0	72	0	0	0	0	0	0	0	0	0	0	0	0	0	0	0	0	0	0	0	11	0	0	0	0	0	0	0	0	0	24	0	0	0	0	0	0	0	0	0	0	0	0	0	0	0	539	0	0	0	0	0	0	0	0	0	0	0	0	0	0	0
k__Bacteria;p__Firmicutes;c__Clostridia;o__Clostridiales;f__Lachnospiraceae;g__Cellulosilyticum	0	0	0	0	0	0	0	0	0	0	0	0	0	0	0	0	0	0	0	0	0	0	0	0	0	0	0	0	0	0	0	0	0	0	0	0	0	0	0	0	0	0	0	0	0	0	0	0	0	0	0	0	0	0	0	0	0	0	0	0	0	0	0	0	0	0	0	0	0	0	0	0	0	0	0	0	0	0	0	0	0	0	0	11	0	0	0	0	0	0	0	0	0	0	0	0	0	12	11	28	17	0	0	0	0	0	0	0	0	0	0	11	0	0	0	0	0	0	0	0	0	0	0	0	0	0	0	0	0	0
k__Bacteria;p__Firmicutes;c__Clostridia;o__Clostridiales;f__Lachnospiraceae;g__Coprococcus	238	630	0	23	0	244	0	181	0	26	35	0	52	62	629	0	150	166	413	119	78	55	29	1105	77	80	66	95	910	75	0	471	0	125	2359	297	903	55	714	224	176	259	374	378	314	539	232	122	0	15	94	42	26	0	235	92	109	120	482	653	12	201	105	494	427	522	395	456	877	1152	1387	1175	310	316	420	390	49	24	22	25	917	32	69	626	737	841	1266	1118	1262	32	15	34	21	50	95	25	80	558	568	755	534	1424	1155	1251	0	0	0	0	0	631	306	365	608	899	436	1085	456	316	264	314	391	394	292	355	452	335	454	1401	316	0
k__Bacteria;p__Firmicutes;c__Clostridia;o__Clostridiales;f__Lachnospiraceae;g__Dorea	534	574	28	197	17	0	320	543	573	1536	657	171	1120	463	1217	1201	173	144	692	425	821	354	693	930	2463	160	86	1794	831	425	0	798	0	539	264	246	289	112	851	126	506	278	583	157	93	1222	176	422	17	150	1188	119	520	114	269	1917	228	134	638	758	0	407	220	975	825	1004	758	802	707	816	1043	816	2163	1797	2389	2375	624	494	614	570	1215	611	1729	2138	1328	1494	2092	1650	2108	517	458	510	539	1356	3079	822	1313	1911	1833	2370	1756	1155	925	1101	3573	2427	1655	1639	1183	1159	1628	1460	881	1430	1293	1671	2402	1748	1542	1961	2081	2004	1652	1676	2118	1641	756	1087	1534	1873
k__Bacteria;p__Firmicutes;c__Clostridia;o__Clostridiales;f__Lachnospiraceae;g__Eisenbergiella	35	289	115	12	107	0	0	0	0	0	32	0	0	0	102	0	0	0	0	0	0	0	0	0	0	0	0	0	0	0	0	0	0	0	0	0	0	0	0	0	0	0	0	0	127	13	98	50	139	17	0	0	0	0	0	0	0	0	0	0	0	0	0	11	0	0	0	0	0	0	0	0	0	0	0	0	0	0	0	0	0	0	0	0	0	0	0	0	0	0	0	12	0	0	0	0	362	0	0	0	0	0	0	0	0	0	0	0	0	0	0	0	0	0	0	0	0	0	0	0	0	0	0	0	0	0	0	0	0	0
k__Bacteria;p__Firmicutes;c__Clostridia;o__Clostridiales;f__Lachnospiraceae;g__Epulopiscium	0	0	0	0	0	0	0	0	0	0	427	0	0	111	221	0	0	0	0	0	0	0	0	0	0	0	0	0	0	33	0	72	0	144	0	0	0	0	0	0	0	0	0	0	0	0	0	0	0	0	0	0	0	0	0	0	0	0	0	0	0	0	0	0	0	0	0	0	0	0	0	0	0	0	0	0	0	0	0	0	0	0	0	0	0	0	0	0	0	0	0	0	0	0	0	0	0	0	0	0	0	0	0	0	0	0	0	0	0	0	0	0	0	0	0	0	0	0	0	0	0	0	0	0	0	0	0	0	0	0
k__Bacteria;p__Firmicutes;c__Clostridia;o__Clostridiales;f__Lachnospiraceae;g__Eubacterium	242	139	291	927	229	295	132	165	2136	137	358	21	362	136	105	704	186	226	438	777	255	527	32	741	379	76	47	931	640	0	0	24	0	117	282	135	235	85	207	75	0	74	209	11	510	1203	597	871	384	34	899	367	338	142	261	115	138	193	1997	101	0	77	34	78	219	234	196	208	1916	2373	3066	2901	650	531	727	737	1822	1254	1567	1165	2192	1702	1607	4086	4966	2987	3672	3371	3845	1512	1382	1748	1591	1626	2696	821	3468	3678	3600	4702	3423	3504	2895	3021	0	3445	3450	3490	2388	3936	2338	3109	2473	4732	3133	4220	3675	2304	2463	2840	3126	2983	2340	1908	2743	2022	215	3411	541	3509
k__Bacteria;p__Firmicutes;c__Clostridia;o__Clostridiales;f__Lachnospiraceae;g__Eubacterium-Marvinbryantia	0	0	0	0	0	0	0	0	0	0	0	0	0	0	0	0	0	0	0	0	0	0	0	0	0	0	0	0	0	0	0	0	0	0	0	0	0	0	0	0	0	0	0	0	0	0	0	0	0	0	0	0	0	0	0	0	0	0	0	0	0	0	0	0	0	0	0	0	0	0	0	0	0	0	0	0	0	0	0	0	0	0	0	0	0	0	0	0	13	0	0	0	0	0	0	0	0	0	0	0	0	0	0	0	0	0	0	0	0	0	0	0	0	0	0	0	0	0	0	0	0	0	0	0	0	0	0	0	0	0
k__Bacteria;p__Firmicutes;c__Clostridia;o__Clostridiales;f__Lachnospiraceae;g__Eubacterium-Roseburia	0	0	0	0	0	0	0	0	0	0	0	0	0	0	0	0	0	0	0	0	0	0	0	0	0	0	0	0	0	0	0	0	0	0	0	0	0	0	0	0	0	0	0	0	0	0	0	0	0	0	0	0	0	0	0	0	0	0	0	0	0	0	0	0	0	0	0	0	0	0	0	0	0	0	0	0	22	0	14	16	0	0	0	0	0	0	0	0	0	0	0	0	0	0	0	0	0	0	0	0	0	0	0	0	0	36	0	0	21	0	0	0	0	0	0	0	0	0	0	0	0	0	0	0	0	0	0	0	0	0
k__Bacteria;p__Firmicutes;c__Clostridia;o__Clostridiales;f__Lachnospiraceae;g__Fusicatenibacter	82	28	92	1072	0	71	47	1759	2359	0	0	17	5401	349	1169	185	366	93	3220	52	61	1488	289	106	46	76	63	313	24	26	0	31	0	31	323	466	297	286	148	0	0	176	77	11	17	22	95	624	0	15	95	687	2753	29	47	34	523	260	759	42	0	26	880	42	15	24	14	16	2871	3621	4292	2895	1020	918	1135	1060	2776	1646	2380	1665	1500	0	239	426	975	1504	2117	1965	2251	0	0	12	0	292	401	186	19	416	413	451	383	4177	4396	4182	280	4183	3565	3659	2466	176	1206	1264	163	227	182	244	1652	1246	1027	1527	1828	1543	1286	945	1204	941	22	4212	761	5858
k__Bacteria;p__Firmicutes;c__Clostridia;o__Clostridiales;f__Lachnospiraceae;g__Howardella	0	0	0	0	0	0	0	0	0	0	0	0	0	0	0	0	0	0	0	0	0	0	0	0	0	0	0	0	0	0	0	0	0	0	0	0	0	0	0	0	0	0	0	0	0	0	0	0	0	0	0	0	0	0	0	0	0	0	0	0	0	0	0	0	55	24	30	33	0	0	0	0	37	28	41	43	0	0	0	0	0	0	0	0	0	0	0	0	0	0	0	0	0	0	0	0	0	0	0	0	0	0	0	0	0	0	0	0	0	0	0	0	0	0	0	0	0	0	0	0	0	0	0	0	0	0	50	0	24	0
k__Bacteria;p__Firmicutes;c__Clostridia;o__Clostridiales;f__Lachnospiraceae;g__Hungatella	31	1582	1459	0	1262	0	0	0	0	0	0	0	0	0	228	0	0	0	0	32	0	0	0	91	15	0	0	29	53	0	0	0	0	0	0	0	0	0	0	230	0	90	0	207	684	386	543	410	592	0	27	65	0	28	0	0	0	0	0	595	0	268	0	1375	0	0	0	0	0	0	0	0	0	0	0	0	0	0	0	0	0	0	0	0	0	0	0	0	0	0	0	0	0	0	0	0	84	0	0	0	0	0	0	0	0	0	0	0	0	0	0	0	0	0	0	0	0	0	0	0	0	0	0	0	0	0	0	0	0	0
k__Bacteria;p__Firmicutes;c__Clostridia;o__Clostridiales;f__Lachnospiraceae;g__Lachnoclostridium	580	3153	1867	187	1567	6309	0	3119	0	1432	2796	0	160	1591	1246	502	176	343	193	719	186	603	152	2457	921	278	228	911	1539	532	20	2743	29	2609	2863	1196	1281	390	6835	1084	0	638	72	1112	2853	2798	2232	680	3877	2354	1015	2971	1256	4968	3241	39	600	630	1971	2022	0	436	63	2581	2135	2398	1938	1996	841	1006	1279	988	952	795	1022	1081	510	305	408	312	1517	428	653	2107	4586	1771	2098	1982	2254	415	361	399	362	529	1011	374	1173	1949	1855	2479	1715	1389	1199	1296	363	158	188	168	90	718	1770	1458	731	943	789	1299	2499	1564	1669	2038	2054	2117	1742	1809	2501	1943	1951	1326	769	138
k__Bacteria;p__Firmicutes;c__Clostridia;o__Clostridiales;f__Lachnospiraceae;g__Lachnoclostridium-Roseburia	0	0	0	0	0	0	0	0	0	0	0	0	0	0	0	0	0	0	0	0	0	0	0	0	0	0	0	0	0	0	0	0	0	410	0	0	0	0	0	103	0	0	0	0	0	0	0	0	0	0	0	0	0	0	0	0	0	0	133	0	0	0	0	0	0	0	0	0	26	29	30	29	23	0	13	16	0	0	0	0	67	0	0	200	315	57	68	73	75	0	0	0	0	0	0	0	0	224	159	236	166	26	25	20	0	0	0	0	0	0	15	144	12	22	23	40	16	16	0	12	19	23	23	0	28	0	0	30	0	0
k__Bacteria;p__Firmicutes;c__Clostridia;o__Clostridiales;f__Lachnospiraceae;g__Lachnospira	0	11	0	0	0	0	0	0	0	0	0	0	0	0	0	0	0	0	0	0	0	0	0	0	0	0	0	0	0	0	0	0	0	0	0	0	0	0	0	0	0	0	0	0	0	13	0	0	0	0	0	0	0	0	0	0	0	0	0	0	0	0	0	0	0	0	0	0	0	0	0	0	0	0	0	0	0	0	0	0	0	0	0	0	0	0	0	0	0	0	0	0	0	0	0	0	0	0	0	0	0	0	0	0	0	0	0	0	0	0	0	0	0	0	0	0	0	0	0	0	0	0	0	0	0	0	0	0	0	0
k__Bacteria;p__Firmicutes;c__Clostridia;o__Clostridiales;f__Lachnospiraceae;g__Lactonifactor	0	53	54	0	73	0	0	0	0	0	0	0	0	0	0	0	0	0	0	0	0	0	0	0	0	0	0	0	0	0	0	0	0	0	0	0	0	0	71	0	0	0	0	0	39	22	0	0	34	0	0	0	0	0	0	0	0	0	0	0	0	17	0	0	0	0	0	0	0	0	0	0	0	0	0	0	0	0	0	0	0	0	0	0	0	0	0	0	0	0	0	0	0	0	0	0	0	0	0	0	0	0	0	0	0	0	0	0	0	0	0	0	0	0	0	0	0	0	0	0	0	0	0	0	0	0	0	0	0	0
k__Bacteria;p__Firmicutes;c__Clostridia;o__Clostridiales;f__Lachnospiraceae;g__Marvinbryantia	0	0	0	0	0	0	0	0	0	0	0	0	0	12	0	19	19	13	12	0	0	0	0	0	0	0	0	0	0	0	0	0	0	0	0	12	0	0	0	93	0	54	0	75	0	0	0	42	0	0	0	0	0	0	17	0	15	12	21	141	0	55	0	101	616	696	489	628	260	324	380	299	332	343	416	370	0	0	0	0	24	35	104	215	51	35	32	46	34	0	0	0	0	86	208	50	0	215	164	232	182	424	429	353	0	0	0	0	0	732	78	140	535	980	598	977	169	119	81	101	110	99	86	85	127	70	575	369	299	0
k__Bacteria;p__Firmicutes;c__Clostridia;o__Clostridiales;f__Lachnospiraceae;g__NA	2182	4456	2097	2744	1742	1633	155	1456	69	165	2028	13	3116	741	1647	995	536	570	299	1007	127	657	12	894	1073	77	30	1355	330	538	0	998	0	846	324	635	232	79	2238	1760	69	7545	2482	1107	2100	2538	2770	8271	1473	1106	1252	2227	3361	883	1411	117	786	836	2228	1721	79	16892	2040	1366	564	689	540	576	713	773	1076	867	542	469	655	579	4687	3262	4093	3267	2479	569	1041	788	1733	2362	3247	3309	3458	558	418	471	562	1199	1925	763	3636	761	732	1032	669	1177	1108	1095	1118	2152	2113	2075	1413	4975	920	2468	3700	5549	4381	6323	1431	1029	860	1070	1175	1134	898	842	1108	833	527	988	429	2454
k__Bacteria;p__Firmicutes;c__Clostridia;o__Clostridiales;f__Lachnospiraceae;g__Oribacterium	0	0	0	0	0	0	0	0	0	0	0	0	0	0	0	0	0	0	0	0	0	0	0	0	0	0	0	0	0	0	0	0	0	0	0	0	0	0	0	0	0	0	0	0	0	0	0	0	0	0	0	0	0	0	34	0	13	21	118	0	0	0	0	0	14	0	0	0	0	0	0	0	0	0	0	0	0	0	0	0	0	0	0	0	0	0	0	0	0	0	0	0	0	0	0	0	16	0	0	0	0	0	0	0	0	0	0	0	0	0	0	0	0	0	0	0	0	0	0	0	0	0	0	0	0	0	0	0	0	0
k__Bacteria;p__Firmicutes;c__Clostridia;o__Clostridiales;f__Lachnospiraceae;g__Robinsoniella	0	0	0	0	0	0	0	0	0	0	420	0	0	313	1079	0	0	0	0	0	0	0	0	0	0	0	0	0	0	0	0	0	0	0	0	0	0	0	0	0	0	0	0	0	330	17	388	13	644	206	46	332	12	404	0	0	0	0	115	0	0	0	0	0	0	0	0	0	0	0	0	0	0	0	0	0	0	0	0	0	0	0	0	0	0	0	0	0	0	0	0	0	0	0	0	0	0	0	0	0	0	0	0	0	0	0	0	0	0	0	0	0	0	0	0	0	0	0	0	0	0	0	0	0	0	0	0	0	0	0
k__Bacteria;p__Firmicutes;c__Clostridia;o__Clostridiales;f__Lachnospiraceae;g__Roseburia	318	38	29	170	0	44	16	179	31	128	0	0	0	0	0	482	18	0	271	91	11	29	0	56	35	13	21	48	13	16	0	14	0	0	14	0	0	0	0	112	0	50	0	53	70	58	21	35	31	104	89	219	167	299	11	0	0	0	411	138	0	91	0	104	69	78	27	60	58	90	145	79	11	0	13	0	62	30	37	42	83	0	0	43	0	93	114	103	164	0	0	0	0	0	0	0	47	21	43	63	24	127	120	136	0	0	18	16	0	221	0	34	276	354	307	466	28	79	14	25	41	39	0	21	77	35	36	113	0	25
k__Bacteria;p__Firmicutes;c__Clostridia;o__Clostridiales;f__Lachnospiraceae;g__Shuttleworthia	0	0	0	0	0	0	0	0	0	0	0	0	0	0	0	0	0	0	0	0	0	0	0	0	0	0	0	0	0	0	0	0	0	0	0	0	0	0	0	0	0	0	0	0	0	0	0	0	0	0	0	0	0	0	0	0	0	0	0	0	0	0	0	0	0	0	0	0	0	0	0	0	0	0	0	0	0	0	0	0	0	0	0	0	0	0	0	0	0	0	0	0	0	0	0	0	12	0	0	0	0	0	0	0	0	0	0	0	0	0	0	0	0	0	0	0	0	0	0	0	0	0	0	0	0	0	0	0	0	0
k__Bacteria;p__Firmicutes;c__Clostridia;o__Clostridiales;f__Lachnospiraceae;g__Tyzzerella	0	0	0	0	0	0	0	0	0	0	0	0	0	0	0	0	0	0	0	0	0	0	0	0	0	0	0	0	0	0	0	0	0	0	0	0	0	0	0	0	0	0	0	0	17	0	0	0	0	0	0	0	0	0	0	0	0	0	0	0	0	0	0	13	0	0	0	0	0	0	0	0	0	0	0	0	0	0	0	0	0	0	0	0	0	0	0	0	0	0	0	0	0	0	0	0	0	0	0	0	0	0	0	0	0	0	0	0	0	0	0	0	0	0	0	0	0	0	0	0	0	0	0	0	0	0	0	0	0	0
k__Bacteria;p__Firmicutes;c__Clostridia;o__Clostridiales;f__NA;g__NA	0	811	809	0	611	0	0	0	0	12	27	14	13	0	0	351	530	561	228	0	0	0	0	0	0	0	0	0	0	25	30	19	23	20	69	83	46	46	183	0	0	0	0	0	825	11	603	0	1909	0	0	0	0	0	13	14	27	29	123	13	0	0	0	0	3042	3845	2554	3477	81	88	113	49	1413	1278	1558	1645	0	0	0	0	0	21	59	34	0	0	0	0	0	17	11	25	0	67	71	21	43	13	31	33	45	75	64	63	0	0	0	0	0	0	0	13	0	0	0	0	0	0	0	0	0	0	0	0	0	0	3201	85	1115	0
k__Bacteria;p__Firmicutes;c__Clostridia;o__Clostridiales;f__NA;g__Sarcina	0	0	0	0	0	0	19	0	0	0	0	0	0	0	0	33	72	98	23	0	0	0	0	0	0	0	0	0	0	0	0	0	0	0	0	0	0	0	0	0	0	0	0	0	0	0	0	0	0	0	0	0	0	0	0	0	0	0	0	0	0	0	0	0	0	0	0	0	0	0	0	0	301	289	354	340	0	0	0	0	0	0	0	0	0	0	0	0	0	0	0	0	0	0	0	0	0	0	0	0	0	0	0	0	0	0	0	0	0	0	0	0	0	0	0	0	0	0	0	0	0	0	0	0	0	0	0	0	199	0
k__Bacteria;p__Firmicutes;c__Clostridia;o__Clostridiales;f__Peptococcaceae;g__NA	0	13	11	0	16	0	0	0	0	0	0	0	0	0	0	0	0	0	0	0	0	0	0	0	0	0	0	0	0	0	0	0	0	0	0	0	0	0	11	0	0	0	0	0	17	0	16	0	23	0	0	0	0	0	0	0	0	0	0	0	0	0	0	0	0	0	0	0	0	0	0	0	0	0	0	0	0	0	0	0	0	0	0	0	0	0	0	0	0	0	0	0	0	0	0	0	0	0	0	0	0	0	0	0	0	0	0	0	0	0	0	0	0	0	0	0	0	0	0	0	0	0	0	0	0	0	0	0	0	0
k__Bacteria;p__Firmicutes;c__Clostridia;o__Clostridiales;f__Peptococcaceae;g__Peptococcus	0	0	0	0	0	0	0	0	0	0	0	0	0	0	0	0	0	0	0	0	0	0	0	0	0	0	0	0	0	0	0	0	0	0	0	0	0	0	0	0	0	0	0	0	33	0	24	0	28	0	0	41	0	0	0	0	0	0	38	0	0	0	0	0	0	0	0	0	0	0	0	0	0	0	0	0	0	0	0	0	0	17	0	359	0	0	0	0	0	14	12	11	19	0	0	0	108	304	394	484	298	0	0	0	0	0	0	0	0	0	0	199	0	0	0	0	0	0	0	0	0	0	0	0	0	0	0	0	0	0
k__Bacteria;p__Firmicutes;c__Clostridia;o__Clostridiales;f__Peptostreptococcaceae;g__Asaccharospora	0	0	0	0	0	0	0	0	0	0	0	0	0	0	0	0	0	0	0	987	0	740	0	0	0	0	0	0	0	0	0	0	0	0	0	0	0	0	0	0	0	0	0	0	0	0	0	0	0	0	0	0	0	0	0	0	0	0	0	0	0	0	0	0	0	0	0	0	0	0	0	0	0	0	0	0	0	0	0	0	0	0	0	0	0	0	0	0	0	0	0	0	0	0	0	0	0	0	0	0	0	0	0	0	0	0	0	0	0	0	0	0	0	0	0	0	0	0	0	0	0	0	0	0	0	0	0	0	0	0
k__Bacteria;p__Firmicutes;c__Clostridia;o__Clostridiales;f__Peptostreptococcaceae;g__Intestinibacter	126	5245	2209	28	782	480	139	849	132	5053	29	22	0	17	0	1361	2041	2218	891	3504	281	1217	128	3749	3829	126	110	3660	3759	1176	27	1789	41	1933	314	32	59	11	74	0	0	0	0	0	39	78	21	0	29	82	1086	75	1198	167	542	0	11	168	237	1128	0	818	0	24	44	62	41	54	11	15	17	20	1850	1585	2018	2013	655	749	675	910	52	89	134	281	0	73	114	90	119	60	72	82	63	148	162	72	262	291	258	376	273	0	13	20	62	474	559	557	482	0	127	551	0	11	0	16	266	185	128	174	202	188	147	158	234	126	48	16	1345	508
k__Bacteria;p__Firmicutes;c__Clostridia;o__Clostridiales;f__Peptostreptococcaceae;g__Paeniclostridium	0	0	1129	0	664	32	0	0	0	137	0	0	0	0	0	0	53	1166	0	0	0	0	0	0	0	0	0	0	0	0	0	593	0	0	0	0	0	0	0	0	0	0	0	0	0	0	0	0	0	0	0	0	0	0	0	0	0	0	0	0	0	0	0	0	0	0	0	0	0	0	0	0	0	0	0	0	0	0	0	0	0	0	0	0	0	0	0	0	0	0	0	0	0	0	0	0	0	0	0	0	0	0	0	0	0	0	0	0	0	0	0	0	0	0	0	0	0	0	0	0	0	0	0	0	0	0	0	0	0	0
k__Bacteria;p__Firmicutes;c__Clostridia;o__Clostridiales;f__Peptostreptococcaceae;g__Paraclostridium-Peptoclostridium	0	28	0	0	284	14	0	0	0	66	24965	13457	14241	16917	12448	30	177	0	0	0	0	0	0	0	0	0	0	0	0	0	0	14	0	0	0	0	0	0	0	0	0	0	0	24	14782	7846	11233	4890	12986	24604	21041	22464	8398	17930	0	0	0	0	1328	1889	0	330	0	5448	0	0	0	0	0	0	0	0	0	0	0	0	0	0	0	0	0	0	0	0	0	0	0	0	0	0	0	0	0	0	0	0	0	0	0	0	0	0	0	0	0	0	0	0	0	0	0	0	0	0	0	0	0	0	0	0	0	0	0	0	0	0	0	0	0	0
k__Bacteria;p__Firmicutes;c__Clostridia;o__Clostridiales;f__Peptostreptococcaceae;g__Peptoclostridium	0	0	0	0	0	0	0	0	0	0	0	0	0	0	0	0	0	173	0	0	0	0	0	31	0	0	0	11	34	0	0	0	0	0	0	0	0	0	0	42	0	0	0	0	0	0	0	0	0	114	0	81	0	290	0	0	0	0	0	0	0	0	0	0	0	0	0	0	0	0	0	0	0	0	0	0	0	0	0	0	0	0	0	0	0	0	0	0	0	0	0	12	0	0	0	0	19	0	0	0	0	0	0	0	0	0	0	0	0	0	0	0	0	0	0	0	0	0	0	0	0	0	0	0	0	0	0	0	0	0
k__Bacteria;p__Firmicutes;c__Clostridia;o__Clostridiales;f__Peptostreptococcaceae;g__Peptostreptococcus	14	0	38	0	44	0	0	0	0	0	0	0	0	0	0	0	0	0	0	0	0	0	0	0	0	0	0	0	0	0	0	0	0	0	0	0	0	0	0	0	0	0	0	0	445	0	281	0	285	0	0	0	0	0	0	0	0	0	0	0	0	0	0	0	0	0	0	0	0	0	0	0	0	0	0	0	0	0	0	0	0	0	0	0	0	0	0	0	0	0	14	17	0	0	0	0	167	0	0	0	0	0	0	0	0	0	0	0	0	0	0	0	0	0	0	0	0	0	0	0	0	0	0	0	0	0	0	0	0	0
k__Bacteria;p__Firmicutes;c__Clostridia;o__Clostridiales;f__Peptostreptococcaceae;g__Romboutsia	558	1451	1194	314	1221	471	493	374	333	727	1424	905	688	794	512	809	1675	1533	514	2232	2454	1272	1026	2218	1307	1826	1811	1133	1156	1558	1076	1486	1616	1289	895	1299	631	726	3162	87	75	105	73	158	1118	845	673	386	1064	327	352	348	154	477	0	0	0	18	809	685	74	351	74	602	14775	17814	12366	15847	945	1182	1580	814	3129	2893	3645	3716	1079	994	954	913	11814	2853	6201	53	0	9097	17691	15390	20490	2259	2278	2669	2151	6391	9385	3366	5754	39	55	70	48	1199	1698	1194	417	639	683	744	710	303	1897	630	275	373	238	385	3244	2066	1876	2615	3184	2820	2297	1847	2559	1803	14743	1239	2617	679
k__Bacteria;p__Firmicutes;c__Clostridia;o__Clostridiales;f__Peptostreptococcaceae;g__Terrisporobacter	24	985	1787	18	55	35	53	24	46	44	17	12	0	0	0	92	129	328	86	101	55	28	23	70	113	104	91	84	82	19	12	21	34	13	0	0	0	0	0	109	0	24	0	774	64	29	21	22	32	37	46	26	0	72	0	0	0	0	394	0	0	0	0	0	0	14	0	0	0	0	0	0	1003	821	1049	1040	170	256	235	330	0	100	286	11	0	0	0	0	0	92	109	109	71	348	374	142	249	0	0	0	0	0	0	0	0	54	62	48	36	0	181	170	0	0	0	0	399	271	216	208	291	240	212	300	429	192	0	0	702	62
k__Bacteria;p__Firmicutes;c__Clostridia;o__Clostridiales;f__Ruminococcaceae;g__*Soleaferrea	0	110	94	0	51	135	0	111	0	132	58	0	0	32	0	0	0	14	0	11	0	13	0	20	0	0	0	0	19	0	0	29	0	0	0	0	0	0	13	0	0	0	0	0	19	12	13	0	59	56	20	113	36	90	28	0	0	0	76	126	0	28	0	102	0	0	0	0	0	0	0	0	0	0	0	0	0	0	0	0	0	0	0	0	0	0	0	0	0	0	0	0	0	0	0	0	0	0	0	0	0	0	0	0	0	0	0	0	0	0	0	0	0	0	0	0	0	0	0	0	0	0	0	0	0	0	0	0	0	0
k__Bacteria;p__Firmicutes;c__Clostridia;o__Clostridiales;f__Ruminococcaceae;g__Acetanaerobacterium	0	26	11	0	0	0	0	0	0	0	0	0	0	0	0	0	39	0	0	0	0	0	0	11	11	0	0	0	0	0	0	0	0	0	0	0	0	0	17	0	0	0	0	13	13	0	11	0	24	0	0	14	0	26	0	0	0	0	0	48	0	17	0	17	0	0	0	0	0	0	0	0	0	0	0	0	0	0	0	0	0	0	0	0	0	0	0	0	0	0	0	0	0	0	0	0	0	0	0	0	0	0	0	0	0	0	0	0	0	0	0	0	0	0	0	0	0	0	0	0	0	0	0	0	0	0	0	0	0	0
k__Bacteria;p__Firmicutes;c__Clostridia;o__Clostridiales;f__Ruminococcaceae;g__Anaerofilum	0	19	23	0	13	43	0	26	0	120	16	0	0	0	0	0	15	21	0	0	0	0	0	15	13	0	0	0	14	0	0	58	0	45	0	0	0	0	20	0	0	0	0	12	0	0	0	0	0	16	0	0	0	31	0	0	0	0	0	44	0	18	0	46	0	0	0	0	0	0	0	0	0	0	0	0	0	0	0	0	0	0	0	0	0	0	0	0	0	0	0	0	0	0	0	0	0	0	0	0	0	0	0	0	0	0	0	0	0	0	0	0	0	0	0	0	0	0	0	0	0	0	0	0	0	0	0	0	0	0
k__Bacteria;p__Firmicutes;c__Clostridia;o__Clostridiales;f__Ruminococcaceae;g__Anaerotruncus	40	419	298	0	194	547	0	380	0	21	983	0	0	980	52	0	21	383	0	88	0	51	0	217	32	0	0	54	120	0	0	1073	0	293	92	94	25	48	1022	0	0	0	0	0	156	12	72	0	92	75	0	48	0	95	0	0	0	0	14	24	0	0	0	24	0	0	0	0	56	79	77	71	0	0	0	0	0	0	0	0	0	0	0	0	0	0	0	0	0	0	0	0	0	0	0	0	11	0	0	0	0	86	83	65	0	0	0	0	0	0	0	0	0	0	0	0	0	0	0	0	0	0	0	0	0	0	0	78	0	0
k__Bacteria;p__Firmicutes;c__Clostridia;o__Clostridiales;f__Ruminococcaceae;g__Faecalibacterium	636	64	0	135	0	1442	691	3537	2523	0	329	50	1910	233	922	459	111	34	269	915	1406	812	1480	1358	2185	37	26	1677	849	389	26	941	79	644	5471	1644	4954	6870	2041	710	205	1001	1207	1134	41	743	26	59	0	162	1378	495	1397	80	4132	3711	3128	2883	4397	110	53	93	655	21	0	17	27	29	3957	3942	5006	3790	20	11	18	12	188	101	216	129	21	0	357	434	855	13	34	30	24	0	0	0	0	351	640	273	15	503	352	501	355	4997	5166	4795	855	136	127	130	110	39	360	320	45	80	69	114	669	538	395	517	645	510	424	402	656	473	12	4813	0	234
k__Bacteria;p__Firmicutes;c__Clostridia;o__Clostridiales;f__Ruminococcaceae;g__Fastidiosipila	0	98	128	0	81	0	0	0	0	0	0	0	0	0	0	0	0	0	0	0	0	0	0	0	0	0	0	0	0	0	0	0	0	0	0	0	0	0	0	0	0	0	0	0	24	0	26	0	36	0	0	0	0	0	0	0	0	0	0	0	0	0	0	0	0	0	0	0	0	0	0	0	0	0	0	0	0	0	0	0	0	0	0	0	0	0	0	0	0	0	0	0	0	0	0	0	63	0	0	0	0	0	0	0	0	0	0	0	0	0	0	0	0	0	0	0	0	0	0	0	0	0	0	0	0	0	0	0	0	0
k__Bacteria;p__Firmicutes;c__Clostridia;o__Clostridiales;f__Ruminococcaceae;g__Flavonifractor	90	748	318	11	327	336	0	310	0	3415	77	0	0	53	0	21	269	343	54	254	0	151	0	596	286	0	0	282	278	55	0	522	0	372	123	93	52	0	534	83	0	75	0	221	283	191	196	120	241	0	42	46	24	111	174	0	88	95	179	1427	0	401	0	1131	0	0	0	0	0	0	0	0	0	0	0	0	0	0	0	0	0	0	0	0	0	0	0	0	0	0	0	0	0	0	0	0	0	0	0	0	0	0	0	0	0	0	0	0	0	0	0	0	0	0	0	0	0	0	0	0	0	0	0	0	0	0	0	0	0	0
k__Bacteria;p__Firmicutes;c__Clostridia;o__Clostridiales;f__Ruminococcaceae;g__Hydrogenoanaerobacterium	0	217	165	0	77	0	0	0	0	0	0	0	0	0	0	0	0	0	0	0	0	0	0	0	0	0	0	0	0	0	0	0	0	0	14	89	0	0	528	0	0	0	0	0	85	12	69	17	84	0	0	0	0	0	0	0	0	0	0	0	0	149	0	206	0	0	0	0	0	0	0	0	0	0	0	0	0	0	0	0	0	0	0	0	0	0	0	0	0	0	0	0	0	0	0	0	0	0	0	0	0	0	0	0	0	0	0	0	0	0	0	0	0	0	0	0	0	0	0	0	0	0	0	0	0	0	0	0	0	0
k__Bacteria;p__Firmicutes;c__Clostridia;o__Clostridiales;f__Ruminococcaceae;g__Intestinimonas	0	63	60	0	32	119	0	112	0	0	0	0	0	0	0	0	0	0	0	57	0	32	0	107	252	0	0	70	92	0	0	0	0	19	0	0	0	0	0	0	0	0	0	0	0	0	0	0	0	168	217	259	119	154	0	0	0	0	0	0	0	0	0	0	0	0	0	0	0	0	0	0	0	0	0	0	0	0	0	0	0	0	0	0	0	0	0	0	0	0	0	0	0	0	0	0	0	0	0	0	0	0	0	0	0	0	0	0	0	0	0	0	0	0	0	0	0	0	0	0	0	0	0	0	0	0	0	0	0	0
k__Bacteria;p__Firmicutes;c__Clostridia;o__Clostridiales;f__Ruminococcaceae;g__NA	87	3258	1900	25	1519	1252	14	876	19	2345	1210	0	647	1804	1560	147	580	527	722	2879	107	1558	45	2007	961	114	143	1405	925	230	20	999	15	533	654	913	226	40	3378	516	0	597	15	446	1023	178	681	215	1186	1007	252	1560	285	1105	738	112	651	621	1562	5907	17	4061	43	3944	770	815	643	735	812	981	1354	1113	339	314	392	351	1321	768	1045	799	532	251	573	623	225	488	734	720	801	222	183	234	238	502	1014	283	1618	587	559	747	487	1292	1258	1125	318	96	102	125	98	1263	532	892	1181	1784	986	2190	836	516	633	619	705	751	556	435	626	496	651	1344	282	127
k__Bacteria;p__Firmicutes;c__Clostridia;o__Clostridiales;f__Ruminococcaceae;g__Oscillibacter	0	0	0	0	0	0	0	0	0	0	0	0	0	0	0	0	0	0	0	0	0	0	0	0	0	0	0	0	0	0	0	0	0	0	0	0	0	0	26	0	0	0	0	0	0	0	0	0	0	0	0	0	0	0	0	0	0	0	0	0	0	0	0	0	0	0	0	0	0	0	0	0	0	0	0	0	0	0	0	0	0	0	0	0	0	0	0	0	0	0	0	0	0	0	0	0	0	0	0	0	0	0	0	0	0	0	0	0	0	0	0	0	0	0	0	0	0	0	0	0	0	0	0	0	0	0	0	0	0	0
k__Bacteria;p__Firmicutes;c__Clostridia;o__Clostridiales;f__Ruminococcaceae;g__Ruminiclostridium	23	55	17	0	0	0	0	0	0	2553	415	0	111	315	0	24	158	598	0	28	12	133	0	46	0	12	11	57	17	57	0	252	0	199	438	93	271	0	470	143	0	122	0	230	86	154	80	52	122	42	506	300	185	286	181	222	66	123	298	126	0	135	0	105	0	0	0	0	67	109	118	114	18	11	17	16	35	19	31	0	88	0	133	100	156	82	135	175	188	0	0	0	0	105	204	57	44	74	74	131	103	142	123	93	138	0	0	0	0	42	161	50	57	49	23	66	240	184	199	221	265	238	179	147	216	148	0	107	0	0
k__Bacteria;p__Firmicutes;c__Clostridia;o__Clostridiales;f__Ruminococcaceae;g__Ruminococcus	0	23	27	0	27	16	0	13	0	0	46	0	86	39	0	0	0	0	0	463	289	1175	89	2475	545	303	216	689	312	97	47	46	29	0	331	104	156	129	218	0	0	0	0	0	16	0	0	0	13	44	19	48	0	67	0	0	0	0	1042	37	0	16	0	26	0	0	0	0	3446	4074	5367	5199	44	16	29	28	1238	751	951	627	0	324	382	3443	0	0	0	0	0	291	235	243	271	482	612	134	1957	3009	3010	3967	2726	5426	4978	4743	74	0	0	0	0	38	2524	2844	78	137	43	168	4241	2527	2854	2937	3275	3122	2479	2226	3165	2351	0	6069	21	0
k__Bacteria;p__Firmicutes;c__Clostridia;o__Clostridiales;f__Ruminococcaceae;g__Subdoligranulum	63	156	130	0	108	1068	75	1066	118	733	2161	320	784	1482	2100	829	218	108	442	4207	2071	5022	1402	6278	1601	1287	1390	1876	1036	1125	494	2077	643	1248	3289	1692	2308	1323	3767	551	123	459	236	936	123	302	73	76	88	481	396	978	290	1210	547	640	226	294	1366	1052	46	752	103	923	1563	1907	1548	1443	1280	1570	1932	1857	508	530	685	566	558	434	436	400	349	0	4219	2047	2005	405	511	515	525	0	0	0	0	4667	7021	1985	141	2069	1848	2311	1675	2357	1763	1812	379	3978	4486	4296	2910	932	2122	1442	859	1070	623	1417	3379	2172	2237	2688	2921	2850	2403	2469	3501	2727	1469	2167	486	4148
k__Bacteria;p__Firmicutes;c__Erysipelotrichia;o__Erysipelotrichales;f__Erysipelotrichaceae;g__*Stoquefichus	14	13	26	0	24	0	0	0	0	0	0	0	0	0	0	0	0	0	0	0	0	0	0	0	0	0	0	0	0	0	0	0	0	0	0	0	0	0	0	0	0	0	0	0	16	19	38	128	20	0	0	0	0	0	0	0	0	0	0	0	0	0	0	0	0	0	0	0	0	0	0	0	0	0	0	0	0	0	0	0	0	0	0	0	0	0	0	0	0	0	0	0	0	0	0	0	12	0	0	0	0	0	0	0	0	0	0	0	0	0	0	0	0	0	0	0	0	0	0	0	0	0	0	0	0	0	0	0	0	0
k__Bacteria;p__Firmicutes;c__Erysipelotrichia;o__Erysipelotrichales;f__Erysipelotrichaceae;g__Catenibacterium	0	0	0	0	0	77	0	0	783	0	0	0	22	0	0	98	0	0	21	0	0	0	0	0	0	0	0	0	0	0	0	0	0	0	0	0	0	0	0	132	0	142	0	0	0	0	0	0	0	0	0	0	0	0	0	0	0	0	75	0	0	0	0	0	236	315	251	212	0	0	0	0	151	196	205	198	0	0	0	0	0	0	0	0	0	0	0	0	0	0	0	0	0	0	0	0	0	0	0	0	0	0	0	0	0	0	0	0	0	0	0	0	0	0	0	0	0	0	0	0	0	0	0	0	0	0	179	0	176	0
k__Bacteria;p__Firmicutes;c__Erysipelotrichia;o__Erysipelotrichales;f__Erysipelotrichaceae;g__Coprobacillus	26	418	425	0	355	0	0	0	0	0	0	0	0	0	0	0	0	0	0	0	0	0	0	12	0	0	0	0	0	0	0	0	0	0	0	0	0	0	0	0	0	0	0	0	151	35	193	36	219	0	0	39	0	21	0	0	0	0	0	0	0	0	0	0	0	0	0	0	0	0	0	0	0	0	0	0	0	0	0	0	0	0	0	0	0	0	0	0	0	0	0	0	0	0	0	0	23	0	0	0	0	0	0	0	0	0	0	0	0	0	0	0	0	0	0	0	0	0	0	0	0	0	0	0	0	0	0	0	0	0
k__Bacteria;p__Firmicutes;c__Erysipelotrichia;o__Erysipelotrichales;f__Erysipelotrichaceae;g__Dielma	48	646	733	51	544	60	0	72	0	0	0	0	0	0	66	0	0	0	0	15	0	0	0	43	37	0	0	61	146	0	0	17	0	0	31	0	15	0	74	0	0	0	0	0	53	14	46	39	184	0	0	0	0	32	0	0	0	0	0	89	0	31	0	53	0	0	0	0	0	0	0	0	0	0	0	0	0	0	0	0	0	0	0	0	0	0	0	0	0	0	0	0	0	0	0	0	0	0	0	0	0	0	0	0	0	0	0	0	0	0	0	0	0	0	0	0	0	0	0	0	0	0	0	0	0	0	0	0	0	0
k__Bacteria;p__Firmicutes;c__Erysipelotrichia;o__Erysipelotrichales;f__Erysipelotrichaceae;g__Erysipelatoclostridium	0	0	0	0	0	0	0	0	0	85	0	0	0	0	0	46	35	25	18	0	0	0	0	0	0	0	0	0	0	0	0	0	0	0	37	0	31	0	76	0	0	0	0	0	0	0	0	0	0	37	20	63	0	80	145	0	31	43	0	0	0	0	0	0	0	0	0	0	0	0	0	0	0	0	0	0	74	19	45	25	0	0	17	0	25	0	0	0	0	0	0	0	0	12	28	0	27	0	0	0	0	0	0	0	177	70	101	147	91	13	14	11	16	17	0	40	27	27	30	25	28	24	12	37	50	19	0	0	0	154
k__Bacteria;p__Firmicutes;c__Erysipelotrichia;o__Erysipelotrichales;f__Erysipelotrichaceae;g__Faecalitalea	61	152	146	15	119	0	0	32	0	0	0	0	0	0	0	0	0	0	0	0	0	0	0	0	0	0	0	0	0	0	0	0	0	0	0	0	0	0	0	0	0	0	0	0	30	0	0	0	44	0	0	0	0	30	0	0	0	0	0	0	0	0	0	0	0	0	0	0	0	0	0	0	0	0	0	0	308	225	217	196	0	18	0	0	0	0	0	0	0	17	18	11	21	0	0	0	129	0	0	0	0	0	0	0	26	47	69	75	64	0	0	116	0	0	0	0	0	0	0	0	0	0	0	0	0	0	0	0	0	69
k__Bacteria;p__Firmicutes;c__Erysipelotrichia;o__Erysipelotrichales;f__Erysipelotrichaceae;g__Holdemanella	35	294	0	0	0	0	0	0	0	0	26	0	382	19	124	2547	685	349	1586	0	0	0	0	0	0	0	0	0	0	160	29	309	30	119	0	0	0	0	0	4129	196	2750	1705	2128	0	19	0	0	0	41	331	117	26	0	0	0	0	0	121	2439	61	1119	151	993	1573	1960	1659	1480	0	0	0	0	388	393	550	526	0	0	0	0	0	0	499	0	0	0	0	0	0	0	0	0	0	295	794	89	0	0	0	0	0	63	59	61	6559	0	0	0	0	460	0	0	1083	1366	293	1859	0	0	0	0	0	0	0	0	0	0	1439	0	398	0
k__Bacteria;p__Firmicutes;c__Erysipelotrichia;o__Erysipelotrichales;f__Erysipelotrichaceae;g__Holdemania	90	334	180	34	147	60	0	128	0	170	66	0	0	30	0	0	0	0	0	0	0	0	0	0	22	0	0	14	0	0	0	42	0	27	33	24	16	0	93	0	0	0	0	0	52	22	18	15	24	32	0	42	11	25	20	0	0	14	0	81	0	34	0	63	0	0	0	0	0	0	0	12	0	0	0	0	0	0	0	0	0	0	0	0	0	0	0	0	0	0	0	0	0	0	0	0	0	0	0	0	0	0	0	0	0	0	0	0	0	0	0	0	0	0	0	0	0	0	0	0	0	0	0	0	0	0	0	0	0	0
k__Bacteria;p__Firmicutes;c__Erysipelotrichia;o__Erysipelotrichales;f__Erysipelotrichaceae;g__NA	194	583	485	80	436	26	0	0	0	57	28	0	18	16	0	0	233	211	14	348	96	156	30	383	281	120	91	342	549	19	14	0	0	34	269	61	124	84	213	17	0	0	0	26	309	146	165	90	268	0	0	0	0	0	30	0	0	12	447	684	33	424	44	638	2053	2620	2213	1811	298	388	618	561	0	0	0	0	15	0	17	0	287	954	550	298	687	258	348	313	382	833	664	744	796	373	930	186	2468	262	313	382	276	693	506	528	0	93	138	173	136	510	644	219	734	775	251	1149	824	427	563	733	738	743	576	468	760	565	1776	698	0	175
k__Bacteria;p__Firmicutes;c__Erysipelotrichia;o__Erysipelotrichales;f__Erysipelotrichaceae;g__Solobacterium	120	0	0	0	0	0	0	0	0	0	4253	2273	7722	4078	2897	0	0	0	0	0	0	0	0	0	0	0	0	0	0	11588	9127	13669	12059	7852	0	0	0	0	0	0	0	0	0	0	24	49	40	0	0	0	34	0	0	0	0	0	0	0	0	0	0	0	0	0	136	163	161	137	0	0	0	0	0	0	0	0	0	0	0	0	0	0	624	0	0	0	0	0	0	0	0	0	0	448	1090	157	0	0	0	0	0	0	0	0	0	0	0	0	0	0	0	0	0	0	0	0	0	0	0	0	0	0	0	0	0	0	164	0	0	0
k__Bacteria;p__Firmicutes;c__Erysipelotrichia;o__Erysipelotrichales;f__Erysipelotrichaceae;g__Turicibacter	187	560	418	146	341	236	252	175	153	34	297	200	156	146	75	245	402	466	157	224	182	79	76	205	198	281	222	154	176	348	261	274	405	241	0	0	0	0	0	0	0	0	0	0	527	337	291	189	365	113	157	102	62	182	0	0	0	0	184	0	0	0	0	0	186	290	185	227	0	0	12	0	755	790	997	1063	661	731	601	556	0	813	1112	101	0	0	12	12	16	550	590	713	630	1199	1793	335	1854	72	88	114	68	0	0	0	59	166	249	321	299	0	199	349	0	0	0	0	282	190	155	258	283	258	175	249	341	197	179	0	680	305
k__Bacteria;p__Firmicutes;c__Negativicutes;o__Selenomonadales;f__Acidaminococcaceae;g__Acidaminococcus	127	0	11	71	0	0	0	0	0	0	0	0	0	0	0	0	0	0	0	0	0	0	0	0	0	0	0	0	0	0	0	0	0	0	0	0	0	0	0	0	0	0	0	0	0	200	0	0	0	0	0	0	0	0	0	0	0	0	51	0	0	0	0	0	0	0	0	0	0	0	0	0	0	0	0	0	0	0	0	0	0	0	0	0	0	0	0	0	0	0	0	0	0	0	0	0	0	0	0	0	0	0	0	0	0	0	0	0	0	0	0	0	0	0	0	0	0	0	0	0	0	0	0	0	0	0	0	0	0	0
k__Bacteria;p__Firmicutes;c__Negativicutes;o__Selenomonadales;f__Acidaminococcaceae;g__Phascolarctobacterium	0	0	0	0	0	0	0	0	0	0	321	0	167	158	0	399	173	151	410	0	0	0	0	0	0	0	0	0	0	0	0	19	0	116	0	0	0	0	0	97	0	0	0	0	31	24	0	0	0	73	189	196	175	256	493	46	175	317	173	0	0	0	0	0	0	0	0	0	0	0	0	0	0	0	0	0	0	0	0	0	0	0	0	0	0	0	0	0	0	0	0	0	0	0	0	0	0	0	0	0	0	0	0	0	0	0	0	0	0	0	0	0	0	0	0	0	0	0	0	0	0	0	0	0	0	0	0	0	0	0
k__Bacteria;p__Firmicutes;c__Negativicutes;o__Selenomonadales;f__Acidaminococcaceae;g__Succiniclasticum	106	265	229	47	123	0	0	0	0	0	26	0	23	17	0	0	0	0	0	0	0	0	0	0	0	0	0	0	0	0	0	0	0	0	0	0	0	0	0	0	0	0	0	0	157	70	206	116	269	0	0	0	0	0	0	0	0	0	0	0	0	0	0	0	0	0	0	0	0	0	0	0	0	0	0	0	0	0	0	0	0	27	0	0	0	0	0	0	0	22	17	20	29	0	0	0	146	0	0	0	0	0	0	0	19	0	0	0	0	0	0	0	0	0	0	0	0	0	0	0	0	0	0	0	0	0	0	0	0	0
k__Bacteria;p__Firmicutes;c__Negativicutes;o__Selenomonadales;f__Veillonellaceae;g__Dialister	250	695	532	193	375	0	0	0	0	0	0	0	35	0	0	0	0	0	0	0	0	0	0	0	0	0	0	0	0	0	0	0	0	0	0	99	0	0	51	0	0	13	0	0	67	330	72	120	94	0	0	0	0	0	0	0	0	0	45	0	0	0	0	0	0	0	0	0	104	166	200	183	0	0	0	0	0	0	0	0	0	0	0	43	0	0	17	0	14	0	0	0	0	0	0	0	70	35	40	70	55	334	221	243	0	23	38	84	49	0	0	29	0	0	0	0	0	0	0	0	0	0	0	0	0	0	0	266	0	42
k__Bacteria;p__Firmicutes;c__Negativicutes;o__Selenomonadales;f__Veillonellaceae;g__Megasphaera	3003	103	92	1383	0	0	0	0	0	0	37	0	2096	231	544	0	0	0	0	0	0	0	0	0	0	0	0	0	0	0	0	0	0	0	0	0	0	0	0	0	0	0	0	0	767	4697	616	2168	0	0	63	17	11	0	31	16374	559	136	113	0	0	0	0	0	0	0	0	0	0	0	0	0	0	0	0	0	0	0	0	0	0	0	0	0	0	0	0	0	0	0	0	0	0	0	0	0	0	0	0	0	0	0	0	0	0	0	0	0	0	0	0	0	0	0	0	0	0	0	0	0	0	0	0	0	0	0	0	0	0	0
k__Bacteria;p__Firmicutes;c__Negativicutes;o__Selenomonadales;f__Veillonellaceae;g__Negativicoccus	0	0	0	0	0	0	0	0	0	0	0	0	0	0	0	0	53	20	0	808	0	32	0	29	0	0	0	0	0	0	0	0	0	0	0	20	0	0	121	0	0	0	0	0	0	93	0	11	0	0	50	0	16	14	0	0	0	0	0	0	0	0	0	0	0	0	0	0	0	0	0	0	0	0	0	0	0	0	0	0	0	0	0	0	0	0	0	0	0	0	0	0	0	0	0	0	0	0	0	0	0	0	0	0	0	0	0	0	0	0	0	0	0	0	0	0	0	0	0	0	0	0	0	0	0	0	0	0	0	0
k__Bacteria;p__Fusobacteria;c__Fusobacteriia;o__Fusobacteriales;f__Fusobacteriaceae;g__Fusobacterium	0	15	0	0	0	0	0	0	0	0	46	0	0	0	0	0	0	0	0	0	0	0	0	0	0	0	0	0	0	0	0	0	0	0	0	0	0	0	0	0	0	0	0	0	58	23	45	0	19	0	0	0	0	0	0	0	0	0	0	0	0	0	0	0	0	0	0	0	0	0	0	0	0	0	0	0	0	0	0	0	0	0	0	0	0	0	0	0	0	0	0	0	0	0	0	0	31	0	0	0	0	0	0	0	0	0	0	0	0	0	0	0	0	0	0	0	0	0	0	0	0	0	0	0	0	0	0	0	0	0
k__Bacteria;p__Lentisphaerae;c__Lentisphaeria;o__Victivallales;f__Victivallaceae;g__Victivallis	0	0	0	0	0	0	0	0	0	0	0	0	0	0	0	0	0	0	0	0	0	0	0	0	0	0	0	0	0	0	0	0	0	0	0	0	0	0	11	0	0	0	0	0	0	0	0	0	0	0	0	0	0	0	0	0	0	0	0	0	0	0	0	0	0	0	0	0	0	0	0	0	0	0	0	0	0	0	0	0	0	0	0	0	0	0	0	0	0	0	0	0	0	0	0	0	0	0	0	0	0	0	0	0	0	0	0	0	0	0	0	0	0	0	0	0	0	0	0	0	0	0	0	0	0	0	0	0	0	0
k__Bacteria;p__Proteobacteria;c__Alphaproteobacteria;o__Rhizobiales;f__Bradyrhizobiaceae;g__Afipia-Bradyrhizobium	0	0	0	0	0	0	0	0	0	0	0	0	0	0	153	0	0	0	0	0	0	0	0	0	0	0	0	0	0	0	0	0	0	0	0	0	0	0	0	0	0	0	0	0	0	0	0	0	0	0	0	0	0	0	0	0	0	0	0	0	0	0	0	0	0	0	0	0	0	0	0	0	0	0	0	0	0	0	0	0	0	0	0	0	0	0	0	0	0	0	0	0	0	0	0	0	0	0	0	0	0	0	0	0	0	0	0	0	0	0	0	0	0	0	0	0	0	0	0	0	0	0	0	0	0	0	0	0	0	0
k__Bacteria;p__Proteobacteria;c__Betaproteobacteria;o__Burkholderiales;f__Alcaligenaceae;g__Parasutterella	108	195	160	25	110	0	0	0	0	0	440	0	0	145	56	0	51	0	0	48	0	78	0	55	203	0	0	157	138	159	0	566	0	690	84	94	75	0	244	0	0	0	0	0	282	204	104	70	402	87	220	204	103	63	0	0	0	0	42	0	0	0	0	0	0	0	0	0	0	0	0	0	0	0	0	0	0	0	0	0	0	0	0	0	0	0	0	0	0	0	0	0	0	0	0	0	0	0	0	0	0	0	0	0	0	0	0	0	0	0	0	0	0	0	0	0	0	0	0	0	0	0	0	0	0	0	0	0	0	0
k__Bacteria;p__Proteobacteria;c__Betaproteobacteria;o__Burkholderiales;f__Alcaligenaceae;g__Sutterella	0	0	0	0	0	0	0	0	0	0	32	0	0	81	431	506	165	225	241	0	0	0	0	0	0	0	0	0	0	0	0	0	0	0	0	0	0	0	0	523	0	402	0	710	0	12	0	0	0	0	45	21	79	20	0	0	171	23	73	1059	11	711	64	475	0	0	0	0	0	0	0	0	0	0	0	0	0	0	0	0	0	0	0	0	0	0	0	0	0	0	0	0	0	0	0	0	0	0	0	0	0	0	0	0	0	0	0	0	0	0	0	0	0	0	0	0	0	0	0	0	0	0	0	0	0	0	0	0	0	0
k__Bacteria;p__Proteobacteria;c__Betaproteobacteria;o__Burkholderiales;f__Oxalobacteraceae;g__Oxalobacter	0	0	0	0	0	0	0	0	0	0	0	0	0	0	0	0	0	0	0	0	0	0	0	0	0	0	0	0	0	0	0	0	0	0	0	0	0	0	0	0	0	0	0	0	0	0	0	0	0	0	0	0	0	0	0	0	0	0	0	24	0	0	0	0	0	0	0	0	0	0	0	0	0	0	0	0	0	0	0	0	0	0	0	0	0	0	0	0	0	0	0	0	0	0	0	0	0	0	0	0	0	0	0	0	0	0	0	0	0	0	0	0	0	14	0	0	0	0	0	0	0	0	0	0	0	0	0	0	0	0
k__Bacteria;p__Proteobacteria;c__Deltaproteobacteria;o__Desulfovibrionales;f__Desulfovibrionaceae;g__Bilophila	0	0	0	0	0	0	0	0	0	232	287	0	0	509	0	0	0	0	0	0	0	0	0	0	0	0	0	0	0	0	0	0	0	33	0	13	0	0	88	0	0	0	0	0	116	13	37	0	0	231	0	19	0	0	71	0	12	23	58	127	0	70	0	107	0	0	0	0	0	0	13	0	0	0	0	0	0	0	0	0	0	0	0	0	0	0	0	0	0	0	0	0	0	0	0	0	0	0	0	0	0	0	11	11	0	0	0	0	0	0	0	0	0	0	0	0	0	0	0	0	0	0	0	0	0	0	0	14	0	0
k__Bacteria;p__Proteobacteria;c__Deltaproteobacteria;o__Desulfovibrionales;f__Desulfovibrionaceae;g__Desulfovibrio	0	13	0	0	17	0	0	0	0	0	0	0	0	0	0	0	0	0	0	0	0	0	0	0	0	0	0	0	0	0	0	0	0	0	0	0	0	0	0	0	0	0	0	0	0	0	0	0	0	0	0	0	0	0	0	0	0	0	0	0	0	0	0	0	0	0	0	0	0	0	12	0	0	0	0	0	0	0	0	0	0	0	0	0	0	0	0	0	0	0	0	0	0	0	0	0	11	0	0	0	0	0	0	0	0	0	0	0	0	0	0	0	0	0	0	0	0	0	0	0	0	0	0	0	0	0	0	0	0	0
k__Bacteria;p__Proteobacteria;c__Gammaproteobacteria;o__Enterobacteriales;f__Enterobacteriaceae;g__Buttiauxella-Kluyvera	0	0	0	0	0	0	0	0	0	0	0	0	0	0	0	0	0	0	0	0	0	0	0	0	0	0	0	0	0	0	0	0	0	0	0	0	0	0	0	0	0	0	0	0	0	0	0	0	0	0	0	0	0	0	104	0	33	94	59	0	0	0	0	0	0	0	0	0	0	0	0	0	0	0	0	0	0	0	0	0	0	0	0	0	0	0	0	0	0	0	0	0	0	0	0	0	0	0	0	0	0	0	0	0	0	0	0	0	0	0	0	0	0	0	0	0	0	0	0	0	0	0	0	0	0	0	0	0	0	0
k__Bacteria;p__Proteobacteria;c__Gammaproteobacteria;o__Enterobacteriales;f__Enterobacteriaceae;g__Citrobacter	0	0	0	0	0	0	0	0	0	0	0	0	0	0	0	0	0	0	0	0	0	0	0	0	0	0	0	0	0	0	0	0	0	0	0	0	0	0	0	0	0	0	0	0	0	0	0	0	0	0	0	0	0	0	1447	35	352	926	736	0	0	0	0	0	0	0	0	0	0	0	0	0	0	0	0	0	0	0	0	0	0	0	0	0	0	0	0	0	0	0	0	0	0	0	0	0	0	0	0	0	0	0	0	0	0	0	0	0	0	0	0	0	0	0	0	0	0	0	0	0	0	0	0	0	0	0	0	0	0	0
k__Bacteria;p__Proteobacteria;c__Gammaproteobacteria;o__Enterobacteriales;f__Enterobacteriaceae;g__Enterobacter	0	0	0	0	0	3464	143	3092	250	0	0	0	0	0	0	0	0	0	0	391	671	2886	1437	3891	2296	339	383	1556	324	0	0	0	0	0	0	0	0	0	0	0	0	0	0	0	0	0	0	0	0	0	0	0	0	0	0	0	0	0	0	0	0	0	0	0	0	0	0	0	0	0	0	0	0	0	0	0	0	0	0	0	0	0	0	0	0	0	0	0	0	0	0	0	0	0	0	0	0	0	0	0	0	0	0	0	0	0	0	0	0	0	0	0	0	0	0	0	0	0	0	0	0	0	0	0	0	0	0	0	0	0
k__Bacteria;p__Proteobacteria;c__Gammaproteobacteria;o__Enterobacteriales;f__Enterobacteriaceae;g__Enterobacter-Kluyvera	0	0	0	0	0	0	0	0	0	0	0	0	0	0	0	0	0	0	0	0	0	0	0	0	0	0	0	0	0	0	0	0	0	0	0	0	0	0	0	0	0	0	0	0	0	0	0	0	0	0	0	0	0	0	441	0	145	505	349	0	0	0	0	0	0	0	0	0	0	0	0	0	0	0	0	0	0	0	0	0	0	0	0	0	0	0	0	0	0	0	0	0	0	0	0	0	0	0	0	0	0	0	0	0	0	0	0	0	0	0	0	0	0	0	0	0	0	0	0	0	0	0	0	0	0	0	0	0	0	0
k__Bacteria;p__Proteobacteria;c__Gammaproteobacteria;o__Enterobacteriales;f__Enterobacteriaceae;g__Escherichia	15831	16409	4277	10457	4829	0	0	0	0	19	52	0	36	63	519	11068	16003	9544	6097	11683	1204	4658	1782	5875	5547	705	967	8745	9010	2153	0	286	0	0	20984	11369	23201	20888	10081	17983	17191	14569	14003	16418	3278	737	2348	1372	1460	179	64	163	18	204	5164	154	3361	5075	9233	1327	24430	1576	36037	78	0	0	0	0	0	0	0	0	0	0	0	0	0	0	0	0	0	21359	0	0	27	0	15	0	0	20517	19577	21223	20847	0	0	0	127	0	0	0	0	0	0	0	38	0	0	0	0	0	0	0	14	21	0	26	0	0	0	0	0	0	0	0	13	0	0	0	0	0
k__Bacteria;p__Proteobacteria;c__Gammaproteobacteria;o__Enterobacteriales;f__Enterobacteriaceae;g__Klebsiella	0	0	0	0	0	0	0	0	0	0	0	0	0	0	103	0	0	0	0	0	0	0	0	0	0	0	0	0	0	0	0	0	0	0	0	0	0	0	0	0	0	0	0	0	0	0	0	0	0	0	0	0	0	0	0	0	0	0	0	0	0	0	0	0	0	0	0	0	0	0	0	0	0	0	0	0	0	0	0	0	0	0	0	0	0	0	0	0	0	0	0	0	0	0	0	0	0	0	0	0	0	0	0	0	0	0	0	0	0	0	0	0	0	0	0	0	0	0	0	0	0	0	0	0	0	0	0	0	0	0
k__Bacteria;p__Proteobacteria;c__Gammaproteobacteria;o__Enterobacteriales;f__Enterobacteriaceae;g__Kluyvera	0	0	0	0	0	0	0	0	0	0	0	0	0	0	0	0	0	0	0	0	0	0	0	0	0	0	0	0	0	0	0	0	0	0	0	0	0	0	0	0	0	0	0	0	0	0	0	0	0	0	0	0	0	0	88	0	33	97	19	0	0	0	0	0	0	0	0	0	0	0	0	0	0	0	0	0	0	0	0	0	0	0	0	0	0	0	0	0	0	0	0	0	0	0	0	0	0	0	0	0	0	0	0	0	0	0	0	0	0	0	0	0	0	0	0	0	0	0	0	0	0	0	0	0	0	0	0	0	0	0
k__Bacteria;p__Proteobacteria;c__Gammaproteobacteria;o__Enterobacteriales;f__Enterobacteriaceae;g__NA	0	0	0	0	0	0	0	0	0	0	0	0	0	0	0	0	0	0	0	0	0	0	0	0	0	0	0	0	0	0	0	0	0	0	0	0	0	0	0	0	0	0	0	0	0	0	0	0	0	0	0	0	0	0	212	21	62	145	95	0	0	0	0	0	0	0	0	0	0	0	0	0	0	0	0	0	0	0	0	0	0	0	0	0	0	0	0	0	0	0	0	0	0	0	0	0	0	0	0	0	0	0	0	0	0	0	0	0	0	0	0	0	0	0	0	0	0	0	0	0	0	0	0	0	0	0	0	0	0	0
k__Bacteria;p__Proteobacteria;c__Gammaproteobacteria;o__Enterobacteriales;f__Enterobacteriaceae;g__Pantoea	0	0	0	0	0	0	0	0	0	0	0	0	0	0	1106	0	0	0	0	0	0	0	0	0	0	0	0	0	0	0	0	0	0	0	0	0	0	0	0	0	0	0	0	0	0	0	0	0	0	0	0	0	0	0	0	0	0	0	135	0	0	0	0	0	0	0	0	0	0	0	0	0	0	0	0	0	0	0	0	0	0	0	0	0	0	0	0	0	0	0	0	0	0	0	0	0	0	0	0	0	0	0	0	0	0	0	0	0	0	0	0	0	0	0	0	0	0	0	0	0	0	0	0	0	0	0	0	0	0	0
k__Bacteria;p__Proteobacteria;c__Gammaproteobacteria;o__Pseudomonadales;f__Moraxellaceae;g__Acinetobacter	0	0	0	0	0	0	0	0	0	0	0	0	0	0	0	0	0	0	0	0	0	0	0	0	0	0	0	0	0	0	0	0	0	0	0	0	0	0	0	0	0	0	0	0	0	0	0	0	0	0	0	0	0	0	0	0	0	0	0	0	0	0	0	0	0	0	0	0	0	0	0	0	0	0	0	0	0	0	0	0	0	9748	0	0	0	0	0	0	0	8718	8846	11872	9081	0	0	0	0	0	0	0	0	0	0	0	0	0	0	0	0	0	0	0	0	0	0	0	0	0	0	0	0	0	0	0	0	0	0	0	0	0
k__Bacteria;p__Proteobacteria;c__Gammaproteobacteria;o__Pseudomonadales;f__Pseudomonadaceae;g__Pseudomonas	0	0	0	0	0	0	0	0	0	0	0	0	0	0	0	0	0	0	0	0	0	0	0	0	0	0	0	0	0	0	0	0	0	0	0	0	0	0	0	0	0	0	0	0	0	0	0	0	0	0	0	0	0	0	0	0	0	0	0	0	0	0	0	0	0	0	0	0	0	0	0	0	0	0	0	0	0	0	0	0	0	0	0	0	0	0	0	0	0	0	12	28	16	0	0	0	23	0	0	0	0	0	0	12	0	0	16	0	11	0	0	0	0	0	0	0	0	0	0	0	0	0	0	0	0	0	0	0	0	0
k__Bacteria;p__Tenericutes;c__Mollicutes;o__NA;f__NA;g__NA	0	0	0	0	0	0	0	0	0	0	0	0	0	0	0	0	0	0	0	0	0	0	0	0	0	0	0	0	0	0	0	0	0	0	0	0	0	0	0	0	0	0	0	0	0	0	0	0	0	0	0	0	0	0	0	0	0	0	0	0	0	0	0	0	0	0	0	0	0	0	0	0	0	0	0	0	0	0	0	0	0	0	0	0	0	0	0	0	0	0	0	0	0	0	0	0	0	0	0	0	0	12	0	0	0	0	0	0	0	0	0	0	0	0	0	0	0	0	0	0	0	0	0	0	0	0	0	13	0	0
k__Bacteria;p__Verrucomicrobia;c__Verrucomicrobiae;o__Verrucomicrobiales;f__Verrucomicrobiaceae;g__Akkermansia	289	970	986	0	665	4057	0	4357	0	332	22	0	0	53	837	2413	3581	3106	2708	323	101	1118	47	571	1645	184	173	2685	380	63	0	24	0	0	874	57	246	28	772	0	0	0	0	0	608	21	546	156	711	558	119	924	36	881	0	0	0	0	360	460	0	121	0	661	520	641	544	474	89	118	149	87	72	55	102	96	0	0	0	0	0	0	0	41	0	0	0	16	13	0	0	0	0	0	0	0	16	23	24	61	19	146	121	79	122	12	13	12	0	0	299	33	0	0	0	0	525	298	263	330	413	481	335	397	633	431	455	126	70	0
